Date,Plant,MachineID,MachineType,Shift,Operator,ProductionUnits,DowntimeHours,Defects,MaintenanceEvent,PlannedProduction,UtilizationRate,DefectRate,PlantProductionCapacity,MachineAge,MachineAgeGroup,YearMonth,ProductionEfficiency,DowntimeImpact,DowntimeImpactUnits
2025-01-01,Plant A,M01,Cutting,Morning,Liam,343,0.4,5,No,363,0.95,0.014577259475218658,6000,3,New,2025-01,0.9449035812672176,0.05509641873278237,20
2025-01-01,Plant A,M02,Cutting,Morning,Sofia,318,0.4,4,No,339,0.95,0.012578616352201259,6000,4,New,2025-01,0.9380530973451328,0.06194690265486724,21
2025-01-01,Plant A,M03,Assembly,Morning,Hugo,272,1.2,6,No,321,0.85,0.022058823529411766,6000,11,Old,2025-01,0.8473520249221184,0.15264797507788164,49
2025-01-01,Plant A,M04,Packaging,Morning,Liam,331,0.9,4,No,377,0.8875,0.012084592145015106,6000,5,Mid-life,2025-01,0.8779840848806366,0.12201591511936338,46
2025-01-01,Plant A,M05,Packaging,Afternoon,Ethan,326,0.9,6,No,375,0.8875,0.018404907975460124,6000,6,Mid-life,2025-01,0.8693333333333333,0.1306666666666667,49
2025-01-01,Plant B,M06,Cutting,Afternoon,Nathan,253,1.0,5,No,294,0.875,0.019762845849802372,4200,7,Mid-life,2025-01,0.8605442176870748,0.1394557823129252,41
2025-01-01,Plant B,M07,Assembly,Afternoon,Ella,194,2.0,6,No,265,0.75,0.030927835051546393,4200,12,Old,2025-01,0.7320754716981132,0.26792452830188684,71
2025-01-01,Plant B,M08,Assembly,Night,Harper,202,1.6,6,No,257,0.8,0.0297029702970297,4200,4,New,2025-01,0.7859922178988327,0.21400778210116733,55
2025-01-01,Plant B,M09,Packaging,Night,Lina,235,1.3,7,No,292,0.8375,0.029787234042553193,4200,8,Mid-life,2025-01,0.8047945205479452,0.1952054794520548,57
2025-01-01,Plant B,M10,Packaging,Night,James,242,1.3,7,No,306,0.8375,0.028925619834710745,4200,6,Mid-life,2025-01,0.7908496732026143,0.20915032679738566,64
2025-01-02,Plant A,M05,Packaging,Morning,Sofia,353,0.8,4,No,402,0.9,0.0113314447592068,6000,6,Mid-life,2025-01,0.8781094527363185,0.12189054726368154,49
2025-01-02,Plant B,M06,Cutting,Morning,Emma,282,0.8,4,No,315,0.9,0.014184397163120567,4200,7,Mid-life,2025-01,0.8952380952380953,0.10476190476190472,33
2025-01-02,Plant B,M07,Assembly,Morning,Ava,227,1.6,6,No,287,0.8,0.02643171806167401,4200,12,Old,2025-01,0.7909407665505227,0.2090592334494773,60
2025-01-02,Plant B,M08,Assembly,Morning,Lucas,258,0.7,3,No,289,0.9125,0.011627906976744186,4200,4,New,2025-01,0.8927335640138409,0.10726643598615915,31
2025-01-02,Plant B,M09,Packaging,Afternoon,Nathan,249,1.4,6,No,314,0.825,0.024096385542168676,4200,8,Mid-life,2025-01,0.7929936305732485,0.20700636942675155,65
2025-01-02,Plant B,M10,Packaging,Afternoon,Ella,271,1.1,6,No,323,0.8625,0.02214022140221402,4200,6,Mid-life,2025-01,0.8390092879256966,0.16099071207430338,52
2025-01-02,Plant C,M11,Cutting,Afternoon,Aria,202,1.4,4,No,253,0.825,0.019801980198019802,3000,2,New,2025-01,0.7984189723320159,0.20158102766798414,51
2025-01-02,Plant C,M12,Cutting,Night,Sami,169,1.5,5,No,222,0.8125,0.029585798816568046,3000,9,Old,2025-01,0.7612612612612613,0.23873873873873874,53
2025-01-02,Plant C,M13,Assembly,Night,Jack,156,1.7,5,No,207,0.7875,0.03205128205128205,3000,5,Mid-life,2025-01,0.7536231884057971,0.24637681159420288,51
2025-01-03,Plant B,M09,Packaging,Morning,Emma,299,0.8,4,No,335,0.9,0.013377926421404682,4200,8,Mid-life,2025-01,0.8925373134328358,0.10746268656716418,36
2025-01-03,Plant B,M10,Packaging,Morning,Ava,321,0.6,4,No,354,0.925,0.012461059190031152,4200,6,Mid-life,2025-01,0.9067796610169492,0.09322033898305082,33
2025-01-03,Plant C,M11,Cutting,Morning,Zoe,229,0.9,3,No,263,0.8875,0.013100436681222707,3000,2,New,2025-01,0.870722433460076,0.12927756653992395,34
2025-01-03,Plant C,M12,Cutting,Morning,Nina,225,0.9,3,No,255,0.8875,0.013333333333333334,3000,9,Old,2025-01,0.8823529411764706,0.11764705882352944,30
2025-01-03,Plant C,M13,Assembly,Afternoon,Owen,181,1.2,3,No,224,0.85,0.016574585635359115,3000,5,Mid-life,2025-01,0.8080357142857143,0.1919642857142857,43
2025-01-03,Plant C,M14,Assembly,Afternoon,Aria,177,1.1,4,No,211,0.8625,0.022598870056497175,3000,3,New,2025-01,0.8388625592417062,0.16113744075829384,34
2025-01-03,Plant C,M15,Packaging,Afternoon,Mila,220,1.5,5,No,280,0.8125,0.022727272727272728,3000,10,Old,2025-01,0.7857142857142857,0.2142857142857143,60
2025-01-03,Plant A,M01,Cutting,Night,Noah,239,1.3,6,No,303,0.8375,0.02510460251046025,6000,3,New,2025-01,0.7887788778877888,0.21122112211221122,64
2025-01-03,Plant A,M02,Cutting,Night,Chloe,250,1.0,7,No,297,0.875,0.028,6000,4,New,2025-01,0.8417508417508418,0.1582491582491582,47
2025-01-06,Plant C,M13,Assembly,Morning,Leo,218,0.6,3,No,239,0.925,0.013761467889908258,3000,5,Mid-life,2025-01,0.9121338912133892,0.08786610878661083,21
2025-01-06,Plant C,M14,Assembly,Morning,Zoe,207,0.9,3,No,232,0.8875,0.014492753623188406,3000,3,New,2025-01,0.8922413793103449,0.10775862068965514,25
2025-01-06,Plant C,M15,Packaging,Morning,Nina,259,0.9,4,No,296,0.8875,0.015444015444015444,3000,10,Old,2025-01,0.875,0.125,37
2025-01-06,Plant A,M01,Cutting,Morning,Liam,328,0.7,3,No,358,0.9125,0.009146341463414634,6000,3,New,2025-01,0.9162011173184358,0.08379888268156421,30
2025-01-06,Plant A,M02,Cutting,Afternoon,Ethan,272,0.8,4,No,313,0.9,0.014705882352941176,6000,4,New,2025-01,0.8690095846645367,0.1309904153354633,41
2025-01-06,Plant A,M03,Assembly,Afternoon,Camille,221,1.7,6,No,295,0.7875,0.027149321266968326,6000,11,Old,2025-01,0.7491525423728813,0.2508474576271187,74
2025-01-06,Plant A,M04,Packaging,Afternoon,Mia,291,1.2,7,No,344,0.85,0.024054982817869417,6000,5,Mid-life,2025-01,0.8459302325581395,0.15406976744186052,53
2025-01-06,Plant A,M05,Packaging,Night,Chloe,269,1.2,7,No,340,0.85,0.026022304832713755,6000,6,Mid-life,2025-01,0.7911764705882353,0.20882352941176474,71
2025-01-06,Plant B,M06,Cutting,Night,Lina,209,1.3,6,No,263,0.8375,0.028708133971291867,4200,7,Mid-life,2025-01,0.7946768060836502,0.2053231939163498,54
2025-01-06,Plant B,M07,Assembly,Night,James,163,2.4,6,No,245,0.7,0.03680981595092025,4200,12,Old,2025-01,0.6653061224489796,0.3346938775510204,82
2025-01-07,Plant A,M02,Cutting,Morning,Sofia,315,0.5,5,No,341,0.9375,0.015873015873015872,6000,4,New,2025-01,0.9237536656891495,0.07624633431085048,26
2025-01-07,Plant A,M03,Assembly,Morning,Hugo,257,1.5,5,No,323,0.8125,0.019455252918287938,6000,11,Old,2025-01,0.7956656346749226,0.20433436532507743,66
2025-01-07,Plant A,M04,Packaging,Morning,Liam,354,0.5,4,No,374,0.9375,0.011299435028248588,6000,5,Mid-life,2025-01,0.946524064171123,0.053475935828877,20
2025-01-07,Plant A,M05,Packaging,Morning,Sofia,379,0.5,5,No,406,0.9375,0.013192612137203167,6000,6,Mid-life,2025-01,0.9334975369458128,0.06650246305418717,27
2025-01-07,Plant B,M06,Cutting,Afternoon,Nathan,244,1.1,5,No,294,0.8625,0.020491803278688523,4200,7,Mid-life,2025-01,0.8299319727891157,0.17006802721088432,50
2025-01-07,Plant B,M07,Assembly,Afternoon,Ella,196,1.8,6,No,265,0.775,0.030612244897959183,4200,12,Old,2025-01,0.7396226415094339,0.2603773584905661,69
2025-01-07,Plant B,M08,Assembly,Afternoon,Mason,233,1.2,5,No,283,0.85,0.02145922746781116,4200,4,New,2025-01,0.823321554770318,0.176678445229682,50
2025-01-07,Plant B,M09,Packaging,Night,Lina,232,1.5,7,No,300,0.8125,0.03017241379310345,4200,8,Mid-life,2025-01,0.7733333333333333,0.22666666666666668,68
2025-01-07,Plant B,M10,Packaging,Night,James,229,1.8,6,No,309,0.775,0.026200873362445413,4200,6,Mid-life,2025-01,0.7411003236245954,0.25889967637540456,80
2025-01-08,Plant B,M06,Cutting,Morning,Emma,274,1.1,4,No,316,0.8625,0.014598540145985401,4200,7,Mid-life,2025-01,0.8670886075949367,0.13291139240506333,42
2025-01-08,Plant B,M07,Assembly,Morning,Ava,214,1.9,5,No,289,0.7625,0.02336448598130841,4200,12,Old,2025-01,0.740484429065744,0.25951557093425603,75
2025-01-08,Plant B,M08,Assembly,Morning,Lucas,272,0.7,4,No,303,0.9125,0.014705882352941176,4200,4,New,2025-01,0.8976897689768977,0.10231023102310233,31
2025-01-08,Plant B,M09,Packaging,Morning,Emma,300,1.0,4,No,348,0.875,0.013333333333333334,4200,8,Mid-life,2025-01,0.8620689655172413,0.13793103448275867,48
2025-01-08,Plant B,M10,Packaging,Afternoon,Ella,272,1.1,5,No,328,0.8625,0.01838235294117647,4200,6,Mid-life,2025-01,0.8292682926829268,0.1707317073170732,56
2025-01-08,Plant C,M11,Cutting,Afternoon,Aria,214,1.1,4,No,253,0.8625,0.018691588785046728,3000,2,New,2025-01,0.8458498023715415,0.1541501976284585,39
2025-01-08,Plant C,M12,Cutting,Afternoon,Mila,202,1.1,5,No,242,0.8625,0.024752475247524754,3000,9,Old,2025-01,0.8347107438016529,0.1652892561983471,40
2025-01-08,Plant C,M13,Assembly,Night,Jack,160,1.8,5,No,217,0.775,0.03125,3000,5,Mid-life,2025-01,0.7373271889400922,0.2626728110599078,57
2025-01-08,Plant C,M14,Assembly,Night,Mila,157,1.6,5,No,205,0.8,0.03184713375796178,3000,3,New,2025-01,0.7658536585365854,0.23414634146341462,48
2025-01-09,Plant B,M10,Packaging,Morning,Ava,329,0.8,6,No,360,0.9,0.0182370820668693,4200,6,Mid-life,2025-01,0.9138888888888889,0.08611111111111114,31
2025-01-09,Plant C,M11,Cutting,Morning,Zoe,238,0.7,3,No,270,0.9125,0.012605042016806723,3000,2,New,2025-01,0.8814814814814815,0.11851851851851847,32
2025-01-09,Plant C,M12,Cutting,Morning,Nina,221,1.0,3,No,259,0.875,0.013574660633484163,3000,9,Old,2025-01,0.8532818532818532,0.14671814671814676,38
2025-01-09,Plant C,M13,Assembly,Morning,Leo,209,0.8,3,No,239,0.9,0.014354066985645933,3000,5,Mid-life,2025-01,0.8744769874476988,0.12552301255230125,30
2025-01-09,Plant C,M14,Assembly,Afternoon,Aria,176,1.2,3,No,218,0.85,0.017045454545454544,3000,3,New,2025-01,0.8073394495412844,0.19266055045871555,42
2025-01-09,Plant C,M15,Packaging,Afternoon,Mila,248,1.0,6,No,296,0.875,0.024193548387096774,3000,10,Old,2025-01,0.8378378378378378,0.16216216216216217,48
2025-01-09,Plant A,M01,Cutting,Afternoon,Mia,304,0.8,6,No,350,0.9,0.019736842105263157,6000,3,New,2025-01,0.8685714285714285,0.13142857142857145,46
2025-01-09,Plant A,M02,Cutting,Night,Chloe,252,1.1,7,No,307,0.8625,0.027777777777777776,6000,4,New,2025-01,0.8208469055374593,0.17915309446254069,55
2025-01-09,Plant A,M03,Assembly,Night,Lucas,200,2.0,7,No,280,0.75,0.035,6000,11,Old,2025-01,0.7142857142857143,0.2857142857142857,80
2025-01-09,Plant A,M04,Packaging,Night,Noah,261,1.3,7,No,325,0.8375,0.02681992337164751,6000,5,Mid-life,2025-01,0.803076923076923,0.19692307692307698,64
2025-01-10,Plant C,M14,Assembly,Morning,Zoe,203,1.1,3,No,238,0.8625,0.014778325123152709,3000,3,New,2025-01,0.8529411764705882,0.1470588235294118,35
2025-01-10,Plant C,M15,Packaging,Morning,Nina,269,0.8,4,No,306,0.9,0.01486988847583643,3000,10,Old,2025-01,0.8790849673202614,0.12091503267973858,37
2025-01-10,Plant A,M01,Cutting,Morning,Liam,317,1.0,4,No,361,0.875,0.012618296529968454,6000,3,New,2025-01,0.8781163434903048,0.12188365650969524,44
2025-01-10,Plant A,M02,Cutting,Morning,Sofia,326,0.4,4,No,343,0.95,0.012269938650306749,6000,4,New,2025-01,0.9504373177842566,0.04956268221574345,17
2025-01-10,Plant A,M03,Assembly,Afternoon,Camille,244,1.4,6,No,301,0.825,0.02459016393442623,6000,11,Old,2025-01,0.8106312292358804,0.18936877076411962,57
2025-01-10,Plant A,M04,Packaging,Afternoon,Mia,295,1.0,5,No,346,0.875,0.01694915254237288,6000,5,Mid-life,2025-01,0.8526011560693642,0.14739884393063585,51
2025-01-10,Plant A,M05,Packaging,Afternoon,Ethan,315,1.0,6,No,372,0.875,0.01904761904761905,6000,6,Mid-life,2025-01,0.8467741935483871,0.15322580645161288,57
2025-01-10,Plant B,M06,Cutting,Night,Lina,235,0.9,7,No,278,0.8875,0.029787234042553193,4200,7,Mid-life,2025-01,0.8453237410071942,0.1546762589928058,43
2025-01-10,Plant B,M07,Assembly,Night,James,164,2.3,7,No,247,0.7125,0.042682926829268296,4200,12,Old,2025-01,0.6639676113360324,0.33603238866396756,83
2025-01-13,Plant A,M03,Assembly,Morning,Hugo,284,1.0,5,No,326,0.875,0.017605633802816902,6000,11,Old,2025-01,0.8711656441717791,0.1288343558282209,42
2025-01-13,Plant A,M04,Packaging,Morning,Liam,348,0.4,5,No,373,0.95,0.014367816091954023,6000,5,Mid-life,2025-01,0.9329758713136729,0.06702412868632712,25
2025-01-13,Plant A,M05,Packaging,Morning,Sofia,351,1.0,4,No,401,0.875,0.011396011396011397,6000,6,Mid-life,2025-01,0.8753117206982544,0.12468827930174564,50
2025-01-13,Plant B,M06,Cutting,Morning,Emma,287,0.8,4,No,321,0.9,0.013937282229965157,4200,7,Mid-life,2025-01,0.8940809968847352,0.10591900311526481,34
2025-01-13,Plant B,M07,Assembly,Afternoon,Ella,198,1.9,6,No,264,0.7625,0.030303030303030304,4200,12,Old,2025-01,0.75,0.25,66
2025-01-13,Plant B,M08,Assembly,Afternoon,Mason,234,1.1,5,No,276,0.8625,0.021367521367521368,4200,4,New,2025-01,0.8478260869565217,0.15217391304347827,42
2025-01-13,Plant B,M09,Packaging,Afternoon,Nathan,256,1.3,5,No,322,0.8375,0.01953125,4200,8,Mid-life,2025-01,0.7950310559006211,0.20496894409937894,66
2025-01-13,Plant B,M10,Packaging,Night,James,244,1.3,7,No,299,0.8375,0.028688524590163935,4200,6,Mid-life,2025-01,0.8160535117056856,0.18394648829431437,55
2025-01-13,Plant C,M11,Cutting,Night,Mila,182,1.3,5,No,228,0.8375,0.027472527472527472,3000,2,New,2025-01,0.7982456140350878,0.20175438596491224,46
2025-01-14,Plant B,M07,Assembly,Morning,Ava,226,1.7,6,No,287,0.7875,0.02654867256637168,4200,12,Old,2025-01,0.7874564459930313,0.21254355400696867,61
2025-01-14,Plant B,M08,Assembly,Morning,Lucas,258,0.8,4,No,291,0.9,0.015503875968992248,4200,4,New,2025-01,0.8865979381443299,0.11340206185567014,33
2025-01-14,Plant B,M09,Packaging,Morning,Emma,331,0.3,5,No,352,0.9625,0.015105740181268883,4200,8,Mid-life,2025-01,0.9403409090909091,0.05965909090909094,21
2025-01-14,Plant B,M10,Packaging,Morning,Ava,307,1.0,5,No,355,0.875,0.016286644951140065,4200,6,Mid-life,2025-01,0.8647887323943662,0.13521126760563384,48
2025-01-14,Plant C,M11,Cutting,Afternoon,Aria,205,1.4,5,No,253,0.825,0.024390243902439025,3000,2,New,2025-01,0.8102766798418972,0.18972332015810278,48
2025-01-14,Plant C,M12,Cutting,Afternoon,Mila,194,1.3,4,No,242,0.8375,0.020618556701030927,3000,9,Old,2025-01,0.8016528925619835,0.19834710743801653,48
2025-01-14,Plant C,M13,Assembly,Afternoon,Owen,190,1.3,4,No,231,0.8375,0.021052631578947368,3000,5,Mid-life,2025-01,0.8225108225108225,0.17748917748917747,41
2025-01-14,Plant C,M14,Assembly,Night,Mila,148,1.9,4,No,205,0.7625,0.02702702702702703,3000,3,New,2025-01,0.7219512195121951,0.2780487804878049,57
2025-01-14,Plant C,M15,Packaging,Night,Sami,202,1.7,7,No,268,0.7875,0.034653465346534656,3000,10,Old,2025-01,0.753731343283582,0.24626865671641796,66
2025-01-14,Plant A,M01,Cutting,Night,Noah,248,1.5,8,No,318,0.8125,0.03225806451612903,6000,3,New,2025-01,0.779874213836478,0.22012578616352196,70
2025-01-15,Plant C,M11,Cutting,Morning,Zoe,264,0.4,4,No,277,0.95,0.015151515151515152,3000,2,New,2025-01,0.9530685920577617,0.04693140794223827,13
2025-01-15,Plant C,M12,Cutting,Morning,Nina,219,1.1,3,No,263,0.8625,0.0136986301369863,3000,9,Old,2025-01,0.8326996197718631,0.16730038022813687,44
2025-01-15,Plant C,M13,Assembly,Morning,Leo,222,0.7,4,No,246,0.9125,0.018018018018018018,3000,5,Mid-life,2025-01,0.9024390243902439,0.09756097560975607,24
2025-01-15,Plant C,M14,Assembly,Morning,Zoe,215,0.6,3,No,243,0.925,0.013953488372093023,3000,3,New,2025-01,0.8847736625514403,0.1152263374485597,28
2025-01-15,Plant C,M15,Packaging,Afternoon,Mila,238,1.3,5,No,290,0.8375,0.02100840336134454,3000,10,Old,2025-01,0.8206896551724138,0.17931034482758623,52
2025-01-15,Plant A,M01,Cutting,Afternoon,Mia,292,1.1,5,No,347,0.8625,0.017123287671232876,6000,3,New,2025-01,0.8414985590778098,0.1585014409221902,55
2025-01-15,Plant A,M02,Cutting,Afternoon,Ethan,278,1.1,5,No,329,0.8625,0.017985611510791366,6000,4,New,2025-01,0.8449848024316109,0.1550151975683891,51
2025-01-15,Plant A,M03,Assembly,Night,Lucas,204,2.0,7,No,285,0.75,0.03431372549019608,6000,11,Old,2025-01,0.7157894736842105,0.28421052631578947,81
2025-01-15,Plant A,M04,Packaging,Night,Noah,262,1.1,6,No,324,0.8625,0.022900763358778626,6000,5,Mid-life,2025-01,0.808641975308642,0.191358024691358,62
2025-01-16,Plant C,M15,Packaging,Morning,Nina,265,1.0,4,No,308,0.875,0.01509433962264151,3000,10,Old,2025-01,0.8603896103896104,0.13961038961038963,43
2025-01-16,Plant A,M01,Cutting,Morning,Liam,324,0.9,5,No,371,0.8875,0.015432098765432098,6000,3,New,2025-01,0.8733153638814016,0.12668463611859837,47
2025-01-16,Plant A,M02,Cutting,Morning,Sofia,323,0.5,3,No,352,0.9375,0.009287925696594427,6000,4,New,2025-01,0.9176136363636364,0.08238636363636365,29
2025-01-16,Plant A,M03,Assembly,Morning,Hugo,269,1.3,6,No,323,0.8375,0.022304832713754646,6000,11,Old,2025-01,0.8328173374613003,0.16718266253869973,54
2025-01-16,Plant A,M04,Packaging,Afternoon,Mia,289,1.1,5,No,350,0.8625,0.01730103806228374,6000,5,Mid-life,2025-01,0.8257142857142857,0.17428571428571427,61
2025-01-16,Plant A,M05,Packaging,Afternoon,Ethan,339,0.7,6,No,379,0.9125,0.017699115044247787,6000,6,Mid-life,2025-01,0.8944591029023746,0.10554089709762537,40
2025-01-16,Plant B,M06,Cutting,Afternoon,Nathan,253,0.9,5,No,296,0.8875,0.019762845849802372,4200,7,Mid-life,2025-01,0.8547297297297297,0.14527027027027029,43
2025-01-16,Plant B,M07,Assembly,Night,James,167,2.4,7,No,249,0.7,0.041916167664670656,4200,12,Old,2025-01,0.6706827309236948,0.3293172690763052,82
2025-01-16,Plant B,M08,Assembly,Night,Harper,211,1.2,6,No,257,0.85,0.02843601895734597,4200,4,New,2025-01,0.8210116731517509,0.17898832684824906,46
2025-01-17,Plant A,M04,Packaging,Morning,Liam,344,0.7,4,No,383,0.9125,0.011627906976744186,6000,5,Mid-life,2025-01,0.8981723237597912,0.10182767624020883,39
2025-01-17,Plant A,M05,Packaging,Morning,Sofia,350,1.1,4,No,412,0.8625,0.011428571428571429,6000,6,Mid-life,2025-01,0.8495145631067961,0.15048543689320393,62
2025-01-17,Plant B,M06,Cutting,Morning,Emma,295,0.6,4,No,322,0.925,0.013559322033898305,4200,7,Mid-life,2025-01,0.9161490683229814,0.08385093167701863,27
2025-01-17,Plant B,M07,Assembly,Morning,Ava,227,1.5,5,No,289,0.8125,0.022026431718061675,4200,12,Old,2025-01,0.7854671280276817,0.2145328719723183,62
2025-01-17,Plant B,M08,Assembly,Afternoon,Mason,228,1.1,5,No,273,0.8625,0.021929824561403508,4200,4,New,2025-01,0.8351648351648352,0.1648351648351648,45
2025-01-17,Plant B,M09,Packaging,Afternoon,Nathan,276,1.0,5,No,324,0.875,0.018115942028985508,4200,8,Mid-life,2025-01,0.8518518518518519,0.14814814814814814,48
2025-01-17,Plant B,M10,Packaging,Afternoon,Ella,276,1.2,6,No,332,0.85,0.021739130434782608,4200,6,Mid-life,2025-01,0.8313253012048193,0.1686746987951807,56
2025-01-17,Plant C,M11,Cutting,Night,Mila,191,1.3,6,No,239,0.8375,0.031413612565445025,3000,2,New,2025-01,0.799163179916318,0.20083682008368198,48
2025-01-17,Plant C,M12,Cutting,Night,Sami,164,1.8,5,No,222,0.775,0.03048780487804878,3000,9,Old,2025-01,0.7387387387387387,0.26126126126126126,58
2025-01-20,Plant B,M08,Assembly,Morning,Lucas,263,0.7,4,No,295,0.9125,0.015209125475285171,4200,4,New,2025-01,0.8915254237288136,0.1084745762711864,32
2025-01-20,Plant B,M09,Packaging,Morning,Emma,298,0.9,4,No,336,0.8875,0.013422818791946308,4200,8,Mid-life,2025-01,0.8869047619047619,0.11309523809523814,38
2025-01-20,Plant B,M10,Packaging,Morning,Ava,313,0.8,5,No,354,0.9,0.01597444089456869,4200,6,Mid-life,2025-01,0.884180790960452,0.11581920903954801,41
2025-01-20,Plant C,M11,Cutting,Morning,Zoe,231,0.7,3,No,263,0.9125,0.012987012987012988,3000,2,New,2025-01,0.8783269961977186,0.12167300380228141,32
2025-01-20,Plant C,M12,Cutting,Afternoon,Mila,192,1.4,4,No,242,0.825,0.020833333333333332,3000,9,Old,2025-01,0.7933884297520661,0.20661157024793386,50
2025-01-20,Plant C,M13,Assembly,Afternoon,Owen,183,1.2,4,No,216,0.85,0.02185792349726776,3000,5,Mid-life,2025-01,0.8472222222222222,0.1527777777777778,33
2025-01-20,Plant C,M14,Assembly,Afternoon,Aria,170,1.4,4,No,216,0.825,0.023529411764705882,3000,3,New,2025-01,0.7870370370370371,0.2129629629629629,46
2025-01-20,Plant C,M15,Packaging,Night,Sami,206,1.5,6,No,263,0.8125,0.02912621359223301,3000,10,Old,2025-01,0.7832699619771863,0.21673003802281365,57
2025-01-20,Plant A,M01,Cutting,Night,Noah,256,1.2,7,No,312,0.85,0.02734375,6000,3,New,2025-01,0.8205128205128205,0.17948717948717952,56
2025-01-20,Plant A,M02,Cutting,Night,Chloe,245,1.1,6,No,293,0.8625,0.024489795918367346,6000,4,New,2025-01,0.8361774744027304,0.16382252559726962,48
2025-01-21,Plant C,M12,Cutting,Morning,Nina,243,0.7,4,No,266,0.9125,0.01646090534979424,3000,9,Old,2025-01,0.9135338345864662,0.0864661654135338,23
2025-01-21,Plant C,M13,Assembly,Morning,Leo,209,1.2,3,No,251,0.85,0.014354066985645933,3000,5,Mid-life,2025-01,0.8326693227091634,0.16733067729083662,42
2025-01-21,Plant C,M14,Assembly,Morning,Zoe,201,1.0,3,No,238,0.875,0.014925373134328358,3000,3,New,2025-01,0.8445378151260504,0.15546218487394958,37
2025-01-21,Plant C,M15,Packaging,Morning,Nina,255,1.1,4,No,309,0.8625,0.01568627450980392,3000,10,Old,2025-01,0.8252427184466019,0.1747572815533981,54
2025-01-21,Plant A,M01,Cutting,Afternoon,Mia,289,0.9,5,No,335,0.8875,0.01730103806228374,6000,3,New,2025-01,0.8626865671641791,0.13731343283582087,46
2025-01-21,Plant A,M02,Cutting,Afternoon,Ethan,277,1.0,5,No,326,0.875,0.018050541516245487,6000,4,New,2025-01,0.8496932515337423,0.1503067484662577,49
2025-01-21,Plant A,M03,Assembly,Afternoon,Camille,227,1.9,6,No,306,0.7625,0.02643171806167401,6000,11,Old,2025-01,0.7418300653594772,0.25816993464052285,79
2025-01-21,Plant A,M04,Packaging,Night,Noah,244,1.8,7,No,330,0.775,0.028688524590163935,6000,5,Mid-life,2025-01,0.7393939393939394,0.2606060606060606,86
2025-01-21,Plant A,M05,Packaging,Night,Chloe,282,1.1,7,No,348,0.8625,0.024822695035460994,6000,6,Mid-life,2025-01,0.8103448275862069,0.18965517241379315,66
2025-01-22,Plant A,M01,Cutting,Morning,Liam,333,0.7,4,No,370,0.9125,0.012012012012012012,6000,3,New,2025-01,0.9,0.09999999999999998,37
2025-01-22,Plant A,M02,Cutting,Morning,Sofia,318,0.8,4,No,359,0.9,0.012578616352201259,6000,4,New,2025-01,0.8857938718662952,0.11420612813370479,41
2025-01-22,Plant A,M03,Assembly,Morning,Hugo,264,1.4,5,No,331,0.825,0.01893939393939394,6000,11,Old,2025-01,0.797583081570997,0.202416918429003,67
2025-01-22,Plant A,M04,Packaging,Morning,Liam,358,0.5,4,No,387,0.9375,0.0111731843575419,6000,5,Mid-life,2025-01,0.9250645994832042,0.07493540051679581,29
2025-01-22,Plant A,M05,Packaging,Afternoon,Ethan,314,1.3,6,No,388,0.8375,0.01910828025477707,6000,6,Mid-life,2025-01,0.8092783505154639,0.19072164948453607,74
2025-01-22,Plant B,M06,Cutting,Afternoon,Nathan,250,0.9,5,No,292,0.8875,0.02,4200,7,Mid-life,2025-01,0.8561643835616438,0.14383561643835618,42
2025-01-22,Plant B,M07,Assembly,Afternoon,Ella,185,2.4,6,No,276,0.7,0.032432432432432434,4200,12,Old,2025-01,0.6702898550724637,0.32971014492753625,91
2025-01-22,Plant B,M08,Assembly,Night,Harper,191,1.8,6,No,262,0.775,0.031413612565445025,4200,4,New,2025-01,0.7290076335877863,0.2709923664122137,71
2025-01-22,Plant B,M09,Packaging,Night,Lina,250,1.1,7,No,308,0.8625,0.028,4200,8,Mid-life,2025-01,0.8116883116883117,0.18831168831168832,58
2025-01-23,Plant A,M05,Packaging,Morning,Sofia,360,0.8,3,No,405,0.9,0.008333333333333333,6000,6,Mid-life,2025-01,0.8888888888888888,0.11111111111111116,45
2025-01-23,Plant B,M06,Cutting,Morning,Emma,299,0.6,4,No,323,0.925,0.013377926421404682,4200,7,Mid-life,2025-01,0.9256965944272446,0.07430340557275539,24
2025-01-23,Plant B,M07,Assembly,Morning,Ava,225,1.7,6,No,287,0.7875,0.02666666666666667,4200,12,Old,2025-01,0.7839721254355401,0.21602787456445993,62
2025-01-23,Plant B,M08,Assembly,Morning,Lucas,253,0.9,4,No,293,0.8875,0.015810276679841896,4200,4,New,2025-01,0.863481228668942,0.13651877133105805,40
2025-01-23,Plant B,M09,Packaging,Afternoon,Nathan,258,1.2,5,No,316,0.85,0.01937984496124031,4200,8,Mid-life,2025-01,0.8164556962025317,0.18354430379746833,58
2025-01-23,Plant B,M10,Packaging,Afternoon,Ella,277,1.2,6,No,339,0.85,0.021660649819494584,4200,6,Mid-life,2025-01,0.8171091445427728,0.18289085545722716,62
2025-01-23,Plant C,M11,Cutting,Afternoon,Aria,210,1.2,4,No,254,0.85,0.01904761904761905,3000,2,New,2025-01,0.8267716535433071,0.17322834645669294,44
2025-01-23,Plant C,M12,Cutting,Night,Sami,176,1.4,6,No,225,0.825,0.03409090909090909,3000,9,Old,2025-01,0.7822222222222223,0.21777777777777774,49
2025-01-23,Plant C,M13,Assembly,Night,Jack,176,1.1,6,No,210,0.8625,0.03409090909090909,3000,5,Mid-life,2025-01,0.8380952380952381,0.16190476190476188,34
2025-01-23,Plant C,M14,Assembly,Night,Mila,165,1.2,5,No,204,0.85,0.030303030303030304,3000,3,New,2025-01,0.8088235294117647,0.19117647058823528,39
2025-01-24,Plant B,M09,Packaging,Morning,Emma,317,0.5,5,No,341,0.9375,0.015772870662460567,4200,8,Mid-life,2025-01,0.9296187683284457,0.0703812316715543,24
2025-01-24,Plant B,M10,Packaging,Morning,Ava,315,0.9,4,No,351,0.8875,0.012698412698412698,4200,6,Mid-life,2025-01,0.8974358974358975,0.10256410256410253,36
2025-01-24,Plant C,M11,Cutting,Morning,Zoe,241,0.8,3,No,270,0.9,0.012448132780082987,3000,2,New,2025-01,0.8925925925925926,0.1074074074074074,29
2025-01-24,Plant C,M12,Cutting,Morning,Nina,236,0.7,3,No,257,0.9125,0.012711864406779662,3000,9,Old,2025-01,0.9182879377431906,0.08171206225680938,21
2025-01-24,Plant C,M13,Assembly,Afternoon,Owen,202,1.0,4,No,236,0.875,0.019801980198019802,3000,5,Mid-life,2025-01,0.8559322033898306,0.14406779661016944,34
2025-01-24,Plant C,M14,Assembly,Afternoon,Aria,178,1.3,4,No,216,0.8375,0.02247191011235955,3000,3,New,2025-01,0.8240740740740741,0.17592592592592593,38
2025-01-24,Plant C,M15,Packaging,Afternoon,Mila,227,1.2,5,No,279,0.85,0.022026431718061675,3000,10,Old,2025-01,0.8136200716845878,0.18637992831541217,52
2025-01-24,Plant A,M01,Cutting,Night,Noah,255,1.0,7,No,311,0.875,0.027450980392156862,6000,3,New,2025-01,0.819935691318328,0.180064308681672,56
2025-01-24,Plant A,M02,Cutting,Night,Chloe,257,0.8,7,No,296,0.9,0.027237354085603113,6000,4,New,2025-01,0.8682432432432432,0.1317567567567568,39
2025-01-27,Plant C,M13,Assembly,Morning,Leo,222,0.6,3,No,241,0.925,0.013513513513513514,3000,5,Mid-life,2025-01,0.921161825726141,0.07883817427385897,19
2025-01-27,Plant C,M14,Assembly,Morning,Zoe,213,0.9,3,No,243,0.8875,0.014084507042253521,3000,3,New,2025-01,0.8765432098765432,0.12345679012345678,30
2025-01-27,Plant C,M15,Packaging,Morning,Nina,268,1.0,4,No,306,0.875,0.014925373134328358,3000,10,Old,2025-01,0.8758169934640523,0.12418300653594772,38
2025-01-27,Plant A,M01,Cutting,Morning,Liam,332,0.5,5,No,356,0.9375,0.015060240963855422,6000,3,New,2025-01,0.9325842696629213,0.0674157303370787,24
2025-01-27,Plant A,M02,Cutting,Afternoon,Ethan,274,0.9,5,No,317,0.8875,0.01824817518248175,6000,4,New,2025-01,0.8643533123028391,0.13564668769716093,43
2025-01-27,Plant A,M03,Assembly,Afternoon,Camille,241,1.3,6,No,300,0.8375,0.024896265560165973,6000,11,Old,2025-01,0.8033333333333333,0.19666666666666666,59
2025-01-27,Plant A,M04,Packaging,Afternoon,Mia,287,0.9,5,No,337,0.8875,0.017421602787456445,6000,5,Mid-life,2025-01,0.8516320474777448,0.1483679525222552,50
2025-01-27,Plant A,M05,Packaging,Night,Chloe,273,1.3,7,No,346,0.8375,0.02564102564102564,6000,6,Mid-life,2025-01,0.7890173410404624,0.2109826589595376,73
2025-01-27,Plant B,M06,Cutting,Night,Lina,219,1.2,6,No,273,0.85,0.0273972602739726,4200,7,Mid-life,2025-01,0.8021978021978022,0.19780219780219777,54
2025-01-28,Plant A,M02,Cutting,Morning,Sofia,313,0.7,4,No,348,0.9125,0.012779552715654952,6000,4,New,2025-01,0.8994252873563219,0.10057471264367812,35
2025-01-28,Plant A,M03,Assembly,Morning,Hugo,263,1.3,5,No,320,0.8375,0.019011406844106463,6000,11,Old,2025-01,0.821875,0.17812499999999998,57
2025-01-28,Plant A,M04,Packaging,Morning,Liam,329,0.8,3,No,373,0.9,0.00911854103343465,6000,5,Mid-life,2025-01,0.8820375335120644,0.11796246648793562,44
2025-01-28,Plant A,M05,Packaging,Morning,Sofia,343,0.9,3,No,404,0.8875,0.008746355685131196,6000,6,Mid-life,2025-01,0.849009900990099,0.150990099009901,61
2025-01-28,Plant B,M06,Cutting,Afternoon,Nathan,235,1.4,5,No,293,0.825,0.02127659574468085,4200,7,Mid-life,2025-01,0.8020477815699659,0.19795221843003408,58
2025-01-28,Plant B,M07,Assembly,Afternoon,Ella,200,1.8,6,No,264,0.775,0.03,4200,12,Old,2025-01,0.7575757575757576,0.24242424242424243,64
2025-01-28,Plant B,M08,Assembly,Afternoon,Mason,235,1.1,5,No,280,0.8625,0.02127659574468085,4200,4,New,2025-01,0.8392857142857143,0.1607142857142857,45
2025-01-28,Plant B,M09,Packaging,Night,Lina,224,1.6,6,No,299,0.8,0.026785714285714284,4200,8,Mid-life,2025-01,0.7491638795986622,0.25083612040133785,75
2025-01-28,Plant B,M10,Packaging,Night,James,232,1.7,6,No,313,0.7875,0.02586206896551724,4200,6,Mid-life,2025-01,0.7412140575079872,0.2587859424920128,81
2025-01-28,Plant C,M11,Cutting,Night,Mila,181,1.7,6,No,235,0.7875,0.03314917127071823,3000,2,New,2025-01,0.7702127659574468,0.2297872340425532,54
2025-01-29,Plant B,M06,Cutting,Morning,Emma,296,0.5,4,No,320,0.9375,0.013513513513513514,4200,7,Mid-life,2025-01,0.925,0.07499999999999996,24
2025-01-29,Plant B,M07,Assembly,Morning,Ava,216,2.0,6,No,286,0.75,0.027777777777777776,4200,12,Old,2025-01,0.7552447552447552,0.2447552447552448,70
2025-01-29,Plant B,M08,Assembly,Morning,Lucas,258,1.0,4,No,297,0.875,0.015503875968992248,4200,4,New,2025-01,0.8686868686868687,0.13131313131313127,39
2025-01-29,Plant B,M09,Packaging,Morning,Emma,310,0.9,5,No,351,0.8875,0.016129032258064516,4200,8,Mid-life,2025-01,0.8831908831908832,0.11680911680911676,41
2025-01-29,Plant B,M10,Packaging,Afternoon,Ella,295,0.8,6,No,338,0.9,0.020338983050847456,4200,6,Mid-life,2025-01,0.8727810650887574,0.1272189349112426,43
2025-01-29,Plant C,M11,Cutting,Afternoon,Aria,202,1.5,5,No,251,0.8125,0.024752475247524754,3000,2,New,2025-01,0.8047808764940239,0.19521912350597614,49
2025-01-29,Plant C,M12,Cutting,Afternoon,Mila,192,1.5,4,No,243,0.8125,0.020833333333333332,3000,9,Old,2025-01,0.7901234567901234,0.2098765432098766,51
2025-01-29,Plant C,M13,Assembly,Night,Jack,161,1.6,5,No,210,0.8,0.031055900621118012,3000,5,Mid-life,2025-01,0.7666666666666667,0.23333333333333328,49
2025-01-29,Plant C,M14,Assembly,Night,Mila,163,1.5,5,No,206,0.8125,0.03067484662576687,3000,3,New,2025-01,0.7912621359223301,0.20873786407766992,43
2025-01-30,Plant B,M10,Packaging,Morning,Ava,317,0.8,4,No,357,0.9,0.012618296529968454,4200,6,Mid-life,2025-01,0.8879551820728291,0.11204481792717091,40
2025-01-30,Plant C,M11,Cutting,Morning,Zoe,235,0.8,3,No,267,0.9,0.01276595744680851,3000,2,New,2025-01,0.8801498127340824,0.11985018726591756,32
2025-01-30,Plant C,M12,Cutting,Morning,Nina,221,0.9,3,No,259,0.8875,0.013574660633484163,3000,9,Old,2025-01,0.8532818532818532,0.14671814671814676,38
2025-01-30,Plant C,M13,Assembly,Morning,Leo,215,1.1,3,No,250,0.8625,0.013953488372093023,3000,5,Mid-life,2025-01,0.86,0.14,35
2025-01-30,Plant C,M14,Assembly,Afternoon,Aria,185,1.0,4,No,217,0.875,0.021621621621621623,3000,3,New,2025-01,0.8525345622119815,0.14746543778801846,32
2025-01-30,Plant C,M15,Packaging,Afternoon,Mila,232,1.4,5,No,291,0.825,0.021551724137931036,3000,10,Old,2025-01,0.7972508591065293,0.20274914089347074,59
2025-01-30,Plant A,M01,Cutting,Afternoon,Mia,280,1.1,5,No,336,0.8625,0.017857142857142856,6000,3,New,2025-01,0.8333333333333334,0.16666666666666663,56
2025-01-30,Plant A,M02,Cutting,Night,Chloe,242,1.2,7,No,300,0.85,0.028925619834710745,6000,4,New,2025-01,0.8066666666666666,0.19333333333333336,58
2025-01-30,Plant A,M03,Assembly,Night,Lucas,194,2.1,7,No,275,0.7375,0.03608247422680412,6000,11,Old,2025-01,0.7054545454545454,0.29454545454545455,81
2025-01-31,Plant C,M14,Assembly,Morning,Zoe,193,1.1,2,No,231,0.8625,0.010362694300518135,3000,3,New,2025-01,0.8354978354978355,0.16450216450216448,38
2025-01-31,Plant C,M15,Packaging,Morning,Nina,262,0.8,4,No,295,0.9,0.015267175572519083,3000,10,Old,2025-01,0.888135593220339,0.11186440677966103,33
2025-01-31,Plant A,M01,Cutting,Morning,Liam,354,0.1,5,No,362,0.9875,0.014124293785310734,6000,3,New,2025-01,0.9779005524861878,0.02209944751381221,8
2025-01-31,Plant A,M02,Cutting,Morning,Sofia,309,0.5,3,No,338,0.9375,0.009708737864077669,6000,4,New,2025-01,0.9142011834319527,0.08579881656804733,29
2025-01-31,Plant A,M03,Assembly,Afternoon,Camille,219,2.0,6,No,294,0.75,0.0273972602739726,6000,11,Old,2025-01,0.7448979591836735,0.2551020408163265,75
2025-01-31,Plant A,M04,Packaging,Afternoon,Mia,303,1.1,5,No,354,0.8625,0.0165016501650165,6000,5,Mid-life,2025-01,0.8559322033898306,0.14406779661016944,51
2025-01-31,Plant A,M05,Packaging,Afternoon,Ethan,322,1.1,6,No,370,0.8625,0.018633540372670808,6000,6,Mid-life,2025-01,0.8702702702702703,0.12972972972972974,48
2025-01-31,Plant B,M06,Cutting,Night,Lina,202,1.6,6,No,266,0.8,0.0297029702970297,4200,7,Mid-life,2025-01,0.7593984962406015,0.24060150375939848,64
2025-01-31,Plant B,M07,Assembly,Night,James,169,2.3,7,No,247,0.7125,0.04142011834319527,4200,12,Old,2025-01,0.6842105263157895,0.3157894736842105,78
2025-02-03,Plant A,M03,Assembly,Morning,Hugo,255,1.4,5,No,321,0.825,0.0196078431372549,6000,11,Old,2025-02,0.794392523364486,0.20560747663551404,66
2025-02-03,Plant A,M04,Packaging,Morning,Liam,347,0.4,4,No,371,0.95,0.011527377521613832,6000,5,Mid-life,2025-02,0.9353099730458221,0.06469002695417791,24
2025-02-03,Plant A,M05,Packaging,Morning,Sofia,346,0.8,4,No,397,0.9,0.011560693641618497,6000,6,Mid-life,2025-02,0.871536523929471,0.128463476070529,51
2025-02-03,Plant B,M06,Cutting,Morning,Emma,281,0.7,4,No,312,0.9125,0.014234875444839857,4200,7,Mid-life,2025-02,0.9006410256410257,0.09935897435897434,31
2025-02-03,Plant B,M07,Assembly,Afternoon,Ella,190,2.0,5,No,268,0.75,0.02631578947368421,4200,12,Old,2025-02,0.7089552238805971,0.29104477611940294,78
2025-02-03,Plant B,M08,Assembly,Afternoon,Mason,229,1.1,5,No,274,0.8625,0.021834061135371178,4200,4,New,2025-02,0.8357664233576643,0.16423357664233573,45
2025-02-03,Plant B,M09,Packaging,Afternoon,Nathan,254,1.3,5,No,317,0.8375,0.01968503937007874,4200,8,Mid-life,2025-02,0.8012618296529969,0.19873817034700314,63
2025-02-03,Plant B,M10,Packaging,Night,James,237,1.5,7,No,301,0.8125,0.029535864978902954,4200,6,Mid-life,2025-02,0.7873754152823921,0.21262458471760792,64
2025-02-03,Plant C,M11,Cutting,Night,Mila,178,1.2,5,No,222,0.85,0.028089887640449437,3000,2,New,2025-02,0.8018018018018018,0.19819819819819817,44
2025-02-03,Plant C,M12,Cutting,Night,Sami,168,1.5,5,No,218,0.8125,0.02976190476190476,3000,9,Old,2025-02,0.7706422018348624,0.22935779816513757,50
2025-02-04,Plant B,M07,Assembly,Morning,Ava,231,1.5,5,No,287,0.8125,0.021645021645021644,4200,12,Old,2025-02,0.8048780487804879,0.19512195121951215,56
2025-02-04,Plant B,M08,Assembly,Morning,Lucas,266,0.8,4,No,301,0.9,0.015037593984962405,4200,4,New,2025-02,0.8837209302325582,0.11627906976744184,35
2025-02-04,Plant B,M09,Packaging,Morning,Emma,286,1.2,4,No,343,0.85,0.013986013986013986,4200,8,Mid-life,2025-02,0.8338192419825073,0.16618075801749266,57
2025-02-04,Plant B,M10,Packaging,Morning,Ava,330,0.5,5,No,361,0.9375,0.015151515151515152,4200,6,Mid-life,2025-02,0.9141274238227147,0.08587257617728528,31
2025-02-04,Plant C,M11,Cutting,Afternoon,Aria,218,1.1,5,No,257,0.8625,0.022935779816513763,3000,2,New,2025-02,0.8482490272373541,0.15175097276264593,39
2025-02-04,Plant C,M12,Cutting,Afternoon,Mila,204,1.3,4,No,247,0.8375,0.0196078431372549,3000,9,Old,2025-02,0.8259109311740891,0.1740890688259109,43
2025-02-04,Plant C,M13,Assembly,Afternoon,Owen,193,1.1,4,No,230,0.8625,0.02072538860103627,3000,5,Mid-life,2025-02,0.8391304347826087,0.16086956521739126,37
2025-02-04,Plant C,M14,Assembly,Night,Mila,149,1.9,5,No,205,0.7625,0.03355704697986577,3000,3,New,2025-02,0.7268292682926829,0.2731707317073171,56
2025-02-04,Plant C,M15,Packaging,Night,Sami,206,1.5,6,No,266,0.8125,0.02912621359223301,3000,10,Old,2025-02,0.7744360902255639,0.22556390977443608,60
2025-02-05,Plant C,M11,Cutting,Morning,Zoe,240,1.1,4,No,281,0.8625,0.016666666666666666,3000,2,New,2025-02,0.8540925266903915,0.14590747330960852,41
2025-02-05,Plant C,M12,Cutting,Morning,Nina,230,0.8,4,No,256,0.9,0.017391304347826087,3000,9,Old,2025-02,0.8984375,0.1015625,26
2025-02-05,Plant C,M13,Assembly,Morning,Leo,218,1.0,4,No,251,0.875,0.01834862385321101,3000,5,Mid-life,2025-02,0.8685258964143426,0.13147410358565736,33
2025-02-05,Plant C,M14,Assembly,Morning,Zoe,215,0.8,2,No,241,0.9,0.009302325581395349,3000,3,New,2025-02,0.8921161825726142,0.10788381742738584,26
2025-02-05,Plant C,M15,Packaging,Afternoon,Mila,260,0.5,6,No,292,0.9375,0.023076923076923078,3000,10,Old,2025-02,0.8904109589041096,0.1095890410958904,32
2025-02-05,Plant A,M01,Cutting,Afternoon,Mia,298,0.8,6,No,344,0.9,0.020134228187919462,6000,3,New,2025-02,0.8662790697674418,0.13372093023255816,46
2025-02-05,Plant A,M02,Cutting,Afternoon,Ethan,257,1.5,5,No,326,0.8125,0.019455252918287938,6000,4,New,2025-02,0.7883435582822086,0.2116564417177914,69
2025-02-05,Plant A,M03,Assembly,Night,Lucas,200,2.1,7,No,288,0.7375,0.035,6000,11,Old,2025-02,0.6944444444444444,0.3055555555555556,88
2025-02-05,Plant A,M04,Packaging,Night,Noah,271,1.1,7,No,330,0.8625,0.025830258302583026,6000,5,Mid-life,2025-02,0.8212121212121212,0.17878787878787883,59
2025-02-06,Plant C,M15,Packaging,Morning,Nina,275,0.8,4,No,311,0.9,0.014545454545454545,3000,10,Old,2025-02,0.8842443729903537,0.11575562700964626,36
2025-02-06,Plant A,M01,Cutting,Morning,Liam,323,0.7,3,No,364,0.9125,0.009287925696594427,6000,3,New,2025-02,0.8873626373626373,0.11263736263736268,41
2025-02-06,Plant A,M02,Cutting,Morning,Sofia,319,0.5,4,No,352,0.9375,0.012539184952978056,6000,4,New,2025-02,0.90625,0.09375,33
2025-02-06,Plant A,M03,Assembly,Morning,Hugo,280,1.0,6,No,324,0.875,0.02142857142857143,6000,11,Old,2025-02,0.8641975308641975,0.13580246913580252,44
2025-02-06,Plant A,M04,Packaging,Afternoon,Mia,286,1.2,5,No,353,0.85,0.017482517482517484,6000,5,Mid-life,2025-02,0.8101983002832861,0.1898016997167139,67
2025-02-06,Plant A,M05,Packaging,Afternoon,Ethan,321,1.0,6,No,374,0.875,0.018691588785046728,6000,6,Mid-life,2025-02,0.8582887700534759,0.14171122994652408,53
2025-02-06,Plant B,M06,Cutting,Afternoon,Nathan,242,1.4,5,No,303,0.825,0.02066115702479339,4200,7,Mid-life,2025-02,0.7986798679867987,0.20132013201320131,61
2025-02-06,Plant B,M07,Assembly,Night,James,167,2.4,7,No,250,0.7,0.041916167664670656,4200,12,Old,2025-02,0.668,0.33199999999999996,83
2025-02-06,Plant B,M08,Assembly,Night,Harper,204,1.3,6,No,256,0.8375,0.029411764705882353,4200,4,New,2025-02,0.796875,0.203125,52
2025-02-06,Plant B,M09,Packaging,Night,Lina,231,1.5,7,No,295,0.8125,0.030303030303030304,4200,8,Mid-life,2025-02,0.7830508474576271,0.2169491525423729,64
2025-02-07,Plant A,M04,Packaging,Morning,Liam,333,0.7,5,No,376,0.9125,0.015015015015015015,6000,5,Mid-life,2025-02,0.8856382978723404,0.11436170212765961,43
2025-02-07,Plant A,M05,Packaging,Morning,Sofia,371,0.3,4,No,396,0.9625,0.01078167115902965,6000,6,Mid-life,2025-02,0.9368686868686869,0.06313131313131315,25
2025-02-07,Plant B,M06,Cutting,Morning,Emma,280,0.7,4,No,313,0.9125,0.014285714285714285,4200,7,Mid-life,2025-02,0.8945686900958466,0.10543130990415339,33
2025-02-07,Plant B,M07,Assembly,Morning,Ava,222,1.7,6,No,285,0.7875,0.02702702702702703,4200,12,Old,2025-02,0.7789473684210526,0.2210526315789474,63
2025-02-07,Plant B,M08,Assembly,Afternoon,Mason,215,1.1,4,No,264,0.8625,0.018604651162790697,4200,4,New,2025-02,0.8143939393939394,0.18560606060606055,49
2025-02-07,Plant B,M09,Packaging,Afternoon,Nathan,255,1.4,5,No,314,0.825,0.0196078431372549,4200,8,Mid-life,2025-02,0.8121019108280255,0.18789808917197448,59
2025-02-07,Plant B,M10,Packaging,Afternoon,Ella,267,1.2,5,No,326,0.85,0.018726591760299626,4200,6,Mid-life,2025-02,0.8190184049079755,0.1809815950920245,59
2025-02-07,Plant C,M11,Cutting,Night,Mila,187,1.4,6,No,235,0.825,0.03208556149732621,3000,2,New,2025-02,0.7957446808510639,0.20425531914893613,48
2025-02-07,Plant C,M12,Cutting,Night,Sami,162,1.7,5,No,214,0.7875,0.030864197530864196,3000,9,Old,2025-02,0.7570093457943925,0.2429906542056075,52
2025-02-10,Plant B,M08,Assembly,Morning,Lucas,259,0.6,4,No,286,0.925,0.015444015444015444,4200,4,New,2025-02,0.9055944055944056,0.09440559440559437,27
2025-02-10,Plant B,M09,Packaging,Morning,Emma,287,0.8,4,No,329,0.9,0.013937282229965157,4200,8,Mid-life,2025-02,0.8723404255319149,0.12765957446808507,42
2025-02-10,Plant B,M10,Packaging,Morning,Ava,286,1.2,5,No,348,0.85,0.017482517482517484,4200,6,Mid-life,2025-02,0.8218390804597702,0.17816091954022983,62
2025-02-10,Plant C,M11,Cutting,Morning,Zoe,232,0.9,4,No,265,0.8875,0.017241379310344827,3000,2,New,2025-02,0.8754716981132076,0.12452830188679243,33
2025-02-10,Plant C,M12,Cutting,Afternoon,Mila,182,1.5,4,No,232,0.8125,0.02197802197802198,3000,9,Old,2025-02,0.7844827586206896,0.2155172413793104,50
2025-02-10,Plant C,M13,Assembly,Afternoon,Owen,180,1.2,4,No,221,0.85,0.022222222222222223,3000,5,Mid-life,2025-02,0.8144796380090498,0.18552036199095023,41
2025-02-10,Plant C,M14,Assembly,Afternoon,Aria,181,1.2,4,No,220,0.85,0.022099447513812154,3000,3,New,2025-02,0.8227272727272728,0.17727272727272725,39
2025-02-10,Plant C,M15,Packaging,Night,Sami,205,1.2,6,No,256,0.85,0.02926829268292683,3000,10,Old,2025-02,0.80078125,0.19921875,51
2025-02-10,Plant A,M01,Cutting,Night,Noah,223,1.9,7,No,309,0.7625,0.03139013452914798,6000,3,New,2025-02,0.7216828478964401,0.2783171521035599,86
2025-02-11,Plant C,M12,Cutting,Morning,Nina,227,0.8,3,No,255,0.9,0.013215859030837005,3000,9,Old,2025-02,0.8901960784313725,0.1098039215686275,28
2025-02-11,Plant C,M13,Assembly,Morning,Leo,213,0.8,3,No,244,0.9,0.014084507042253521,3000,5,Mid-life,2025-02,0.8729508196721312,0.12704918032786883,31
2025-02-11,Plant C,M14,Assembly,Morning,Zoe,209,0.8,3,No,237,0.9,0.014354066985645933,3000,3,New,2025-02,0.8818565400843882,0.11814345991561181,28
2025-02-11,Plant C,M15,Packaging,Morning,Nina,266,0.9,4,No,307,0.8875,0.015037593984962405,3000,10,Old,2025-02,0.8664495114006515,0.13355048859934848,41
2025-02-11,Plant A,M01,Cutting,Afternoon,Mia,288,1.1,6,No,340,0.8625,0.020833333333333332,6000,3,New,2025-02,0.8470588235294118,0.15294117647058825,52
2025-02-11,Plant A,M02,Cutting,Afternoon,Ethan,273,1.1,5,No,324,0.8625,0.018315018315018316,6000,4,New,2025-02,0.8425925925925926,0.15740740740740744,51
2025-02-11,Plant A,M03,Assembly,Afternoon,Camille,212,1.9,5,No,292,0.7625,0.02358490566037736,6000,11,Old,2025-02,0.726027397260274,0.273972602739726,80
2025-02-11,Plant A,M04,Packaging,Night,Noah,258,1.5,7,No,326,0.8125,0.027131782945736434,6000,5,Mid-life,2025-02,0.7914110429447853,0.20858895705521474,68
2025-02-11,Plant A,M05,Packaging,Night,Chloe,271,1.3,7,No,338,0.8375,0.025830258302583026,6000,6,Mid-life,2025-02,0.8017751479289941,0.19822485207100593,67
2025-02-11,Plant B,M06,Cutting,Night,Lina,220,1.3,6,No,274,0.8375,0.02727272727272727,4200,7,Mid-life,2025-02,0.8029197080291971,0.1970802919708029,54
2025-02-12,Plant A,M01,Cutting,Morning,Liam,327,0.6,4,No,362,0.925,0.012232415902140673,6000,3,New,2025-02,0.9033149171270718,0.09668508287292821,35
2025-02-12,Plant A,M02,Cutting,Morning,Sofia,321,0.6,4,No,345,0.925,0.012461059190031152,6000,4,New,2025-02,0.9304347826086956,0.06956521739130439,24
2025-02-12,Plant A,M03,Assembly,Morning,Hugo,276,0.9,5,No,319,0.8875,0.018115942028985508,6000,11,Old,2025-02,0.8652037617554859,0.13479623824451414,43
2025-02-12,Plant A,M04,Packaging,Morning,Liam,325,0.9,5,No,373,0.8875,0.015384615384615385,6000,5,Mid-life,2025-02,0.871313672922252,0.12868632707774796,48
2025-02-12,Plant A,M05,Packaging,Afternoon,Ethan,312,1.1,6,No,373,0.8625,0.019230769230769232,6000,6,Mid-life,2025-02,0.8364611260053619,0.16353887399463807,61
2025-02-12,Plant B,M06,Cutting,Afternoon,Nathan,259,0.7,5,No,300,0.9125,0.019305019305019305,4200,7,Mid-life,2025-02,0.8633333333333333,0.13666666666666671,41
2025-02-12,Plant B,M07,Assembly,Afternoon,Ella,187,2.2,6,No,265,0.725,0.03208556149732621,4200,12,Old,2025-02,0.7056603773584905,0.2943396226415095,78
2025-02-12,Plant B,M08,Assembly,Night,Harper,194,1.7,6,No,258,0.7875,0.030927835051546393,4200,4,New,2025-02,0.751937984496124,0.24806201550387597,64
2025-02-12,Plant B,M09,Packaging,Night,Lina,237,1.3,7,No,294,0.8375,0.029535864978902954,4200,8,Mid-life,2025-02,0.8061224489795918,0.19387755102040816,57
2025-02-13,Plant A,M05,Packaging,Morning,Sofia,335,0.9,3,No,395,0.8875,0.008955223880597015,6000,6,Mid-life,2025-02,0.8481012658227848,0.15189873417721522,60
2025-02-13,Plant B,M06,Cutting,Morning,Emma,278,0.6,3,No,306,0.925,0.01079136690647482,4200,7,Mid-life,2025-02,0.9084967320261438,0.09150326797385622,28
2025-02-13,Plant B,M07,Assembly,Morning,Ava,228,1.5,6,No,277,0.8125,0.02631578947368421,4200,12,Old,2025-02,0.8231046931407943,0.17689530685920574,49
2025-02-13,Plant B,M08,Assembly,Morning,Lucas,257,0.7,3,No,290,0.9125,0.011673151750972763,4200,4,New,2025-02,0.8862068965517241,0.11379310344827587,33
2025-02-13,Plant B,M09,Packaging,Afternoon,Nathan,265,1.0,5,No,312,0.875,0.018867924528301886,4200,8,Mid-life,2025-02,0.8493589743589743,0.15064102564102566,47
2025-02-13,Plant B,M10,Packaging,Afternoon,Ella,268,1.2,6,No,323,0.85,0.022388059701492536,4200,6,Mid-life,2025-02,0.8297213622291022,0.1702786377708978,55
2025-02-13,Plant C,M11,Cutting,Afternoon,Aria,193,1.4,4,No,243,0.825,0.02072538860103627,3000,2,New,2025-02,0.7942386831275721,0.20576131687242794,50
2025-02-13,Plant C,M12,Cutting,Night,Sami,175,1.2,5,No,216,0.85,0.02857142857142857,3000,9,Old,2025-02,0.8101851851851852,0.18981481481481477,41
2025-02-13,Plant C,M13,Assembly,Night,Jack,166,1.5,5,No,210,0.8125,0.030120481927710843,3000,5,Mid-life,2025-02,0.7904761904761904,0.20952380952380956,44
2025-02-14,Plant B,M09,Packaging,Morning,Emma,295,0.9,5,No,330,0.8875,0.01694915254237288,4200,8,Mid-life,2025-02,0.8939393939393939,0.10606060606060608,35
2025-02-14,Plant B,M10,Packaging,Morning,Ava,316,0.6,4,No,341,0.925,0.012658227848101266,4200,6,Mid-life,2025-02,0.9266862170087976,0.07331378299120239,25
2025-02-14,Plant C,M11,Cutting,Morning,Zoe,233,0.7,3,No,258,0.9125,0.012875536480686695,3000,2,New,2025-02,0.9031007751937985,0.0968992248062015,25
2025-02-14,Plant C,M12,Cutting,Morning,Nina,219,0.7,3,No,246,0.9125,0.0136986301369863,3000,9,Old,2025-02,0.8902439024390244,0.1097560975609756,27
2025-02-14,Plant C,M13,Assembly,Afternoon,Owen,190,1.3,4,No,231,0.8375,0.021052631578947368,3000,5,Mid-life,2025-02,0.8225108225108225,0.17748917748917747,41
2025-02-14,Plant C,M14,Assembly,Afternoon,Aria,172,1.1,3,No,212,0.8625,0.01744186046511628,3000,3,New,2025-02,0.8113207547169812,0.18867924528301883,40
2025-02-14,Plant C,M15,Packaging,Afternoon,Mila,231,0.8,5,No,269,0.9,0.021645021645021644,3000,10,Old,2025-02,0.8587360594795539,0.1412639405204461,38
2025-02-14,Plant A,M01,Cutting,Night,Noah,231,1.6,7,No,301,0.8,0.030303030303030304,6000,3,New,2025-02,0.7674418604651163,0.2325581395348837,70
2025-02-14,Plant A,M02,Cutting,Night,Chloe,227,1.4,6,No,285,0.825,0.02643171806167401,6000,4,New,2025-02,0.7964912280701755,0.20350877192982453,58
2025-02-17,Plant C,M13,Assembly,Morning,Leo,203,1.0,3,No,237,0.875,0.014778325123152709,3000,5,Mid-life,2025-02,0.8565400843881856,0.14345991561181437,34
2025-02-17,Plant C,M14,Assembly,Morning,Zoe,194,0.9,3,No,221,0.8875,0.015463917525773196,3000,3,New,2025-02,0.8778280542986425,0.12217194570135748,27
2025-02-17,Plant C,M15,Packaging,Morning,Nina,258,0.9,4,No,293,0.8875,0.015503875968992248,3000,10,Old,2025-02,0.8805460750853242,0.11945392491467577,35
2025-02-17,Plant A,M01,Cutting,Morning,Liam,335,0.4,4,No,351,0.95,0.011940298507462687,6000,3,New,2025-02,0.9544159544159544,0.04558404558404561,16
2025-02-17,Plant A,M02,Cutting,Afternoon,Ethan,263,1.0,4,No,312,0.875,0.015209125475285171,6000,4,New,2025-02,0.842948717948718,0.15705128205128205,49
2025-02-17,Plant A,M03,Assembly,Afternoon,Camille,155,3.2,6,No,285,0.6,0.03870967741935484,6000,11,Old,2025-02,0.543859649122807,0.45614035087719296,130
2025-02-17,Plant A,M04,Packaging,Afternoon,Mia,287,0.9,5,No,336,0.8875,0.017421602787456445,6000,5,Mid-life,2025-02,0.8541666666666666,0.14583333333333337,49
2025-02-17,Plant A,M05,Packaging,Night,Chloe,247,1.7,7,No,330,0.7875,0.02834008097165992,6000,6,Mid-life,2025-02,0.7484848484848485,0.25151515151515147,83
2025-02-17,Plant B,M06,Cutting,Night,Lina,198,1.6,6,No,260,0.8,0.030303030303030304,4200,7,Mid-life,2025-02,0.7615384615384615,0.2384615384615385,62
2025-02-17,Plant B,M07,Assembly,Night,James,164,2.2,7,No,235,0.725,0.042682926829268296,4200,12,Old,2025-02,0.6978723404255319,0.3021276595744681,71
2025-02-18,Plant A,M02,Cutting,Morning,Sofia,302,0.9,3,No,339,0.8875,0.009933774834437087,6000,4,New,2025-02,0.8908554572271387,0.10914454277286134,37
2025-02-18,Plant A,M03,Assembly,Morning,Hugo,178,3.0,6,No,314,0.625,0.033707865168539325,6000,11,Old,2025-02,0.5668789808917197,0.43312101910828027,136
2025-02-18,Plant A,M04,Packaging,Morning,Liam,333,0.7,5,No,372,0.9125,0.015015015015015015,6000,5,Mid-life,2025-02,0.8951612903225806,0.10483870967741937,39
2025-02-18,Plant A,M05,Packaging,Morning,Sofia,370,0.2,4,No,382,0.975,0.010810810810810811,6000,6,Mid-life,2025-02,0.9685863874345549,0.03141361256544506,12
2025-02-18,Plant B,M06,Cutting,Afternoon,Nathan,247,0.9,6,No,287,0.8875,0.024291497975708502,4200,7,Mid-life,2025-02,0.8606271777003485,0.13937282229965153,40
2025-02-18,Plant B,M07,Assembly,Afternoon,Ella,186,2.1,6,No,262,0.7375,0.03225806451612903,4200,12,Old,2025-02,0.7099236641221374,0.29007633587786263,76
2025-02-18,Plant B,M08,Assembly,Afternoon,Mason,216,1.2,4,No,259,0.85,0.018518518518518517,4200,4,New,2025-02,0.833976833976834,0.16602316602316602,43
2025-02-18,Plant B,M09,Packaging,Night,Lina,227,1.2,6,No,283,0.85,0.02643171806167401,4200,8,Mid-life,2025-02,0.8021201413427562,0.19787985865724378,56
2025-02-18,Plant B,M10,Packaging,Night,James,224,1.6,6,No,290,0.8,0.026785714285714284,4200,6,Mid-life,2025-02,0.7724137931034483,0.22758620689655173,66
2025-02-19,Plant B,M06,Cutting,Morning,Emma,281,0.5,3,No,300,0.9375,0.010676156583629894,4200,7,Mid-life,2025-02,0.9366666666666666,0.06333333333333335,19
2025-02-19,Plant B,M07,Assembly,Morning,Ava,229,1.4,5,No,279,0.825,0.021834061135371178,4200,12,Old,2025-02,0.8207885304659498,0.1792114695340502,50
2025-02-19,Plant B,M08,Assembly,Morning,Lucas,260,0.9,4,No,291,0.8875,0.015384615384615385,4200,4,New,2025-02,0.8934707903780069,0.10652920962199308,31
2025-02-19,Plant B,M09,Packaging,Morning,Emma,314,0.5,4,No,335,0.9375,0.012738853503184714,4200,8,Mid-life,2025-02,0.9373134328358209,0.06268656716417909,21
2025-02-19,Plant B,M10,Packaging,Afternoon,Ella,264,1.1,5,No,322,0.8625,0.01893939393939394,4200,6,Mid-life,2025-02,0.8198757763975155,0.18012422360248448,58
2025-02-19,Plant C,M11,Cutting,Afternoon,Aria,200,1.3,4,No,251,0.8375,0.02,3000,2,New,2025-02,0.796812749003984,0.20318725099601598,51
2025-02-19,Plant C,M12,Cutting,Afternoon,Mila,203,0.8,5,No,236,0.9,0.024630541871921183,3000,9,Old,2025-02,0.8601694915254238,0.13983050847457623,33
2025-02-19,Plant C,M13,Assembly,Night,Jack,163,1.6,5,No,208,0.8,0.03067484662576687,3000,5,Mid-life,2025-02,0.7836538461538461,0.21634615384615385,45
2025-02-19,Plant C,M14,Assembly,Night,Mila,141,2.1,4,No,201,0.7375,0.028368794326241134,3000,3,New,2025-02,0.7014925373134329,0.29850746268656714,60
2025-02-20,Plant B,M10,Packaging,Morning,Ava,305,0.8,4,No,346,0.9,0.013114754098360656,4200,6,Mid-life,2025-02,0.8815028901734104,0.11849710982658956,41
2025-02-20,Plant C,M11,Cutting,Morning,Zoe,235,0.9,4,No,271,0.8875,0.01702127659574468,3000,2,New,2025-02,0.8671586715867159,0.1328413284132841,36
2025-02-20,Plant C,M12,Cutting,Morning,Nina,224,0.7,3,No,247,0.9125,0.013392857142857142,3000,9,Old,2025-02,0.9068825910931174,0.09311740890688258,23
2025-02-20,Plant C,M13,Assembly,Morning,Leo,201,1.2,3,No,239,0.85,0.014925373134328358,3000,5,Mid-life,2025-02,0.8410041841004184,0.15899581589958156,38
2025-02-20,Plant C,M14,Assembly,Afternoon,Aria,173,1.2,4,No,210,0.85,0.023121387283236993,3000,3,New,2025-02,0.8238095238095238,0.17619047619047623,37
2025-02-20,Plant C,M15,Packaging,Afternoon,Mila,243,0.9,5,No,279,0.8875,0.0205761316872428,3000,10,Old,2025-02,0.8709677419354839,0.12903225806451613,36
2025-02-20,Plant A,M01,Cutting,Afternoon,Mia,289,0.8,6,No,326,0.9,0.020761245674740483,6000,3,New,2025-02,0.8865030674846626,0.11349693251533743,37
2025-02-20,Plant A,M02,Cutting,Night,Chloe,246,1.0,7,No,291,0.875,0.028455284552845527,6000,4,New,2025-02,0.845360824742268,0.15463917525773196,45
2025-02-20,Plant A,M03,Assembly,Night,Lucas,102,4.5,5,Yes,260,0.4375,0.049019607843137254,6000,11,Old,2025-02,0.3923076923076923,0.6076923076923078,158
2025-02-20,Plant A,M04,Packaging,Night,Noah,244,1.6,6,No,314,0.8,0.02459016393442623,6000,5,Mid-life,2025-02,0.7770700636942676,0.22292993630573243,70
2025-02-21,Plant C,M14,Assembly,Morning,Zoe,194,0.8,3,No,224,0.9,0.015463917525773196,3000,3,New,2025-02,0.8660714285714286,0.1339285714285714,30
2025-02-21,Plant C,M15,Packaging,Morning,Nina,272,0.6,4,No,297,0.925,0.014705882352941176,3000,10,Old,2025-02,0.9158249158249159,0.08417508417508412,25
2025-02-21,Plant A,M01,Cutting,Morning,Liam,297,0.9,4,No,342,0.8875,0.013468013468013467,6000,3,New,2025-02,0.868421052631579,0.13157894736842102,45
2025-02-21,Plant A,M02,Cutting,Morning,Sofia,280,1.0,3,No,323,0.875,0.010714285714285714,6000,4,New,2025-02,0.8668730650154799,0.1331269349845201,43
2025-02-21,Plant A,M03,Assembly,Afternoon,Camille,169,2.9,6,No,287,0.6375,0.03550295857988166,6000,11,Old,2025-02,0.5888501742160279,0.4111498257839721,118
2025-02-21,Plant A,M04,Packaging,Afternoon,Mia,281,1.0,5,No,333,0.875,0.017793594306049824,6000,5,Mid-life,2025-02,0.8438438438438438,0.1561561561561562,52
2025-02-21,Plant A,M05,Packaging,Afternoon,Ethan,294,1.2,6,No,357,0.85,0.02040816326530612,6000,6,Mid-life,2025-02,0.8235294117647058,0.17647058823529416,63
2025-02-21,Plant B,M06,Cutting,Night,Lina,184,1.9,6,No,258,0.7625,0.03260869565217391,4200,7,Mid-life,2025-02,0.7131782945736435,0.28682170542635654,74
2025-02-21,Plant B,M07,Assembly,Night,James,171,2.2,7,No,240,0.725,0.04093567251461988,4200,12,Old,2025-02,0.7125,0.2875,69
2025-02-24,Plant A,M03,Assembly,Morning,Hugo,268,1.0,4,No,306,0.875,0.014925373134328358,6000,11,Old,2025-02,0.8758169934640523,0.12418300653594772,38
2025-02-24,Plant A,M04,Packaging,Morning,Liam,312,0.9,3,No,356,0.8875,0.009615384615384616,6000,5,Mid-life,2025-02,0.8764044943820225,0.1235955056179775,44
2025-02-24,Plant A,M05,Packaging,Morning,Sofia,340,0.8,4,No,381,0.9,0.011764705882352941,6000,6,Mid-life,2025-02,0.8923884514435696,0.1076115485564304,41
2025-02-24,Plant B,M06,Cutting,Morning,Emma,271,0.5,3,No,297,0.9375,0.01107011070110701,4200,7,Mid-life,2025-02,0.9124579124579124,0.08754208754208759,26
2025-02-24,Plant B,M07,Assembly,Afternoon,Ella,182,2.0,5,No,251,0.75,0.027472527472527472,4200,12,Old,2025-02,0.7250996015936255,0.2749003984063745,69
2025-02-24,Plant B,M08,Assembly,Afternoon,Mason,202,1.4,4,No,254,0.825,0.019801980198019802,4200,4,New,2025-02,0.7952755905511811,0.20472440944881887,52
2025-02-24,Plant B,M09,Packaging,Afternoon,Nathan,234,1.4,5,No,293,0.825,0.021367521367521368,4200,8,Mid-life,2025-02,0.7986348122866894,0.20136518771331058,59
2025-02-24,Plant B,M10,Packaging,Night,James,220,1.8,6,No,298,0.775,0.02727272727272727,4200,6,Mid-life,2025-02,0.738255033557047,0.261744966442953,78
2025-02-24,Plant C,M11,Cutting,Night,Mila,166,1.6,5,No,218,0.8,0.030120481927710843,3000,2,New,2025-02,0.7614678899082569,0.23853211009174313,52
2025-02-25,Plant B,M07,Assembly,Morning,Ava,227,1.6,6,No,280,0.8,0.02643171806167401,4200,12,Old,2025-02,0.8107142857142857,0.18928571428571428,53
2025-02-25,Plant B,M08,Assembly,Morning,Lucas,257,0.9,3,No,291,0.8875,0.011673151750972763,4200,4,New,2025-02,0.8831615120274914,0.11683848797250862,34
2025-02-25,Plant B,M09,Packaging,Morning,Emma,291,0.8,4,No,324,0.9,0.013745704467353952,4200,8,Mid-life,2025-02,0.8981481481481481,0.10185185185185186,33
2025-02-25,Plant B,M10,Packaging,Morning,Ava,305,0.5,3,No,336,0.9375,0.009836065573770493,4200,6,Mid-life,2025-02,0.9077380952380952,0.09226190476190477,31
2025-02-25,Plant C,M11,Cutting,Afternoon,Aria,194,1.4,4,No,242,0.825,0.020618556701030927,3000,2,New,2025-02,0.8016528925619835,0.19834710743801653,48
2025-02-25,Plant C,M12,Cutting,Afternoon,Mila,192,1.2,4,No,227,0.85,0.020833333333333332,3000,9,Old,2025-02,0.8458149779735683,0.1541850220264317,35
2025-02-25,Plant C,M13,Assembly,Afternoon,Owen,170,1.6,4,No,218,0.8,0.023529411764705882,3000,5,Mid-life,2025-02,0.7798165137614679,0.22018348623853212,48
2025-02-25,Plant C,M14,Assembly,Night,Mila,150,1.6,4,No,195,0.8,0.02666666666666667,3000,3,New,2025-02,0.7692307692307693,0.23076923076923073,45
2025-02-25,Plant C,M15,Packaging,Night,Sami,206,1.3,6,No,256,0.8375,0.02912621359223301,3000,10,Old,2025-02,0.8046875,0.1953125,50
2025-02-25,Plant A,M01,Cutting,Night,Noah,234,1.3,6,No,295,0.8375,0.02564102564102564,6000,3,New,2025-02,0.7932203389830509,0.2067796610169491,61
2025-02-26,Plant C,M11,Cutting,Morning,Zoe,239,0.6,3,No,261,0.925,0.012552301255230125,3000,2,New,2025-02,0.9157088122605364,0.08429118773946365,22
2025-02-26,Plant C,M12,Cutting,Morning,Nina,226,0.6,3,No,250,0.925,0.01327433628318584,3000,9,Old,2025-02,0.904,0.09599999999999997,24
2025-02-26,Plant C,M13,Assembly,Morning,Leo,212,0.9,3,No,243,0.8875,0.014150943396226415,3000,5,Mid-life,2025-02,0.8724279835390947,0.12757201646090532,31
2025-02-26,Plant C,M14,Assembly,Morning,Zoe,197,0.9,3,No,220,0.8875,0.015228426395939087,3000,3,New,2025-02,0.8954545454545455,0.1045454545454545,23
2025-02-26,Plant C,M15,Packaging,Afternoon,Mila,226,1.3,4,No,275,0.8375,0.017699115044247787,3000,10,Old,2025-02,0.8218181818181818,0.17818181818181822,49
2025-02-26,Plant A,M01,Cutting,Afternoon,Mia,264,1.1,5,No,318,0.8625,0.01893939393939394,6000,3,New,2025-02,0.8301886792452831,0.16981132075471694,54
2025-02-26,Plant A,M02,Cutting,Afternoon,Ethan,274,0.6,4,No,310,0.925,0.014598540145985401,6000,4,New,2025-02,0.8838709677419355,0.11612903225806448,36
2025-02-26,Plant A,M03,Assembly,Night,Lucas,190,2.0,7,No,266,0.75,0.03684210526315789,6000,11,Old,2025-02,0.7142857142857143,0.2857142857142857,76
2025-02-26,Plant A,M04,Packaging,Night,Noah,248,1.3,7,No,318,0.8375,0.028225806451612902,6000,5,Mid-life,2025-02,0.779874213836478,0.22012578616352196,70
2025-02-27,Plant C,M15,Packaging,Morning,Nina,261,0.9,3,No,295,0.8875,0.011494252873563218,3000,10,Old,2025-02,0.8847457627118644,0.11525423728813555,34
2025-02-27,Plant A,M01,Cutting,Morning,Liam,333,0.4,3,No,353,0.95,0.009009009009009009,6000,3,New,2025-02,0.943342776203966,0.056657223796033995,20
2025-02-27,Plant A,M02,Cutting,Morning,Sofia,285,0.9,4,No,327,0.8875,0.014035087719298246,6000,4,New,2025-02,0.8715596330275229,0.12844036697247707,42
2025-02-27,Plant A,M03,Assembly,Morning,Hugo,258,1.3,5,No,308,0.8375,0.01937984496124031,6000,11,Old,2025-02,0.8376623376623377,0.16233766233766234,50
2025-02-27,Plant A,M04,Packaging,Afternoon,Mia,283,0.9,5,No,327,0.8875,0.0176678445229682,6000,5,Mid-life,2025-02,0.8654434250764526,0.13455657492354745,44
2025-02-27,Plant A,M05,Packaging,Afternoon,Ethan,300,0.9,5,No,351,0.8875,0.016666666666666666,6000,6,Mid-life,2025-02,0.8547008547008547,0.14529914529914534,51
2025-02-27,Plant B,M06,Cutting,Afternoon,Nathan,231,1.0,5,No,275,0.875,0.021645021645021644,4200,7,Mid-life,2025-02,0.84,0.16000000000000003,44
2025-02-27,Plant B,M07,Assembly,Night,James,161,2.3,6,No,238,0.7125,0.037267080745341616,4200,12,Old,2025-02,0.6764705882352942,0.32352941176470584,77
2025-02-27,Plant B,M08,Assembly,Night,Harper,190,1.3,5,No,240,0.8375,0.02631578947368421,4200,4,New,2025-02,0.7916666666666666,0.20833333333333337,50
2025-02-28,Plant A,M04,Packaging,Morning,Liam,318,0.7,3,No,351,0.9125,0.009433962264150943,6000,5,Mid-life,2025-02,0.905982905982906,0.09401709401709402,33
2025-02-28,Plant A,M05,Packaging,Morning,Sofia,348,0.6,4,No,380,0.925,0.011494252873563218,6000,6,Mid-life,2025-02,0.9157894736842105,0.08421052631578951,32
2025-02-28,Plant B,M06,Cutting,Morning,Emma,271,0.5,4,No,293,0.9375,0.014760147601476014,4200,7,Mid-life,2025-02,0.9249146757679181,0.07508532423208192,22
2025-02-28,Plant B,M07,Assembly,Morning,Ava,206,1.7,5,No,262,0.7875,0.024271844660194174,4200,12,Old,2025-02,0.7862595419847328,0.2137404580152672,56
2025-02-28,Plant B,M08,Assembly,Afternoon,Mason,222,1.0,4,No,262,0.875,0.018018018018018018,4200,4,New,2025-02,0.8473282442748091,0.15267175572519087,40
2025-02-28,Plant B,M09,Packaging,Afternoon,Nathan,234,1.3,5,No,291,0.8375,0.021367521367521368,4200,8,Mid-life,2025-02,0.8041237113402062,0.19587628865979378,57
2025-02-28,Plant B,M10,Packaging,Afternoon,Ella,265,0.9,5,No,308,0.8875,0.018867924528301886,4200,6,Mid-life,2025-02,0.8603896103896104,0.13961038961038963,43
2025-02-28,Plant C,M11,Cutting,Night,Mila,170,1.6,5,No,222,0.8,0.029411764705882353,3000,2,New,2025-02,0.7657657657657657,0.23423423423423428,52
2025-02-28,Plant C,M12,Cutting,Night,Sami,171,1.3,5,No,214,0.8375,0.029239766081871343,3000,9,Old,2025-02,0.7990654205607477,0.2009345794392523,43
2025-03-03,Plant B,M08,Assembly,Morning,Lucas,267,0.5,4,No,290,0.9375,0.0149812734082397,4200,4,New,2025-03,0.9206896551724137,0.07931034482758625,23
2025-03-03,Plant B,M09,Packaging,Morning,Emma,293,0.8,4,No,331,0.9,0.013651877133105802,4200,8,Mid-life,2025-03,0.8851963746223565,0.11480362537764355,38
2025-03-03,Plant B,M10,Packaging,Morning,Ava,309,0.7,4,No,344,0.9125,0.012944983818770227,4200,6,Mid-life,2025-03,0.8982558139534884,0.10174418604651159,35
2025-03-03,Plant C,M11,Cutting,Morning,Zoe,234,0.9,3,No,258,0.8875,0.01282051282051282,3000,2,New,2025-03,0.9069767441860465,0.09302325581395354,24
2025-03-03,Plant C,M12,Cutting,Afternoon,Mila,197,1.0,4,No,231,0.875,0.02030456852791878,3000,9,Old,2025-03,0.8528138528138528,0.1471861471861472,34
2025-03-03,Plant C,M13,Assembly,Afternoon,Owen,176,1.5,4,No,223,0.8125,0.022727272727272728,3000,5,Mid-life,2025-03,0.7892376681614349,0.21076233183856508,47
2025-03-03,Plant C,M14,Assembly,Afternoon,Aria,157,1.6,4,No,202,0.8,0.025477707006369428,3000,3,New,2025-03,0.7772277227722773,0.22277227722772275,45
2025-03-03,Plant C,M15,Packaging,Night,Sami,197,1.4,6,No,249,0.825,0.030456852791878174,3000,10,Old,2025-03,0.7911646586345381,0.2088353413654619,52
2025-03-03,Plant A,M01,Cutting,Night,Noah,228,1.5,7,No,300,0.8125,0.03070175438596491,6000,3,New,2025-03,0.76,0.24,72
2025-03-03,Plant A,M02,Cutting,Night,Chloe,225,1.3,6,No,287,0.8375,0.02666666666666667,6000,4,New,2025-03,0.7839721254355401,0.21602787456445993,62
2025-03-04,Plant C,M12,Cutting,Morning,Nina,208,0.9,3,No,242,0.8875,0.014423076923076924,3000,9,Old,2025-03,0.859504132231405,0.14049586776859502,34
2025-03-04,Plant C,M13,Assembly,Morning,Leo,204,1.1,3,No,241,0.8625,0.014705882352941176,3000,5,Mid-life,2025-03,0.8464730290456431,0.15352697095435686,37
2025-03-04,Plant C,M14,Assembly,Morning,Zoe,197,1.1,3,No,230,0.8625,0.015228426395939087,3000,3,New,2025-03,0.8565217391304348,0.14347826086956517,33
2025-03-04,Plant C,M15,Packaging,Morning,Nina,278,0.5,3,No,300,0.9375,0.01079136690647482,3000,10,Old,2025-03,0.9266666666666666,0.07333333333333336,22
2025-03-04,Plant A,M01,Cutting,Afternoon,Mia,291,1.0,5,No,333,0.875,0.01718213058419244,6000,3,New,2025-03,0.8738738738738738,0.12612612612612617,42
2025-03-04,Plant A,M02,Cutting,Afternoon,Ethan,257,1.4,5,No,316,0.825,0.019455252918287938,6000,4,New,2025-03,0.8132911392405063,0.18670886075949367,59
2025-03-04,Plant A,M03,Assembly,Afternoon,Camille,225,1.7,6,No,294,0.7875,0.02666666666666667,6000,11,Old,2025-03,0.7653061224489796,0.23469387755102045,69
2025-03-04,Plant A,M04,Packaging,Night,Noah,266,1.0,7,No,318,0.875,0.02631578947368421,6000,5,Mid-life,2025-03,0.8364779874213837,0.16352201257861632,52
2025-03-04,Plant A,M05,Packaging,Night,Chloe,286,1.0,8,No,338,0.875,0.027972027972027972,6000,6,Mid-life,2025-03,0.8461538461538461,0.15384615384615385,52
2025-03-05,Plant A,M01,Cutting,Morning,Liam,318,0.6,3,No,356,0.925,0.009433962264150943,6000,3,New,2025-03,0.8932584269662921,0.1067415730337079,38
2025-03-05,Plant A,M02,Cutting,Morning,Sofia,297,0.9,4,No,342,0.8875,0.013468013468013467,6000,4,New,2025-03,0.868421052631579,0.13157894736842102,45
2025-03-05,Plant A,M03,Assembly,Morning,Hugo,257,1.4,5,No,317,0.825,0.019455252918287938,6000,11,Old,2025-03,0.8107255520504731,0.18927444794952686,60
2025-03-05,Plant A,M04,Packaging,Morning,Liam,347,0.3,4,No,372,0.9625,0.011527377521613832,6000,5,Mid-life,2025-03,0.9327956989247311,0.06720430107526887,25
2025-03-05,Plant A,M05,Packaging,Afternoon,Ethan,304,1.1,7,No,366,0.8625,0.023026315789473683,6000,6,Mid-life,2025-03,0.8306010928961749,0.1693989071038251,62
2025-03-05,Plant B,M06,Cutting,Afternoon,Nathan,232,1.2,5,No,285,0.85,0.021551724137931036,4200,7,Mid-life,2025-03,0.8140350877192982,0.18596491228070178,53
2025-03-05,Plant B,M07,Assembly,Afternoon,Ella,206,1.6,7,No,265,0.8,0.03398058252427184,4200,12,Old,2025-03,0.7773584905660378,0.22264150943396221,59
2025-03-05,Plant B,M08,Assembly,Night,Harper,197,1.5,6,No,251,0.8125,0.030456852791878174,4200,4,New,2025-03,0.7848605577689243,0.21513944223107573,54
2025-03-05,Plant B,M09,Packaging,Night,Lina,243,1.0,7,No,289,0.875,0.02880658436213992,4200,8,Mid-life,2025-03,0.8408304498269896,0.15916955017301038,46
2025-03-06,Plant A,M05,Packaging,Morning,Sofia,349,0.7,4,No,391,0.9125,0.011461318051575931,6000,6,Mid-life,2025-03,0.8925831202046036,0.10741687979539638,42
2025-03-06,Plant B,M06,Cutting,Morning,Emma,293,0.5,3,No,313,0.9375,0.010238907849829351,4200,7,Mid-life,2025-03,0.9361022364217252,0.06389776357827481,20
2025-03-06,Plant B,M07,Assembly,Morning,Ava,209,2.0,5,No,279,0.75,0.023923444976076555,4200,12,Old,2025-03,0.7491039426523297,0.2508960573476703,70
2025-03-06,Plant B,M08,Assembly,Morning,Lucas,259,0.7,4,No,288,0.9125,0.015444015444015444,4200,4,New,2025-03,0.8993055555555556,0.10069444444444442,29
2025-03-06,Plant B,M09,Packaging,Afternoon,Nathan,260,1.1,5,No,312,0.8625,0.019230769230769232,4200,8,Mid-life,2025-03,0.8333333333333334,0.16666666666666663,52
2025-03-06,Plant B,M10,Packaging,Afternoon,Ella,259,1.3,5,No,324,0.8375,0.019305019305019305,4200,6,Mid-life,2025-03,0.7993827160493827,0.2006172839506173,65
2025-03-06,Plant C,M11,Cutting,Afternoon,Aria,201,1.2,5,No,245,0.85,0.024875621890547265,3000,2,New,2025-03,0.8204081632653061,0.17959183673469392,44
2025-03-06,Plant C,M12,Cutting,Night,Sami,179,1.2,5,No,219,0.85,0.027932960893854747,3000,9,Old,2025-03,0.817351598173516,0.182648401826484,40
2025-03-06,Plant C,M13,Assembly,Night,Jack,156,1.6,5,No,206,0.8,0.03205128205128205,3000,5,Mid-life,2025-03,0.7572815533980582,0.24271844660194175,50
2025-03-06,Plant C,M14,Assembly,Night,Mila,153,1.4,4,No,196,0.825,0.026143790849673203,3000,3,New,2025-03,0.7806122448979592,0.21938775510204078,43
2025-03-07,Plant B,M09,Packaging,Morning,Emma,301,0.9,5,No,337,0.8875,0.016611295681063124,4200,8,Mid-life,2025-03,0.8931750741839762,0.10682492581602376,36
2025-03-07,Plant B,M10,Packaging,Morning,Ava,300,0.8,4,No,343,0.9,0.013333333333333334,4200,6,Mid-life,2025-03,0.8746355685131195,0.12536443148688048,43
2025-03-07,Plant C,M11,Cutting,Morning,Zoe,236,0.6,3,No,262,0.925,0.012711864406779662,3000,2,New,2025-03,0.9007633587786259,0.0992366412213741,26
2025-03-07,Plant C,M12,Cutting,Morning,Nina,209,1.0,4,No,245,0.875,0.019138755980861243,3000,9,Old,2025-03,0.8530612244897959,0.14693877551020407,36
2025-03-07,Plant C,M13,Assembly,Afternoon,Owen,177,1.3,4,No,221,0.8375,0.022598870056497175,3000,5,Mid-life,2025-03,0.8009049773755657,0.19909502262443435,44
2025-03-07,Plant C,M14,Assembly,Afternoon,Aria,174,1.3,4,No,218,0.8375,0.022988505747126436,3000,3,New,2025-03,0.7981651376146789,0.2018348623853211,44
2025-03-07,Plant C,M15,Packaging,Afternoon,Mila,217,1.5,5,No,273,0.8125,0.02304147465437788,3000,10,Old,2025-03,0.7948717948717948,0.20512820512820518,56
2025-03-07,Plant A,M01,Cutting,Night,Noah,243,1.1,7,No,293,0.8625,0.02880658436213992,6000,3,New,2025-03,0.8293515358361775,0.1706484641638225,50
2025-03-07,Plant A,M02,Cutting,Night,Chloe,247,1.0,7,No,295,0.875,0.02834008097165992,6000,4,New,2025-03,0.8372881355932204,0.16271186440677965,48
2025-03-10,Plant C,M13,Assembly,Morning,Leo,203,0.9,3,No,231,0.8875,0.014778325123152709,3000,5,Mid-life,2025-03,0.8787878787878788,0.12121212121212122,28
2025-03-10,Plant C,M14,Assembly,Morning,Zoe,195,0.8,3,No,221,0.9,0.015384615384615385,3000,3,New,2025-03,0.8823529411764706,0.11764705882352944,26
2025-03-10,Plant C,M15,Packaging,Morning,Nina,264,0.7,4,No,294,0.9125,0.015151515151515152,3000,10,Old,2025-03,0.8979591836734694,0.10204081632653061,30
2025-03-10,Plant A,M01,Cutting,Morning,Liam,322,0.5,3,No,348,0.9375,0.009316770186335404,6000,3,New,2025-03,0.9252873563218391,0.07471264367816088,26
2025-03-10,Plant A,M02,Cutting,Afternoon,Ethan,266,1.0,5,No,313,0.875,0.018796992481203006,6000,4,New,2025-03,0.8498402555910544,0.15015974440894564,47
2025-03-10,Plant A,M03,Assembly,Afternoon,Camille,229,1.3,6,No,281,0.8375,0.026200873362445413,6000,11,Old,2025-03,0.8149466192170819,0.1850533807829181,52
2025-03-10,Plant A,M04,Packaging,Afternoon,Mia,290,1.0,6,No,339,0.875,0.020689655172413793,6000,5,Mid-life,2025-03,0.855457227138643,0.14454277286135697,49
2025-03-10,Plant A,M05,Packaging,Night,Chloe,262,1.3,7,No,336,0.8375,0.026717557251908396,6000,6,Mid-life,2025-03,0.7797619047619048,0.22023809523809523,74
2025-03-10,Plant B,M06,Cutting,Night,Lina,206,1.5,6,No,268,0.8125,0.02912621359223301,4200,7,Mid-life,2025-03,0.7686567164179104,0.23134328358208955,62
2025-03-11,Plant A,M02,Cutting,Morning,Sofia,299,0.9,3,No,346,0.8875,0.010033444816053512,6000,4,New,2025-03,0.8641618497109826,0.13583815028901736,47
2025-03-11,Plant A,M03,Assembly,Morning,Hugo,260,1.3,5,No,320,0.8375,0.019230769230769232,6000,11,Old,2025-03,0.8125,0.1875,60
2025-03-11,Plant A,M04,Packaging,Morning,Liam,337,0.7,4,No,374,0.9125,0.011869436201780416,6000,5,Mid-life,2025-03,0.9010695187165776,0.09893048128342241,37
2025-03-11,Plant A,M05,Packaging,Morning,Sofia,369,0.5,4,No,403,0.9375,0.01084010840108401,6000,6,Mid-life,2025-03,0.9156327543424317,0.08436724565756826,34
2025-03-11,Plant B,M06,Cutting,Afternoon,Nathan,253,0.8,4,No,294,0.9,0.015810276679841896,4200,7,Mid-life,2025-03,0.8605442176870748,0.1394557823129252,41
2025-03-11,Plant B,M07,Assembly,Afternoon,Ella,197,1.8,6,No,263,0.775,0.030456852791878174,4200,12,Old,2025-03,0.7490494296577946,0.25095057034220536,66
2025-03-11,Plant B,M08,Assembly,Afternoon,Mason,222,1.2,5,No,270,0.85,0.02252252252252252,4200,4,New,2025-03,0.8222222222222222,0.1777777777777778,48
2025-03-11,Plant B,M09,Packaging,Night,Lina,233,1.3,7,No,292,0.8375,0.030042918454935622,4200,8,Mid-life,2025-03,0.797945205479452,0.20205479452054798,59
2025-03-11,Plant B,M10,Packaging,Night,James,249,1.2,7,No,304,0.85,0.028112449799196786,4200,6,Mid-life,2025-03,0.819078947368421,0.18092105263157898,55
2025-03-11,Plant C,M11,Cutting,Night,Mila,178,1.7,5,No,236,0.7875,0.028089887640449437,3000,2,New,2025-03,0.7542372881355932,0.2457627118644068,58
2025-03-12,Plant B,M06,Cutting,Morning,Emma,275,0.9,4,No,316,0.8875,0.014545454545454545,4200,7,Mid-life,2025-03,0.870253164556962,0.129746835443038,41
2025-03-12,Plant B,M07,Assembly,Morning,Ava,230,1.5,5,No,290,0.8125,0.021739130434782608,4200,12,Old,2025-03,0.7931034482758621,0.2068965517241379,60
2025-03-12,Plant B,M08,Assembly,Morning,Lucas,276,0.4,5,No,292,0.95,0.018115942028985508,4200,4,New,2025-03,0.9452054794520548,0.0547945205479452,16
2025-03-12,Plant B,M09,Packaging,Morning,Emma,328,0.4,5,No,347,0.95,0.01524390243902439,4200,8,Mid-life,2025-03,0.9452449567723343,0.05475504322766567,19
2025-03-12,Plant B,M10,Packaging,Afternoon,Ella,265,1.2,6,No,330,0.85,0.022641509433962263,4200,6,Mid-life,2025-03,0.803030303030303,0.19696969696969702,65
2025-03-12,Plant C,M11,Cutting,Afternoon,Aria,201,1.2,4,No,248,0.85,0.01990049751243781,3000,2,New,2025-03,0.8104838709677419,0.18951612903225812,47
2025-03-12,Plant C,M12,Cutting,Afternoon,Mila,203,1.0,4,No,242,0.875,0.019704433497536946,3000,9,Old,2025-03,0.8388429752066116,0.16115702479338845,39
2025-03-12,Plant C,M13,Assembly,Night,Jack,163,1.4,5,No,211,0.825,0.03067484662576687,3000,5,Mid-life,2025-03,0.7725118483412322,0.2274881516587678,48
2025-03-12,Plant C,M14,Assembly,Night,Mila,160,1.3,5,No,201,0.8375,0.03125,3000,3,New,2025-03,0.7960199004975125,0.20398009950248752,41
2025-03-13,Plant B,M10,Packaging,Morning,Ava,322,0.7,4,No,356,0.9125,0.012422360248447204,4200,6,Mid-life,2025-03,0.9044943820224719,0.0955056179775281,34
2025-03-13,Plant C,M11,Cutting,Morning,Zoe,237,0.8,4,No,269,0.9,0.016877637130801686,3000,2,New,2025-03,0.8810408921933085,0.1189591078066915,32
2025-03-13,Plant C,M12,Cutting,Morning,Nina,221,0.9,2,No,251,0.8875,0.00904977375565611,3000,9,Old,2025-03,0.8804780876494024,0.11952191235059761,30
2025-03-13,Plant C,M13,Assembly,Morning,Leo,234,0.3,4,No,249,0.9625,0.017094017094017096,3000,5,Mid-life,2025-03,0.9397590361445783,0.06024096385542166,15
2025-03-13,Plant C,M14,Assembly,Afternoon,Aria,182,1.0,4,No,217,0.875,0.02197802197802198,3000,3,New,2025-03,0.8387096774193549,0.16129032258064513,35
2025-03-13,Plant C,M15,Packaging,Afternoon,Mila,217,1.5,4,No,275,0.8125,0.018433179723502304,3000,10,Old,2025-03,0.7890909090909091,0.21090909090909093,58
2025-03-13,Plant A,M01,Cutting,Afternoon,Mia,292,0.8,6,No,331,0.9,0.02054794520547945,6000,3,New,2025-03,0.8821752265861027,0.1178247734138973,39
2025-03-13,Plant A,M02,Cutting,Night,Chloe,232,1.2,7,No,289,0.85,0.03017241379310345,6000,4,New,2025-03,0.8027681660899654,0.19723183391003463,57
2025-03-13,Plant A,M03,Assembly,Night,Lucas,180,2.4,6,No,269,0.7,0.03333333333333333,6000,11,Old,2025-03,0.6691449814126395,0.33085501858736055,89
2025-03-14,Plant C,M14,Assembly,Morning,Zoe,204,0.7,3,No,230,0.9125,0.014705882352941176,3000,3,New,2025-03,0.8869565217391304,0.11304347826086958,26
2025-03-14,Plant C,M15,Packaging,Morning,Nina,277,0.4,3,No,297,0.95,0.010830324909747292,3000,10,Old,2025-03,0.9326599326599326,0.06734006734006737,20
2025-03-14,Plant A,M01,Cutting,Morning,Liam,327,0.4,5,No,353,0.95,0.01529051987767584,6000,3,New,2025-03,0.9263456090651558,0.07365439093484416,26
2025-03-14,Plant A,M02,Cutting,Morning,Sofia,301,0.7,3,No,342,0.9125,0.009966777408637873,6000,4,New,2025-03,0.8801169590643275,0.11988304093567248,41
2025-03-14,Plant A,M03,Assembly,Afternoon,Camille,235,1.5,6,No,295,0.8125,0.02553191489361702,6000,11,Old,2025-03,0.7966101694915254,0.2033898305084746,60
2025-03-14,Plant A,M04,Packaging,Afternoon,Mia,297,0.9,5,No,344,0.8875,0.016835016835016835,6000,5,Mid-life,2025-03,0.8633720930232558,0.1366279069767442,47
2025-03-14,Plant A,M05,Packaging,Afternoon,Ethan,309,1.0,6,No,367,0.875,0.019417475728155338,6000,6,Mid-life,2025-03,0.8419618528610354,0.15803814713896458,58
2025-03-14,Plant B,M06,Cutting,Night,Lina,211,1.4,6,No,269,0.825,0.02843601895734597,4200,7,Mid-life,2025-03,0.7843866171003717,0.21561338289962828,58
2025-03-14,Plant B,M07,Assembly,Night,James,165,2.3,7,No,242,0.7125,0.04242424242424243,4200,12,Old,2025-03,0.6818181818181818,0.31818181818181823,77
2025-03-14,Plant B,M08,Assembly,Night,Harper,183,1.6,5,No,246,0.8,0.0273224043715847,4200,4,New,2025-03,0.7439024390243902,0.25609756097560976,63
2025-03-17,Plant A,M03,Assembly,Morning,Hugo,261,1.4,5,No,321,0.825,0.019157088122605363,6000,11,Old,2025-03,0.8130841121495327,0.1869158878504673,60
2025-03-17,Plant A,M04,Packaging,Morning,Liam,333,0.6,4,No,369,0.925,0.012012012012012012,6000,5,Mid-life,2025-03,0.9024390243902439,0.09756097560975607,36
2025-03-17,Plant A,M05,Packaging,Morning,Sofia,360,0.5,4,No,394,0.9375,0.011111111111111112,6000,6,Mid-life,2025-03,0.9137055837563451,0.08629441624365486,34
2025-03-17,Plant B,M06,Cutting,Morning,Emma,276,0.8,4,No,311,0.9,0.014492753623188406,4200,7,Mid-life,2025-03,0.887459807073955,0.112540192926045,35
2025-03-17,Plant B,M07,Assembly,Afternoon,Ella,187,2.1,6,No,261,0.7375,0.03208556149732621,4200,12,Old,2025-03,0.7164750957854407,0.28352490421455934,74
2025-03-17,Plant B,M08,Assembly,Afternoon,Mason,206,1.6,4,No,267,0.8,0.019417475728155338,4200,4,New,2025-03,0.7715355805243446,0.22846441947565543,61
2025-03-17,Plant B,M09,Packaging,Afternoon,Nathan,253,1.2,6,No,312,0.85,0.023715415019762844,4200,8,Mid-life,2025-03,0.8108974358974359,0.1891025641025641,59
2025-03-17,Plant B,M10,Packaging,Night,James,247,1.2,7,No,300,0.85,0.02834008097165992,4200,6,Mid-life,2025-03,0.8233333333333334,0.17666666666666664,53
2025-03-17,Plant C,M11,Cutting,Night,Mila,164,1.9,5,No,223,0.7625,0.03048780487804878,3000,2,New,2025-03,0.7354260089686099,0.2645739910313901,59
2025-03-18,Plant B,M07,Assembly,Morning,Ava,227,1.7,5,No,293,0.7875,0.022026431718061675,4200,12,Old,2025-03,0.7747440273037542,0.22525597269624575,66
2025-03-18,Plant B,M08,Assembly,Morning,Lucas,261,0.9,3,No,299,0.8875,0.011494252873563218,4200,4,New,2025-03,0.8729096989966555,0.1270903010033445,38
2025-03-18,Plant B,M09,Packaging,Morning,Emma,303,0.7,4,No,343,0.9125,0.013201320132013201,4200,8,Mid-life,2025-03,0.8833819241982507,0.11661807580174932,40
2025-03-18,Plant B,M10,Packaging,Morning,Ava,346,0.2,5,No,359,0.975,0.014450867052023121,4200,6,Mid-life,2025-03,0.9637883008356546,0.03621169916434541,13
2025-03-18,Plant C,M11,Cutting,Afternoon,Aria,218,1.1,4,No,258,0.8625,0.01834862385321101,3000,2,New,2025-03,0.8449612403100775,0.15503875968992253,40
2025-03-18,Plant C,M12,Cutting,Afternoon,Mila,193,1.3,4,No,239,0.8375,0.02072538860103627,3000,9,Old,2025-03,0.8075313807531381,0.19246861924686187,46
2025-03-18,Plant C,M13,Assembly,Afternoon,Owen,185,1.3,4,No,225,0.8375,0.021621621621621623,3000,5,Mid-life,2025-03,0.8222222222222222,0.1777777777777778,40
2025-03-18,Plant C,M14,Assembly,Night,Mila,163,1.4,5,No,211,0.825,0.03067484662576687,3000,3,New,2025-03,0.7725118483412322,0.2274881516587678,48
2025-03-18,Plant C,M15,Packaging,Night,Sami,203,1.6,6,No,266,0.8,0.029556650246305417,3000,10,Old,2025-03,0.7631578947368421,0.23684210526315785,63
2025-03-19,Plant C,M11,Cutting,Morning,Zoe,257,0.6,5,No,278,0.925,0.019455252918287938,3000,2,New,2025-03,0.9244604316546763,0.07553956834532372,21
2025-03-19,Plant C,M12,Cutting,Morning,Nina,227,0.9,3,No,261,0.8875,0.013215859030837005,3000,9,Old,2025-03,0.8697318007662835,0.13026819923371646,34
2025-03-19,Plant C,M13,Assembly,Morning,Leo,221,0.6,4,No,247,0.925,0.01809954751131222,3000,5,Mid-life,2025-03,0.8947368421052632,0.10526315789473684,26
2025-03-19,Plant C,M14,Assembly,Morning,Zoe,210,0.9,3,No,241,0.8875,0.014285714285714285,3000,3,New,2025-03,0.8713692946058091,0.12863070539419086,31
2025-03-19,Plant C,M15,Packaging,Afternoon,Mila,243,1.2,5,No,293,0.85,0.0205761316872428,3000,10,Old,2025-03,0.8293515358361775,0.1706484641638225,50
2025-03-19,Plant A,M01,Cutting,Afternoon,Mia,294,0.7,5,No,340,0.9125,0.017006802721088437,6000,3,New,2025-03,0.8647058823529412,0.1352941176470588,46
2025-03-19,Plant A,M02,Cutting,Afternoon,Ethan,285,0.8,5,No,327,0.9,0.017543859649122806,6000,4,New,2025-03,0.8715596330275229,0.12844036697247707,42
2025-03-19,Plant A,M03,Assembly,Night,Lucas,202,1.8,7,No,272,0.775,0.034653465346534656,6000,11,Old,2025-03,0.7426470588235294,0.25735294117647056,70
2025-03-19,Plant A,M04,Packaging,Night,Noah,259,1.4,7,No,324,0.825,0.02702702702702703,6000,5,Mid-life,2025-03,0.7993827160493827,0.2006172839506173,65
2025-03-20,Plant C,M15,Packaging,Morning,Nina,276,0.7,4,No,309,0.9125,0.014492753623188406,3000,10,Old,2025-03,0.8932038834951457,0.10679611650485432,33
2025-03-20,Plant A,M01,Cutting,Morning,Liam,329,0.7,4,No,365,0.9125,0.0121580547112462,6000,3,New,2025-03,0.9013698630136986,0.09863013698630141,36
2025-03-20,Plant A,M02,Cutting,Morning,Sofia,314,0.8,3,No,350,0.9,0.009554140127388535,6000,4,New,2025-03,0.8971428571428571,0.10285714285714287,36
2025-03-20,Plant A,M03,Assembly,Morning,Hugo,251,1.6,4,No,317,0.8,0.01593625498007968,6000,11,Old,2025-03,0.7917981072555205,0.20820189274447953,66
2025-03-20,Plant A,M04,Packaging,Afternoon,Mia,288,1.2,5,No,350,0.85,0.017361111111111112,6000,5,Mid-life,2025-03,0.8228571428571428,0.17714285714285716,62
2025-03-20,Plant A,M05,Packaging,Afternoon,Ethan,330,0.8,6,No,382,0.9,0.01818181818181818,6000,6,Mid-life,2025-03,0.8638743455497382,0.1361256544502618,52
2025-03-20,Plant B,M06,Cutting,Afternoon,Nathan,248,1.2,5,No,298,0.85,0.020161290322580645,4200,7,Mid-life,2025-03,0.8322147651006712,0.16778523489932884,50
2025-03-20,Plant B,M07,Assembly,Night,James,170,2.3,7,No,250,0.7125,0.041176470588235294,4200,12,Old,2025-03,0.68,0.31999999999999995,80
2025-03-20,Plant B,M08,Assembly,Night,Harper,198,1.6,6,No,258,0.8,0.030303030303030304,4200,4,New,2025-03,0.7674418604651163,0.2325581395348837,60
2025-03-20,Plant B,M09,Packaging,Night,Lina,227,1.5,7,No,293,0.8125,0.030837004405286344,4200,8,Mid-life,2025-03,0.7747440273037542,0.22525597269624575,66
2025-03-21,Plant A,M04,Packaging,Morning,Liam,358,0.5,5,No,386,0.9375,0.013966480446927373,6000,5,Mid-life,2025-03,0.927461139896373,0.07253886010362698,28
2025-03-21,Plant A,M05,Packaging,Morning,Sofia,341,1.1,4,No,403,0.8625,0.011730205278592375,6000,6,Mid-life,2025-03,0.8461538461538461,0.15384615384615385,62
2025-03-21,Plant B,M06,Cutting,Morning,Emma,287,0.6,4,No,314,0.925,0.013937282229965157,4200,7,Mid-life,2025-03,0.9140127388535032,0.0859872611464968,27
2025-03-21,Plant B,M07,Assembly,Morning,Ava,216,1.9,5,No,288,0.7625,0.023148148148148147,4200,12,Old,2025-03,0.75,0.25,72
2025-03-21,Plant B,M08,Assembly,Afternoon,Mason,231,1.3,5,No,287,0.8375,0.021645021645021644,4200,4,New,2025-03,0.8048780487804879,0.19512195121951215,56
2025-03-21,Plant B,M09,Packaging,Afternoon,Nathan,254,1.3,5,No,314,0.8375,0.01968503937007874,4200,8,Mid-life,2025-03,0.8089171974522293,0.19108280254777066,60
2025-03-21,Plant B,M10,Packaging,Afternoon,Ella,267,1.3,5,No,332,0.8375,0.018726591760299626,4200,6,Mid-life,2025-03,0.8042168674698795,0.19578313253012047,65
2025-03-21,Plant C,M11,Cutting,Night,Mila,180,1.6,5,No,235,0.8,0.027777777777777776,3000,2,New,2025-03,0.7659574468085106,0.23404255319148937,55
2025-03-21,Plant C,M12,Cutting,Night,Sami,175,1.4,5,No,223,0.825,0.02857142857142857,3000,9,Old,2025-03,0.7847533632286996,0.2152466367713004,48
2025-03-24,Plant B,M08,Assembly,Morning,Lucas,264,0.9,4,No,300,0.8875,0.015151515151515152,4200,4,New,2025-03,0.88,0.12,36
2025-03-24,Plant B,M09,Packaging,Morning,Emma,325,0.4,4,No,351,0.95,0.012307692307692308,4200,8,Mid-life,2025-03,0.9259259259259259,0.07407407407407407,26
2025-03-24,Plant B,M10,Packaging,Morning,Ava,323,0.5,4,No,351,0.9375,0.01238390092879257,4200,6,Mid-life,2025-03,0.9202279202279202,0.07977207977207978,28
2025-03-24,Plant C,M11,Cutting,Morning,Zoe,242,0.8,4,No,271,0.9,0.01652892561983471,3000,2,New,2025-03,0.8929889298892989,0.1070110701107011,29
2025-03-24,Plant C,M12,Cutting,Afternoon,Mila,205,1.1,4,No,239,0.8625,0.01951219512195122,3000,9,Old,2025-03,0.8577405857740585,0.14225941422594146,34
2025-03-24,Plant C,M13,Assembly,Afternoon,Owen,180,1.1,4,No,220,0.8625,0.022222222222222223,3000,5,Mid-life,2025-03,0.8181818181818182,0.18181818181818177,40
2025-03-24,Plant C,M14,Assembly,Afternoon,Aria,184,1.2,4,No,218,0.85,0.021739130434782608,3000,3,New,2025-03,0.8440366972477065,0.15596330275229353,34
2025-03-24,Plant C,M15,Packaging,Night,Sami,209,1.3,6,No,265,0.8375,0.028708133971291867,3000,10,Old,2025-03,0.7886792452830189,0.21132075471698109,56
2025-03-24,Plant A,M01,Cutting,Night,Noah,262,0.9,7,No,310,0.8875,0.026717557251908396,6000,3,New,2025-03,0.8451612903225807,0.1548387096774193,48
2025-03-25,Plant C,M12,Cutting,Morning,Nina,235,0.6,3,No,260,0.925,0.01276595744680851,3000,9,Old,2025-03,0.9038461538461539,0.09615384615384615,25
2025-03-25,Plant C,M13,Assembly,Morning,Leo,219,1.0,3,No,251,0.875,0.0136986301369863,3000,5,Mid-life,2025-03,0.8725099601593626,0.12749003984063745,32
2025-03-25,Plant C,M14,Assembly,Morning,Zoe,210,0.9,3,No,239,0.8875,0.014285714285714285,3000,3,New,2025-03,0.8786610878661087,0.12133891213389125,29
2025-03-25,Plant C,M15,Packaging,Morning,Nina,276,1.0,5,No,315,0.875,0.018115942028985508,3000,10,Old,2025-03,0.8761904761904762,0.12380952380952381,39
2025-03-25,Plant A,M01,Cutting,Afternoon,Mia,288,1.0,5,No,339,0.875,0.017361111111111112,6000,3,New,2025-03,0.8495575221238938,0.1504424778761062,51
2025-03-25,Plant A,M02,Cutting,Afternoon,Ethan,289,0.7,5,No,326,0.9125,0.01730103806228374,6000,4,New,2025-03,0.8865030674846626,0.11349693251533743,37
2025-03-25,Plant A,M03,Assembly,Afternoon,Camille,233,1.6,6,No,305,0.8,0.02575107296137339,6000,11,Old,2025-03,0.7639344262295082,0.23606557377049175,72
2025-03-25,Plant A,M04,Packaging,Night,Noah,264,1.5,7,No,331,0.8125,0.026515151515151516,6000,5,Mid-life,2025-03,0.797583081570997,0.202416918429003,67
2025-03-25,Plant A,M05,Packaging,Night,Chloe,287,1.1,8,No,354,0.8625,0.027874564459930314,6000,6,Mid-life,2025-03,0.8107344632768362,0.18926553672316382,67
2025-03-25,Plant B,M06,Cutting,Night,Lina,222,1.2,6,No,274,0.85,0.02702702702702703,4200,7,Mid-life,2025-03,0.8102189781021898,0.1897810218978102,52
2025-03-26,Plant A,M01,Cutting,Morning,Liam,342,0.6,4,No,370,0.925,0.011695906432748537,6000,3,New,2025-03,0.9243243243243243,0.07567567567567568,28
2025-03-26,Plant A,M02,Cutting,Morning,Sofia,314,0.8,3,No,352,0.9,0.009554140127388535,6000,4,New,2025-03,0.8920454545454546,0.10795454545454541,38
2025-03-26,Plant A,M03,Assembly,Morning,Hugo,273,1.2,6,No,326,0.85,0.02197802197802198,6000,11,Old,2025-03,0.8374233128834356,0.16257668711656437,53
2025-03-26,Plant A,M04,Packaging,Morning,Liam,354,0.6,3,No,385,0.925,0.00847457627118644,6000,5,Mid-life,2025-03,0.9194805194805195,0.08051948051948055,31
2025-03-26,Plant A,M05,Packaging,Afternoon,Ethan,342,0.8,6,No,390,0.9,0.017543859649122806,6000,6,Mid-life,2025-03,0.8769230769230769,0.12307692307692308,48
2025-03-26,Plant B,M06,Cutting,Afternoon,Nathan,246,1.2,5,No,308,0.85,0.02032520325203252,4200,7,Mid-life,2025-03,0.7987012987012987,0.2012987012987013,62
2025-03-26,Plant B,M07,Assembly,Afternoon,Ella,202,2.0,7,No,276,0.75,0.034653465346534656,4200,12,Old,2025-03,0.7318840579710145,0.2681159420289855,74
2025-03-26,Plant B,M08,Assembly,Night,Harper,205,1.4,6,No,266,0.825,0.02926829268292683,4200,4,New,2025-03,0.7706766917293233,0.2293233082706767,61
2025-03-26,Plant B,M09,Packaging,Night,Lina,250,1.2,7,No,305,0.85,0.028,4200,8,Mid-life,2025-03,0.819672131147541,0.180327868852459,55
2025-03-27,Plant A,M05,Packaging,Morning,Sofia,400,0.0,6,No,413,1.0,0.015,6000,6,Mid-life,2025-03,0.9685230024213075,0.03147699757869249,13
2025-03-27,Plant B,M06,Cutting,Morning,Emma,310,0.3,4,No,322,0.9625,0.012903225806451613,4200,7,Mid-life,2025-03,0.9627329192546584,0.037267080745341574,12
2025-03-27,Plant B,M07,Assembly,Morning,Ava,232,1.7,6,No,298,0.7875,0.02586206896551724,4200,12,Old,2025-03,0.7785234899328859,0.2214765100671141,66
2025-03-27,Plant B,M08,Assembly,Morning,Lucas,260,1.2,3,No,307,0.85,0.011538461538461539,4200,4,New,2025-03,0.8469055374592834,0.15309446254071657,47
2025-03-27,Plant B,M09,Packaging,Afternoon,Nathan,266,1.4,5,No,328,0.825,0.018796992481203006,4200,8,Mid-life,2025-03,0.8109756097560976,0.18902439024390238,62
2025-03-27,Plant B,M10,Packaging,Afternoon,Ella,289,1.3,6,No,345,0.8375,0.020761245674740483,4200,6,Mid-life,2025-03,0.8376811594202899,0.16231884057971013,56
2025-03-27,Plant C,M11,Cutting,Afternoon,Aria,214,1.1,4,No,257,0.8625,0.018691588785046728,3000,2,New,2025-03,0.8326848249027238,0.16731517509727623,43
2025-03-27,Plant C,M12,Cutting,Night,Sami,170,1.4,5,No,215,0.825,0.029411764705882353,3000,9,Old,2025-03,0.7906976744186046,0.2093023255813954,45
2025-03-27,Plant C,M13,Assembly,Night,Jack,175,1.6,5,No,225,0.8,0.02857142857142857,3000,5,Mid-life,2025-03,0.7777777777777778,0.2222222222222222,50
2025-03-28,Plant B,M09,Packaging,Morning,Emma,316,0.8,4,No,351,0.9,0.012658227848101266,4200,8,Mid-life,2025-03,0.9002849002849003,0.09971509971509973,35
2025-03-28,Plant B,M10,Packaging,Morning,Ava,322,0.8,5,No,365,0.9,0.015527950310559006,4200,6,Mid-life,2025-03,0.8821917808219178,0.11780821917808215,43
2025-03-28,Plant C,M11,Cutting,Morning,Zoe,257,0.7,4,No,285,0.9125,0.01556420233463035,3000,2,New,2025-03,0.9017543859649123,0.09824561403508769,28
2025-03-28,Plant C,M12,Cutting,Morning,Nina,229,0.8,4,No,266,0.9,0.017467248908296942,3000,9,Old,2025-03,0.8609022556390977,0.13909774436090228,37
2025-03-28,Plant C,M13,Assembly,Afternoon,Owen,174,1.6,4,No,224,0.8,0.022988505747126436,3000,5,Mid-life,2025-03,0.7767857142857143,0.2232142857142857,50
2025-03-28,Plant C,M14,Assembly,Afternoon,Aria,190,0.9,4,No,220,0.8875,0.021052631578947368,3000,3,New,2025-03,0.8636363636363636,0.13636363636363635,30
2025-03-28,Plant C,M15,Packaging,Afternoon,Mila,246,1.2,6,No,288,0.85,0.024390243902439025,3000,10,Old,2025-03,0.8541666666666666,0.14583333333333337,42
2025-03-28,Plant A,M01,Cutting,Night,Noah,254,1.5,7,No,321,0.8125,0.027559055118110236,6000,3,New,2025-03,0.7912772585669782,0.20872274143302183,67
2025-03-28,Plant A,M02,Cutting,Night,Chloe,239,1.3,6,No,296,0.8375,0.02510460251046025,6000,4,New,2025-03,0.8074324324324325,0.19256756756756754,57
2025-03-28,Plant A,M03,Assembly,Night,Lucas,208,1.9,8,No,281,0.7625,0.038461538461538464,6000,11,Old,2025-03,0.7402135231316725,0.25978647686832745,73
2025-03-31,Plant C,M13,Assembly,Morning,Leo,217,1.0,3,No,252,0.875,0.013824884792626729,3000,5,Mid-life,2025-03,0.8611111111111112,0.13888888888888884,35
2025-03-31,Plant C,M14,Assembly,Morning,Zoe,219,0.4,3,No,234,0.95,0.0136986301369863,3000,3,New,2025-03,0.9358974358974359,0.0641025641025641,15
2025-03-31,Plant C,M15,Packaging,Morning,Nina,273,1.1,4,No,315,0.8625,0.014652014652014652,3000,10,Old,2025-03,0.8666666666666667,0.1333333333333333,42
2025-03-31,Plant A,M01,Cutting,Morning,Liam,338,0.7,5,No,365,0.9125,0.014792899408284023,6000,3,New,2025-03,0.9260273972602739,0.07397260273972606,27
2025-03-31,Plant A,M02,Cutting,Afternoon,Ethan,282,0.9,5,No,331,0.8875,0.01773049645390071,6000,4,New,2025-03,0.851963746223565,0.14803625377643503,49
2025-03-31,Plant A,M03,Assembly,Afternoon,Camille,227,1.7,7,No,298,0.7875,0.030837004405286344,6000,11,Old,2025-03,0.761744966442953,0.23825503355704702,71
2025-03-31,Plant A,M04,Packaging,Afternoon,Mia,319,0.6,5,No,353,0.925,0.01567398119122257,6000,5,Mid-life,2025-03,0.9036827195467422,0.09631728045325783,34
2025-03-31,Plant A,M05,Packaging,Night,Chloe,279,1.3,8,No,350,0.8375,0.02867383512544803,6000,6,Mid-life,2025-03,0.7971428571428572,0.20285714285714285,71
2025-03-31,Plant B,M06,Cutting,Night,Lina,217,1.3,6,No,269,0.8375,0.027649769585253458,4200,7,Mid-life,2025-03,0.8066914498141264,0.19330855018587356,52
2025-04-01,Plant A,M02,Cutting,Morning,Sofia,292,0.8,3,No,325,0.9,0.010273972602739725,6000,4,New,2025-04,0.8984615384615384,0.10153846153846158,33
2025-04-01,Plant A,M03,Assembly,Morning,Hugo,234,1.5,5,No,299,0.8125,0.021367521367521368,6000,11,Old,2025-04,0.782608695652174,0.21739130434782605,65
2025-04-01,Plant A,M04,Packaging,Morning,Liam,296,1.0,5,No,356,0.875,0.016891891891891893,6000,5,Mid-life,2025-04,0.8314606741573034,0.1685393258426966,60
2025-04-01,Plant A,M05,Packaging,Morning,Sofia,298,1.4,5,No,381,0.825,0.016778523489932886,6000,6,Mid-life,2025-04,0.7821522309711286,0.21784776902887137,83
2025-04-01,Plant B,M06,Cutting,Afternoon,Nathan,237,1.0,4,No,282,0.875,0.016877637130801686,4200,7,Mid-life,2025-04,0.8404255319148937,0.15957446808510634,45
2025-04-01,Plant B,M07,Assembly,Afternoon,Ella,180,2.0,5,No,255,0.75,0.027777777777777776,4200,12,Old,2025-04,0.7058823529411765,0.2941176470588235,75
2025-04-01,Plant B,M08,Assembly,Afternoon,Mason,201,1.5,4,No,260,0.8125,0.01990049751243781,4200,4,New,2025-04,0.7730769230769231,0.2269230769230769,59
2025-04-01,Plant B,M09,Packaging,Night,Lina,212,1.7,6,No,285,0.7875,0.02830188679245283,4200,8,Mid-life,2025-04,0.743859649122807,0.256140350877193,73
2025-04-01,Plant B,M10,Packaging,Night,James,241,1.0,7,No,295,0.875,0.029045643153526972,4200,6,Mid-life,2025-04,0.8169491525423729,0.18305084745762712,54
2025-04-02,Plant B,M06,Cutting,Morning,Emma,285,0.6,4,No,312,0.925,0.014035087719298246,4200,7,Mid-life,2025-04,0.9134615384615384,0.08653846153846156,27
2025-04-02,Plant B,M07,Assembly,Morning,Ava,228,1.5,6,No,285,0.8125,0.02631578947368421,4200,12,Old,2025-04,0.8,0.19999999999999996,57
2025-04-02,Plant B,M08,Assembly,Morning,Lucas,239,1.0,3,No,281,0.875,0.012552301255230125,4200,4,New,2025-04,0.8505338078291815,0.14946619217081847,42
2025-04-02,Plant B,M09,Packaging,Morning,Emma,296,0.6,4,No,329,0.925,0.013513513513513514,4200,8,Mid-life,2025-04,0.8996960486322189,0.10030395136778114,33
2025-04-02,Plant B,M10,Packaging,Afternoon,Ella,272,1.1,6,No,325,0.8625,0.022058823529411766,4200,6,Mid-life,2025-04,0.8369230769230769,0.16307692307692312,53
2025-04-02,Plant C,M11,Cutting,Afternoon,Aria,197,1.3,5,No,240,0.8375,0.025380710659898477,3000,2,New,2025-04,0.8208333333333333,0.1791666666666667,43
2025-04-02,Plant C,M12,Cutting,Afternoon,Mila,193,1.1,4,No,229,0.8625,0.02072538860103627,3000,9,Old,2025-04,0.8427947598253275,0.15720524017467252,36
2025-04-02,Plant C,M13,Assembly,Night,Jack,159,1.5,5,No,203,0.8125,0.031446540880503145,3000,5,Mid-life,2025-04,0.7832512315270936,0.21674876847290636,44
2025-04-02,Plant C,M14,Assembly,Night,Mila,151,1.6,4,No,195,0.8,0.026490066225165563,3000,3,New,2025-04,0.7743589743589744,0.22564102564102562,44
2025-04-03,Plant B,M10,Packaging,Morning,Ava,309,0.4,4,No,335,0.95,0.012944983818770227,4200,6,Mid-life,2025-04,0.9223880597014925,0.07761194029850749,26
2025-04-03,Plant C,M11,Cutting,Morning,Zoe,235,0.6,3,No,260,0.925,0.01276595744680851,3000,2,New,2025-04,0.9038461538461539,0.09615384615384615,25
2025-04-03,Plant C,M12,Cutting,Morning,Nina,209,1.1,3,No,244,0.8625,0.014354066985645933,3000,9,Old,2025-04,0.8565573770491803,0.14344262295081966,35
2025-04-03,Plant C,M13,Assembly,Morning,Leo,208,0.8,3,No,234,0.9,0.014423076923076924,3000,5,Mid-life,2025-04,0.8888888888888888,0.11111111111111116,26
2025-04-03,Plant C,M14,Assembly,Afternoon,Aria,164,1.3,4,No,207,0.8375,0.024390243902439025,3000,3,New,2025-04,0.7922705314009661,0.20772946859903385,43
2025-04-03,Plant C,M15,Packaging,Afternoon,Mila,234,1.2,5,No,277,0.85,0.021367521367521368,3000,10,Old,2025-04,0.8447653429602888,0.15523465703971118,43
2025-04-03,Plant A,M01,Cutting,Afternoon,Mia,275,1.0,5,No,324,0.875,0.01818181818181818,6000,3,New,2025-04,0.8487654320987654,0.15123456790123457,49
2025-04-03,Plant A,M02,Cutting,Night,Chloe,227,1.5,6,No,287,0.8125,0.02643171806167401,6000,4,New,2025-04,0.7909407665505227,0.2090592334494773,60
2025-04-03,Plant A,M03,Assembly,Night,Lucas,198,1.9,7,No,269,0.7625,0.03535353535353535,6000,11,Old,2025-04,0.7360594795539034,0.2639405204460966,71
2025-04-03,Plant A,M04,Packaging,Night,Noah,204,2.4,6,No,315,0.7,0.029411764705882353,6000,5,Mid-life,2025-04,0.6476190476190476,0.35238095238095235,111
2025-04-04,Plant C,M14,Assembly,Morning,Zoe,191,1.1,3,No,223,0.8625,0.015706806282722512,3000,3,New,2025-04,0.8565022421524664,0.1434977578475336,32
2025-04-04,Plant C,M15,Packaging,Morning,Nina,263,0.9,4,No,296,0.8875,0.015209125475285171,3000,10,Old,2025-04,0.8885135135135135,0.11148648648648651,33
2025-04-04,Plant A,M01,Cutting,Morning,Liam,318,0.7,4,No,350,0.9125,0.012578616352201259,6000,3,New,2025-04,0.9085714285714286,0.09142857142857141,32
2025-04-04,Plant A,M02,Cutting,Morning,Sofia,283,1.0,4,No,328,0.875,0.014134275618374558,6000,4,New,2025-04,0.8628048780487805,0.13719512195121952,45
2025-04-04,Plant A,M03,Assembly,Afternoon,Camille,221,1.6,6,No,285,0.8,0.027149321266968326,6000,11,Old,2025-04,0.775438596491228,0.22456140350877196,64
2025-04-04,Plant A,M04,Packaging,Afternoon,Mia,264,1.3,7,No,336,0.8375,0.026515151515151516,6000,5,Mid-life,2025-04,0.7857142857142857,0.2142857142857143,72
2025-04-04,Plant A,M05,Packaging,Afternoon,Ethan,286,1.3,7,No,355,0.8375,0.024475524475524476,6000,6,Mid-life,2025-04,0.8056338028169014,0.19436619718309855,69
2025-04-04,Plant B,M06,Cutting,Night,Lina,210,1.3,6,No,259,0.8375,0.02857142857142857,4200,7,Mid-life,2025-04,0.8108108108108109,0.18918918918918914,49
2025-04-04,Plant B,M07,Assembly,Night,James,160,2.4,6,No,239,0.7,0.0375,4200,12,Old,2025-04,0.6694560669456067,0.33054393305439334,79
2025-04-07,Plant A,M03,Assembly,Morning,Hugo,240,1.5,4,No,303,0.8125,0.016666666666666666,6000,11,Old,2025-04,0.7920792079207921,0.20792079207920788,63
2025-04-07,Plant A,M04,Packaging,Morning,Liam,284,1.4,5,No,358,0.825,0.017605633802816902,6000,5,Mid-life,2025-04,0.7932960893854749,0.2067039106145251,74
2025-04-07,Plant A,M05,Packaging,Morning,Sofia,298,1.4,5,No,378,0.825,0.016778523489932886,6000,6,Mid-life,2025-04,0.7883597883597884,0.21164021164021163,80
2025-04-07,Plant B,M06,Cutting,Morning,Emma,248,1.1,4,No,298,0.8625,0.016129032258064516,4200,7,Mid-life,2025-04,0.8322147651006712,0.16778523489932884,50
2025-04-07,Plant B,M07,Assembly,Afternoon,Ella,101,4.1,5,No,245,0.4875,0.04950495049504951,4200,12,Old,2025-04,0.4122448979591837,0.5877551020408163,144
2025-04-07,Plant B,M08,Assembly,Afternoon,Mason,228,0.8,5,No,259,0.9,0.021929824561403508,4200,4,New,2025-04,0.8803088803088803,0.11969111969111967,31
2025-04-07,Plant B,M09,Packaging,Afternoon,Nathan,252,1.2,6,No,306,0.85,0.023809523809523808,4200,8,Mid-life,2025-04,0.8235294117647058,0.17647058823529416,54
2025-04-07,Plant B,M10,Packaging,Night,James,220,1.7,7,No,296,0.7875,0.031818181818181815,4200,6,Mid-life,2025-04,0.7432432432432432,0.2567567567567568,76
2025-04-07,Plant C,M11,Cutting,Night,Mila,184,1.1,6,No,222,0.8625,0.03260869565217391,3000,2,New,2025-04,0.8288288288288288,0.1711711711711712,38
2025-04-08,Plant B,M07,Assembly,Morning,Ava,123,4.0,5,No,279,0.5,0.04065040650406504,4200,12,Old,2025-04,0.44086021505376344,0.5591397849462365,156
2025-04-08,Plant B,M08,Assembly,Morning,Lucas,262,0.6,4,No,283,0.925,0.015267175572519083,4200,4,New,2025-04,0.9257950530035336,0.0742049469964664,21
2025-04-08,Plant B,M09,Packaging,Morning,Emma,285,0.9,4,No,326,0.8875,0.014035087719298246,4200,8,Mid-life,2025-04,0.8742331288343558,0.12576687116564422,41
2025-04-08,Plant B,M10,Packaging,Morning,Ava,303,0.9,5,No,346,0.8875,0.0165016501650165,4200,6,Mid-life,2025-04,0.8757225433526011,0.12427745664739887,43
2025-04-08,Plant C,M11,Cutting,Afternoon,Aria,197,1.3,5,No,245,0.8375,0.025380710659898477,3000,2,New,2025-04,0.8040816326530612,0.1959183673469388,48
2025-04-08,Plant C,M12,Cutting,Afternoon,Mila,185,1.3,4,No,232,0.8375,0.021621621621621623,3000,9,Old,2025-04,0.7974137931034483,0.2025862068965517,47
2025-04-08,Plant C,M13,Assembly,Afternoon,Owen,179,1.3,4,No,226,0.8375,0.0223463687150838,3000,5,Mid-life,2025-04,0.7920353982300885,0.2079646017699115,47
2025-04-08,Plant C,M14,Assembly,Night,Mila,143,1.8,4,No,194,0.775,0.027972027972027972,3000,3,New,2025-04,0.7371134020618557,0.2628865979381443,51
2025-04-08,Plant C,M15,Packaging,Night,Sami,202,1.4,6,No,259,0.825,0.0297029702970297,3000,10,Old,2025-04,0.7799227799227799,0.22007722007722008,57
2025-04-08,Plant A,M01,Cutting,Night,Noah,244,1.1,7,No,303,0.8625,0.028688524590163935,6000,3,New,2025-04,0.8052805280528053,0.19471947194719474,59
2025-04-09,Plant C,M11,Cutting,Morning,Zoe,230,0.7,3,No,262,0.9125,0.013043478260869565,3000,2,New,2025-04,0.8778625954198473,0.12213740458015265,32
2025-04-09,Plant C,M12,Cutting,Morning,Nina,213,1.0,4,No,250,0.875,0.018779342723004695,3000,9,Old,2025-04,0.852,0.14800000000000002,37
2025-04-09,Plant C,M13,Assembly,Morning,Leo,217,0.7,3,No,237,0.9125,0.013824884792626729,3000,5,Mid-life,2025-04,0.9156118143459916,0.08438818565400841,20
2025-04-09,Plant C,M14,Assembly,Morning,Zoe,205,0.8,4,No,228,0.9,0.01951219512195122,3000,3,New,2025-04,0.8991228070175439,0.10087719298245612,23
2025-04-09,Plant C,M15,Packaging,Afternoon,Mila,227,1.2,5,No,275,0.85,0.022026431718061675,3000,10,Old,2025-04,0.8254545454545454,0.17454545454545456,48
2025-04-09,Plant A,M01,Cutting,Afternoon,Mia,282,1.0,6,No,328,0.875,0.02127659574468085,6000,3,New,2025-04,0.8597560975609756,0.1402439024390244,46
2025-04-09,Plant A,M02,Cutting,Afternoon,Ethan,268,1.0,5,No,313,0.875,0.018656716417910446,6000,4,New,2025-04,0.8562300319488818,0.1437699680511182,45
2025-04-09,Plant A,M03,Assembly,Night,Lucas,192,2.0,6,No,272,0.75,0.03125,6000,11,Old,2025-04,0.7058823529411765,0.2941176470588235,80
2025-04-09,Plant A,M04,Packaging,Night,Noah,232,1.9,7,No,322,0.7625,0.03017241379310345,6000,5,Mid-life,2025-04,0.7204968944099379,0.2795031055900621,90
2025-04-10,Plant C,M15,Packaging,Morning,Nina,242,1.3,3,No,297,0.8375,0.012396694214876033,3000,10,Old,2025-04,0.8148148148148148,0.18518518518518523,55
2025-04-10,Plant A,M01,Cutting,Morning,Liam,328,0.5,4,No,355,0.9375,0.012195121951219513,6000,3,New,2025-04,0.923943661971831,0.07605633802816902,27
2025-04-10,Plant A,M02,Cutting,Morning,Sofia,314,0.4,4,No,336,0.95,0.012738853503184714,6000,4,New,2025-04,0.9345238095238095,0.06547619047619047,22
2025-04-10,Plant A,M03,Assembly,Morning,Hugo,256,1.2,4,No,307,0.85,0.015625,6000,11,Old,2025-04,0.8338762214983714,0.16612377850162863,51
2025-04-10,Plant A,M04,Packaging,Afternoon,Mia,248,1.7,6,No,337,0.7875,0.024193548387096774,6000,5,Mid-life,2025-04,0.7359050445103857,0.26409495548961426,89
2025-04-10,Plant A,M05,Packaging,Afternoon,Ethan,278,1.5,7,No,361,0.8125,0.025179856115107913,6000,6,Mid-life,2025-04,0.7700831024930748,0.22991689750692523,83
2025-04-10,Plant B,M06,Cutting,Afternoon,Nathan,233,1.2,5,No,283,0.85,0.02145922746781116,4200,7,Mid-life,2025-04,0.823321554770318,0.176678445229682,50
2025-04-10,Plant B,M07,Assembly,Night,James,79,5.1,3,Yes,244,0.3625,0.0379746835443038,4200,12,Old,2025-04,0.3237704918032787,0.6762295081967213,165
2025-04-10,Plant B,M08,Assembly,Night,Harper,196,1.3,6,No,250,0.8375,0.030612244897959183,4200,4,New,2025-04,0.784,0.21599999999999997,54
2025-04-11,Plant A,M04,Packaging,Morning,Liam,328,0.6,3,No,354,0.925,0.009146341463414634,6000,5,Mid-life,2025-04,0.9265536723163842,0.07344632768361581,26
2025-04-11,Plant A,M05,Packaging,Morning,Sofia,355,0.4,4,No,380,0.95,0.011267605633802818,6000,6,Mid-life,2025-04,0.9342105263157895,0.06578947368421051,25
2025-04-11,Plant B,M06,Cutting,Morning,Emma,272,0.9,4,No,309,0.8875,0.014705882352941176,4200,7,Mid-life,2025-04,0.8802588996763754,0.11974110032362462,37
2025-04-11,Plant B,M07,Assembly,Morning,Ava,139,3.6,5,Yes,276,0.55,0.03597122302158273,4200,12,Old,2025-04,0.5036231884057971,0.4963768115942029,137
2025-04-11,Plant B,M08,Assembly,Afternoon,Mason,223,1.1,4,No,265,0.8625,0.017937219730941704,4200,4,New,2025-04,0.8415094339622642,0.1584905660377358,42
2025-04-11,Plant B,M09,Packaging,Afternoon,Nathan,255,1.1,5,No,305,0.8625,0.0196078431372549,4200,8,Mid-life,2025-04,0.8360655737704918,0.16393442622950816,50
2025-04-11,Plant B,M10,Packaging,Afternoon,Ella,272,0.9,5,No,317,0.8875,0.01838235294117647,4200,6,Mid-life,2025-04,0.8580441640378549,0.14195583596214512,45
2025-04-11,Plant C,M11,Cutting,Night,Mila,176,1.5,5,No,224,0.8125,0.028409090909090908,3000,2,New,2025-04,0.7857142857142857,0.2142857142857143,48
2025-04-11,Plant C,M12,Cutting,Night,Sami,153,1.8,5,No,212,0.775,0.032679738562091505,3000,9,Old,2025-04,0.7216981132075472,0.2783018867924528,59
2025-04-11,Plant C,M13,Assembly,Night,Jack,153,1.5,5,No,200,0.8125,0.032679738562091505,3000,5,Mid-life,2025-04,0.765,0.235,47
2025-04-14,Plant B,M08,Assembly,Morning,Lucas,262,0.5,3,No,288,0.9375,0.011450381679389313,4200,4,New,2025-04,0.9097222222222222,0.09027777777777779,26
2025-04-14,Plant B,M09,Packaging,Morning,Emma,297,0.7,4,No,331,0.9125,0.013468013468013467,4200,8,Mid-life,2025-04,0.8972809667673716,0.10271903323262843,34
2025-04-14,Plant B,M10,Packaging,Morning,Ava,309,0.7,5,No,334,0.9125,0.016181229773462782,4200,6,Mid-life,2025-04,0.9251497005988024,0.07485029940119758,25
2025-04-14,Plant C,M11,Cutting,Morning,Zoe,203,1.3,3,No,254,0.8375,0.014778325123152709,3000,2,New,2025-04,0.7992125984251969,0.20078740157480313,51
2025-04-14,Plant C,M12,Cutting,Afternoon,Mila,172,1.8,4,No,230,0.775,0.023255813953488372,3000,9,Old,2025-04,0.7478260869565218,0.25217391304347825,58
2025-04-14,Plant C,M13,Assembly,Afternoon,Owen,160,1.8,4,No,216,0.775,0.025,3000,5,Mid-life,2025-04,0.7407407407407407,0.2592592592592593,56
2025-04-14,Plant C,M14,Assembly,Afternoon,Aria,153,1.7,4,No,202,0.7875,0.026143790849673203,3000,3,New,2025-04,0.7574257425742574,0.24257425742574257,49
2025-04-14,Plant C,M15,Packaging,Night,Sami,178,2.0,6,No,252,0.75,0.033707865168539325,3000,10,Old,2025-04,0.7063492063492064,0.2936507936507936,74
2025-04-14,Plant A,M01,Cutting,Night,Noah,242,1.0,7,No,292,0.875,0.028925619834710745,6000,3,New,2025-04,0.8287671232876712,0.17123287671232879,50
2025-04-15,Plant C,M12,Cutting,Morning,Nina,200,1.1,4,No,246,0.8625,0.02,3000,9,Old,2025-04,0.8130081300813008,0.1869918699186992,46
2025-04-15,Plant C,M13,Assembly,Morning,Leo,194,1.4,4,No,241,0.825,0.020618556701030927,3000,5,Mid-life,2025-04,0.8049792531120332,0.19502074688796678,47
2025-04-15,Plant C,M14,Assembly,Morning,Zoe,185,1.2,4,No,227,0.85,0.021621621621621623,3000,3,New,2025-04,0.8149779735682819,0.18502202643171806,42
2025-04-15,Plant C,M15,Packaging,Morning,Nina,250,1.1,4,No,299,0.8625,0.016,3000,10,Old,2025-04,0.8361204013377926,0.16387959866220736,49
2025-04-15,Plant A,M01,Cutting,Afternoon,Mia,287,0.9,6,No,331,0.8875,0.020905923344947737,6000,3,New,2025-04,0.8670694864048338,0.13293051359516617,44
2025-04-15,Plant A,M02,Cutting,Afternoon,Ethan,266,1.0,5,No,313,0.875,0.018796992481203006,6000,4,New,2025-04,0.8498402555910544,0.15015974440894564,47
2025-04-15,Plant A,M03,Assembly,Afternoon,Camille,181,2.9,5,Yes,287,0.6375,0.027624309392265192,6000,11,Old,2025-04,0.6306620209059234,0.3693379790940766,106
2025-04-15,Plant A,M04,Packaging,Night,Noah,240,1.6,7,No,311,0.8,0.029166666666666667,6000,5,Mid-life,2025-04,0.7717041800643086,0.22829581993569137,71
2025-04-15,Plant A,M05,Packaging,Night,Chloe,256,1.5,7,No,333,0.8125,0.02734375,6000,6,Mid-life,2025-04,0.7687687687687688,0.23123123123123124,77
2025-04-16,Plant A,M01,Cutting,Morning,Liam,313,0.8,3,No,357,0.9,0.009584664536741214,6000,3,New,2025-04,0.876750700280112,0.12324929971988796,44
2025-04-16,Plant A,M02,Cutting,Morning,Sofia,285,1.0,4,No,339,0.875,0.014035087719298246,6000,4,New,2025-04,0.8407079646017699,0.15929203539823011,54
2025-04-16,Plant A,M03,Assembly,Morning,Hugo,273,0.9,4,No,308,0.8875,0.014652014652014652,6000,11,Old,2025-04,0.8863636363636364,0.11363636363636365,35
2025-04-16,Plant A,M04,Packaging,Morning,Liam,327,0.7,3,No,366,0.9125,0.009174311926605505,6000,5,Mid-life,2025-04,0.8934426229508197,0.10655737704918034,39
2025-04-16,Plant A,M05,Packaging,Afternoon,Ethan,307,1.2,5,No,368,0.85,0.016286644951140065,6000,6,Mid-life,2025-04,0.8342391304347826,0.1657608695652174,61
2025-04-16,Plant B,M06,Cutting,Afternoon,Nathan,232,1.3,5,No,289,0.8375,0.021551724137931036,4200,7,Mid-life,2025-04,0.8027681660899654,0.19723183391003463,57
2025-04-16,Plant B,M07,Assembly,Afternoon,Ella,81,5.1,4,Yes,259,0.3625,0.04938271604938271,4200,12,Old,2025-04,0.3127413127413127,0.6872586872586872,178
2025-04-16,Plant B,M08,Assembly,Night,Harper,187,1.7,5,No,245,0.7875,0.026737967914438502,4200,4,New,2025-04,0.763265306122449,0.23673469387755097,58
2025-04-16,Plant B,M09,Packaging,Night,Lina,229,1.4,7,No,289,0.825,0.03056768558951965,4200,8,Mid-life,2025-04,0.7923875432525952,0.2076124567474048,60
2025-04-17,Plant A,M05,Packaging,Morning,Sofia,353,0.7,5,No,393,0.9125,0.014164305949008499,6000,6,Mid-life,2025-04,0.8982188295165394,0.10178117048346058,40
2025-04-17,Plant B,M06,Cutting,Morning,Emma,267,0.9,3,No,308,0.8875,0.011235955056179775,4200,7,Mid-life,2025-04,0.8668831168831169,0.13311688311688308,41
2025-04-17,Plant B,M07,Assembly,Morning,Ava,147,3.3,5,No,274,0.5875,0.034013605442176874,4200,12,Old,2025-04,0.5364963503649635,0.46350364963503654,127
2025-04-17,Plant B,M08,Assembly,Morning,Lucas,249,1.1,3,No,292,0.8625,0.012048192771084338,4200,4,New,2025-04,0.8527397260273972,0.14726027397260277,43
2025-04-17,Plant B,M09,Packaging,Afternoon,Nathan,262,1.1,5,No,313,0.8625,0.019083969465648856,4200,8,Mid-life,2025-04,0.8370607028753994,0.16293929712460065,51
2025-04-17,Plant B,M10,Packaging,Afternoon,Ella,275,0.9,5,No,317,0.8875,0.01818181818181818,4200,6,Mid-life,2025-04,0.8675078864353313,0.13249211356466872,42
2025-04-17,Plant C,M11,Cutting,Afternoon,Aria,197,1.4,5,No,256,0.825,0.025380710659898477,3000,2,New,2025-04,0.76953125,0.23046875,59
2025-04-17,Plant C,M12,Cutting,Night,Sami,157,1.9,5,No,219,0.7625,0.03184713375796178,3000,9,Old,2025-04,0.7168949771689498,0.2831050228310502,62
2025-04-17,Plant C,M13,Assembly,Night,Jack,145,1.7,5,No,202,0.7875,0.034482758620689655,3000,5,Mid-life,2025-04,0.7178217821782178,0.2821782178217822,57
2025-04-17,Plant C,M14,Assembly,Night,Mila,137,1.7,4,No,187,0.7875,0.029197080291970802,3000,3,New,2025-04,0.732620320855615,0.267379679144385,50
2025-04-18,Plant B,M09,Packaging,Morning,Emma,294,0.8,4,No,328,0.9,0.013605442176870748,4200,8,Mid-life,2025-04,0.8963414634146342,0.10365853658536583,34
2025-04-18,Plant B,M10,Packaging,Morning,Ava,311,0.7,5,No,345,0.9125,0.01607717041800643,4200,6,Mid-life,2025-04,0.9014492753623189,0.09855072463768111,34
2025-04-18,Plant C,M11,Cutting,Morning,Zoe,216,1.1,4,No,260,0.8625,0.018518518518518517,3000,2,New,2025-04,0.8307692307692308,0.16923076923076918,44
2025-04-18,Plant C,M12,Cutting,Morning,Nina,200,1.2,3,No,246,0.85,0.015,3000,9,Old,2025-04,0.8130081300813008,0.1869918699186992,46
2025-04-18,Plant C,M13,Assembly,Afternoon,Owen,155,1.9,4,No,214,0.7625,0.025806451612903226,3000,5,Mid-life,2025-04,0.7242990654205608,0.2757009345794392,59
2025-04-18,Plant C,M14,Assembly,Afternoon,Aria,161,1.5,4,No,213,0.8125,0.024844720496894408,3000,3,New,2025-04,0.755868544600939,0.244131455399061,52
2025-04-18,Plant C,M15,Packaging,Afternoon,Mila,209,1.5,6,No,270,0.8125,0.028708133971291867,3000,10,Old,2025-04,0.774074074074074,0.22592592592592597,61
2025-04-18,Plant A,M01,Cutting,Night,Noah,246,1.1,6,No,297,0.8625,0.024390243902439025,6000,3,New,2025-04,0.8282828282828283,0.1717171717171717,51
2025-04-18,Plant A,M02,Cutting,Night,Chloe,227,1.3,6,No,292,0.8375,0.02643171806167401,6000,4,New,2025-04,0.7773972602739726,0.2226027397260274,65
2025-04-21,Plant C,M13,Assembly,Morning,Leo,189,1.6,3,No,240,0.8,0.015873015873015872,3000,5,Mid-life,2025-04,0.7875,0.21250000000000002,51
2025-04-21,Plant C,M14,Assembly,Morning,Zoe,189,1.1,3,No,227,0.8625,0.015873015873015872,3000,3,New,2025-04,0.8325991189427313,0.1674008810572687,38
2025-04-21,Plant C,M15,Packaging,Morning,Nina,242,1.1,5,No,287,0.8625,0.02066115702479339,3000,10,Old,2025-04,0.8432055749128919,0.15679442508710806,45
2025-04-21,Plant A,M01,Cutting,Morning,Liam,324,0.3,4,No,343,0.9625,0.012345679012345678,6000,3,New,2025-04,0.9446064139941691,0.055393586005830886,19
2025-04-21,Plant A,M02,Cutting,Afternoon,Ethan,253,1.3,4,No,308,0.8375,0.015810276679841896,6000,4,New,2025-04,0.8214285714285714,0.1785714285714286,55
2025-04-21,Plant A,M03,Assembly,Afternoon,Camille,221,1.4,6,No,271,0.825,0.027149321266968326,6000,11,Old,2025-04,0.8154981549815498,0.18450184501845024,50
2025-04-21,Plant A,M04,Packaging,Afternoon,Mia,267,1.4,5,No,328,0.825,0.018726591760299626,6000,5,Mid-life,2025-04,0.8140243902439024,0.18597560975609762,61
2025-04-21,Plant A,M05,Packaging,Night,Chloe,261,1.3,8,No,325,0.8375,0.03065134099616858,6000,6,Mid-life,2025-04,0.803076923076923,0.19692307692307698,64
2025-04-21,Plant B,M06,Cutting,Night,Lina,201,1.6,6,No,259,0.8,0.029850746268656716,4200,7,Mid-life,2025-04,0.7760617760617761,0.22393822393822393,58
2025-04-22,Plant A,M02,Cutting,Morning,Sofia,297,0.6,3,No,336,0.925,0.010101010101010102,6000,4,New,2025-04,0.8839285714285714,0.1160714285714286,39
2025-04-22,Plant A,M03,Assembly,Morning,Hugo,248,1.4,5,No,305,0.825,0.020161290322580645,6000,11,Old,2025-04,0.8131147540983606,0.18688524590163935,57
2025-04-22,Plant A,M04,Packaging,Morning,Liam,346,0.4,4,No,370,0.95,0.011560693641618497,6000,5,Mid-life,2025-04,0.9351351351351351,0.06486486486486487,24
2025-04-22,Plant A,M05,Packaging,Morning,Sofia,338,0.7,5,No,384,0.9125,0.014792899408284023,6000,6,Mid-life,2025-04,0.8802083333333334,0.11979166666666663,46
2025-04-22,Plant B,M06,Cutting,Afternoon,Nathan,221,1.5,5,No,280,0.8125,0.02262443438914027,4200,7,Mid-life,2025-04,0.7892857142857143,0.21071428571428574,59
2025-04-22,Plant B,M07,Assembly,Afternoon,Ella,185,2.0,6,No,256,0.75,0.032432432432432434,4200,12,Old,2025-04,0.72265625,0.27734375,71
2025-04-22,Plant B,M08,Assembly,Afternoon,Mason,225,1.0,4,No,266,0.875,0.017777777777777778,4200,4,New,2025-04,0.8458646616541353,0.15413533834586468,41
2025-04-22,Plant B,M09,Packaging,Night,Lina,235,1.4,7,No,292,0.825,0.029787234042553193,4200,8,Mid-life,2025-04,0.8047945205479452,0.1952054794520548,57
2025-04-22,Plant B,M10,Packaging,Night,James,239,1.2,7,No,296,0.85,0.029288702928870293,4200,6,Mid-life,2025-04,0.8074324324324325,0.19256756756756754,57
2025-04-22,Plant C,M11,Cutting,Night,Mila,168,1.9,6,No,231,0.7625,0.03571428571428571,3000,2,New,2025-04,0.7272727272727273,0.2727272727272727,63
2025-04-23,Plant B,M06,Cutting,Morning,Emma,290,0.7,4,No,313,0.9125,0.013793103448275862,4200,7,Mid-life,2025-04,0.9265175718849841,0.07348242811501593,23
2025-04-23,Plant B,M07,Assembly,Morning,Ava,230,1.4,6,No,275,0.825,0.02608695652173913,4200,12,Old,2025-04,0.8363636363636363,0.1636363636363637,45
2025-04-23,Plant B,M08,Assembly,Morning,Lucas,249,1.0,4,No,286,0.875,0.01606425702811245,4200,4,New,2025-04,0.8706293706293706,0.12937062937062938,37
2025-04-23,Plant B,M09,Packaging,Morning,Emma,290,0.7,3,No,325,0.9125,0.010344827586206896,4200,8,Mid-life,2025-04,0.8923076923076924,0.10769230769230764,35
2025-04-23,Plant B,M10,Packaging,Afternoon,Ella,275,1.1,7,No,326,0.8625,0.025454545454545455,4200,6,Mid-life,2025-04,0.843558282208589,0.15644171779141103,51
2025-04-23,Plant C,M11,Cutting,Afternoon,Aria,188,1.5,5,No,243,0.8125,0.026595744680851064,3000,2,New,2025-04,0.7736625514403292,0.22633744855967075,55
2025-04-23,Plant C,M12,Cutting,Afternoon,Mila,179,1.5,5,No,229,0.8125,0.027932960893854747,3000,9,Old,2025-04,0.7816593886462883,0.21834061135371174,50
2025-04-23,Plant C,M13,Assembly,Night,Jack,148,1.7,5,No,197,0.7875,0.033783783783783786,3000,5,Mid-life,2025-04,0.751269035532995,0.24873096446700504,49
2025-04-23,Plant C,M14,Assembly,Night,Mila,138,1.9,5,No,194,0.7625,0.036231884057971016,3000,3,New,2025-04,0.711340206185567,0.28865979381443296,56
2025-04-24,Plant B,M10,Packaging,Morning,Ava,307,0.6,4,No,336,0.925,0.013029315960912053,4200,6,Mid-life,2025-04,0.9136904761904762,0.08630952380952384,29
2025-04-24,Plant C,M11,Cutting,Morning,Zoe,222,1.0,4,No,262,0.875,0.018018018018018018,3000,2,New,2025-04,0.8473282442748091,0.15267175572519087,40
2025-04-24,Plant C,M12,Cutting,Morning,Nina,202,1.2,3,No,247,0.85,0.01485148514851485,3000,9,Old,2025-04,0.8178137651821862,0.18218623481781382,45
2025-04-24,Plant C,M13,Assembly,Morning,Leo,185,1.5,3,No,236,0.8125,0.016216216216216217,3000,5,Mid-life,2025-04,0.7838983050847458,0.21610169491525422,51
2025-04-24,Plant C,M14,Assembly,Afternoon,Aria,155,1.7,4,No,208,0.7875,0.025806451612903226,3000,3,New,2025-04,0.7451923076923077,0.2548076923076923,53
2025-04-24,Plant C,M15,Packaging,Afternoon,Mila,206,1.8,6,No,275,0.775,0.02912621359223301,3000,10,Old,2025-04,0.7490909090909091,0.25090909090909086,69
2025-04-24,Plant A,M01,Cutting,Afternoon,Mia,278,0.8,5,No,319,0.9,0.017985611510791366,6000,3,New,2025-04,0.8714733542319749,0.12852664576802508,41
2025-04-24,Plant A,M02,Cutting,Night,Chloe,227,1.2,6,No,281,0.85,0.02643171806167401,6000,4,New,2025-04,0.8078291814946619,0.19217081850533813,54
2025-04-24,Plant A,M03,Assembly,Night,Lucas,180,2.3,7,No,264,0.7125,0.03888888888888889,6000,11,Old,2025-04,0.6818181818181818,0.31818181818181823,84
2025-04-25,Plant C,M14,Assembly,Morning,Zoe,199,0.8,3,No,224,0.9,0.01507537688442211,3000,3,New,2025-04,0.8883928571428571,0.1116071428571429,25
2025-04-25,Plant C,M15,Packaging,Morning,Nina,242,1.2,4,No,292,0.85,0.01652892561983471,3000,10,Old,2025-04,0.8287671232876712,0.17123287671232879,50
2025-04-25,Plant A,M01,Cutting,Morning,Liam,328,0.3,5,No,343,0.9625,0.01524390243902439,6000,3,New,2025-04,0.956268221574344,0.04373177842565601,15
2025-04-25,Plant A,M02,Cutting,Morning,Sofia,290,0.6,3,No,325,0.925,0.010344827586206896,6000,4,New,2025-04,0.8923076923076924,0.10769230769230764,35
2025-04-25,Plant A,M03,Assembly,Afternoon,Camille,220,1.6,6,No,287,0.8,0.02727272727272727,6000,11,Old,2025-04,0.7665505226480837,0.23344947735191635,67
2025-04-25,Plant A,M04,Packaging,Afternoon,Mia,282,1.0,5,No,329,0.875,0.01773049645390071,6000,5,Mid-life,2025-04,0.8571428571428571,0.1428571428571429,47
2025-04-25,Plant A,M05,Packaging,Afternoon,Ethan,296,1.1,6,No,350,0.8625,0.02027027027027027,6000,6,Mid-life,2025-04,0.8457142857142858,0.15428571428571425,54
2025-04-25,Plant B,M06,Cutting,Night,Lina,193,1.6,6,No,255,0.8,0.031088082901554404,4200,7,Mid-life,2025-04,0.7568627450980392,0.2431372549019608,62
2025-04-25,Plant B,M07,Assembly,Night,James,146,2.6,6,No,228,0.675,0.0410958904109589,4200,12,Old,2025-04,0.6403508771929824,0.35964912280701755,82
2025-04-25,Plant B,M08,Assembly,Night,Harper,194,1.3,6,No,244,0.8375,0.030927835051546393,4200,4,New,2025-04,0.7950819672131147,0.20491803278688525,50
2025-04-28,Plant A,M03,Assembly,Morning,Hugo,252,1.3,5,No,305,0.8375,0.01984126984126984,6000,11,Old,2025-04,0.8262295081967214,0.17377049180327864,53
2025-04-28,Plant A,M04,Packaging,Morning,Liam,327,0.4,4,No,353,0.95,0.012232415902140673,6000,5,Mid-life,2025-04,0.9263456090651558,0.07365439093484416,26
2025-04-28,Plant A,M05,Packaging,Morning,Sofia,331,1.0,4,No,380,0.875,0.012084592145015106,6000,6,Mid-life,2025-04,0.8710526315789474,0.1289473684210526,49
2025-04-28,Plant B,M06,Cutting,Morning,Emma,272,0.6,3,No,299,0.925,0.011029411764705883,4200,7,Mid-life,2025-04,0.9096989966555183,0.09030100334448166,27
2025-04-28,Plant B,M07,Assembly,Afternoon,Ella,175,2.1,6,No,244,0.7375,0.03428571428571429,4200,12,Old,2025-04,0.7172131147540983,0.2827868852459017,69
2025-04-28,Plant B,M08,Assembly,Afternoon,Mason,216,1.2,4,No,260,0.85,0.018518518518518517,4200,4,New,2025-04,0.8307692307692308,0.16923076923076918,44
2025-04-28,Plant B,M09,Packaging,Afternoon,Nathan,255,1.0,5,No,299,0.875,0.0196078431372549,4200,8,Mid-life,2025-04,0.8528428093645485,0.14715719063545152,44
2025-04-28,Plant B,M10,Packaging,Night,James,219,1.5,6,No,284,0.8125,0.0273972602739726,4200,6,Mid-life,2025-04,0.7711267605633803,0.22887323943661975,65
2025-04-28,Plant C,M11,Cutting,Night,Mila,161,1.8,5,No,214,0.775,0.031055900621118012,3000,2,New,2025-04,0.7523364485981309,0.24766355140186913,53
2025-04-29,Plant B,M07,Assembly,Morning,Ava,228,1.6,5,No,280,0.8,0.021929824561403508,4200,12,Old,2025-04,0.8142857142857143,0.18571428571428572,52
2025-04-29,Plant B,M08,Assembly,Morning,Lucas,256,0.7,4,No,283,0.9125,0.015625,4200,4,New,2025-04,0.9045936395759717,0.09540636042402828,27
2025-04-29,Plant B,M09,Packaging,Morning,Emma,277,1.1,4,No,325,0.8625,0.01444043321299639,4200,8,Mid-life,2025-04,0.8523076923076923,0.14769230769230768,48
2025-04-29,Plant B,M10,Packaging,Morning,Ava,297,0.8,4,No,336,0.9,0.013468013468013467,4200,6,Mid-life,2025-04,0.8839285714285714,0.1160714285714286,39
2025-04-29,Plant C,M11,Cutting,Afternoon,Aria,180,1.7,4,No,237,0.7875,0.022222222222222223,3000,2,New,2025-04,0.759493670886076,0.240506329113924,57
2025-04-29,Plant C,M12,Cutting,Afternoon,Mila,186,1.2,4,No,224,0.85,0.021505376344086023,3000,9,Old,2025-04,0.8303571428571429,0.1696428571428571,38
2025-04-29,Plant C,M13,Assembly,Afternoon,Owen,185,1.1,4,No,220,0.8625,0.021621621621621623,3000,5,Mid-life,2025-04,0.8409090909090909,0.15909090909090906,35
2025-04-29,Plant C,M14,Assembly,Night,Mila,148,1.4,5,No,191,0.825,0.033783783783783786,3000,3,New,2025-04,0.774869109947644,0.22513089005235598,43
2025-04-29,Plant C,M15,Packaging,Night,Sami,190,1.7,6,No,253,0.7875,0.031578947368421054,3000,10,Old,2025-04,0.7509881422924901,0.2490118577075099,63
2025-04-30,Plant C,M11,Cutting,Morning,Zoe,219,1.0,3,No,253,0.875,0.0136986301369863,3000,2,New,2025-04,0.8656126482213439,0.13438735177865613,34
2025-04-30,Plant C,M12,Cutting,Morning,Nina,221,0.6,3,No,247,0.925,0.013574660633484163,3000,9,Old,2025-04,0.8947368421052632,0.10526315789473684,26
2025-04-30,Plant C,M13,Assembly,Morning,Leo,202,1.0,3,No,238,0.875,0.01485148514851485,3000,5,Mid-life,2025-04,0.8487394957983193,0.1512605042016807,36
2025-04-30,Plant C,M14,Assembly,Morning,Zoe,194,0.8,2,No,223,0.9,0.010309278350515464,3000,3,New,2025-04,0.8699551569506726,0.1300448430493274,29
2025-04-30,Plant C,M15,Packaging,Afternoon,Mila,219,1.2,5,No,270,0.85,0.0228310502283105,3000,10,Old,2025-04,0.8111111111111111,0.18888888888888888,51
2025-04-30,Plant A,M01,Cutting,Afternoon,Mia,285,0.8,6,No,327,0.9,0.021052631578947368,6000,3,New,2025-04,0.8715596330275229,0.12844036697247707,42
2025-04-30,Plant A,M02,Cutting,Afternoon,Ethan,268,0.9,5,No,307,0.8875,0.018656716417910446,6000,4,New,2025-04,0.8729641693811075,0.12703583061889245,39
2025-04-30,Plant A,M03,Assembly,Night,Lucas,189,2.1,7,No,269,0.7375,0.037037037037037035,6000,11,Old,2025-04,0.7026022304832714,0.2973977695167286,80
2025-04-30,Plant A,M04,Packaging,Night,Noah,237,1.6,6,No,312,0.8,0.02531645569620253,6000,5,Mid-life,2025-04,0.7596153846153846,0.24038461538461542,75
2025-05-01,Plant C,M15,Packaging,Morning,Nina,262,1.0,4,No,308,0.875,0.015267175572519083,3000,10,Old,2025-05,0.8506493506493507,0.14935064935064934,46
2025-05-01,Plant A,M01,Cutting,Morning,Liam,348,0.4,5,No,366,0.95,0.014367816091954023,6000,3,New,2025-05,0.9508196721311475,0.049180327868852514,18
2025-05-01,Plant A,M02,Cutting,Morning,Sofia,309,0.9,3,No,353,0.8875,0.009708737864077669,6000,4,New,2025-05,0.8753541076487252,0.12464589235127477,44
2025-05-01,Plant A,M03,Assembly,Morning,Hugo,255,1.4,5,No,316,0.825,0.0196078431372549,6000,11,Old,2025-05,0.8069620253164557,0.19303797468354433,61
2025-05-01,Plant A,M04,Packaging,Afternoon,Mia,285,1.2,5,No,352,0.85,0.017543859649122806,6000,5,Mid-life,2025-05,0.8096590909090909,0.19034090909090906,67
2025-05-01,Plant A,M05,Packaging,Afternoon,Ethan,337,0.8,6,No,382,0.9,0.017804154302670624,6000,6,Mid-life,2025-05,0.8821989528795812,0.11780104712041883,45
2025-05-01,Plant B,M06,Cutting,Afternoon,Nathan,244,1.3,5,No,298,0.8375,0.020491803278688523,4200,7,Mid-life,2025-05,0.8187919463087249,0.18120805369127513,54
2025-05-01,Plant B,M07,Assembly,Night,James,155,2.6,6,No,243,0.675,0.03870967741935484,4200,12,Old,2025-05,0.6378600823045267,0.36213991769547327,88
2025-05-01,Plant B,M08,Assembly,Night,Harper,198,1.6,6,No,258,0.8,0.030303030303030304,4200,4,New,2025-05,0.7674418604651163,0.2325581395348837,60
2025-05-01,Plant B,M09,Packaging,Night,Lina,222,1.6,7,No,290,0.8,0.03153153153153153,4200,8,Mid-life,2025-05,0.7655172413793103,0.23448275862068968,68
2025-05-02,Plant A,M04,Packaging,Morning,Liam,354,0.4,4,No,374,0.95,0.011299435028248588,6000,5,Mid-life,2025-05,0.946524064171123,0.053475935828877,20
2025-05-02,Plant A,M05,Packaging,Morning,Sofia,378,0.5,4,No,401,0.9375,0.010582010582010581,6000,6,Mid-life,2025-05,0.942643391521197,0.05735660847880297,23
2025-05-02,Plant B,M06,Cutting,Morning,Emma,278,0.7,4,No,313,0.9125,0.014388489208633094,4200,7,Mid-life,2025-05,0.8881789137380192,0.11182108626198084,35
2025-05-02,Plant B,M07,Assembly,Morning,Ava,234,1.5,5,No,291,0.8125,0.021367521367521368,4200,12,Old,2025-05,0.8041237113402062,0.19587628865979378,57
2025-05-02,Plant B,M08,Assembly,Afternoon,Mason,227,1.1,5,No,274,0.8625,0.022026431718061675,4200,4,New,2025-05,0.8284671532846716,0.17153284671532842,47
2025-05-02,Plant B,M09,Packaging,Afternoon,Nathan,261,1.1,5,No,314,0.8625,0.019157088122605363,4200,8,Mid-life,2025-05,0.8312101910828026,0.16878980891719741,53
2025-05-02,Plant B,M10,Packaging,Afternoon,Ella,257,1.3,5,No,325,0.8375,0.019455252918287938,4200,6,Mid-life,2025-05,0.7907692307692308,0.20923076923076922,68
2025-05-02,Plant C,M11,Cutting,Night,Mila,172,1.8,5,No,230,0.775,0.029069767441860465,3000,2,New,2025-05,0.7478260869565218,0.25217391304347825,58
2025-05-02,Plant C,M12,Cutting,Night,Sami,179,1.4,5,No,224,0.825,0.027932960893854747,3000,9,Old,2025-05,0.7991071428571429,0.2008928571428571,45
2025-05-05,Plant B,M08,Assembly,Morning,Lucas,262,0.7,4,No,295,0.9125,0.015267175572519083,4200,4,New,2025-05,0.888135593220339,0.11186440677966103,33
2025-05-05,Plant B,M09,Packaging,Morning,Emma,304,0.7,4,No,336,0.9125,0.013157894736842105,4200,8,Mid-life,2025-05,0.9047619047619048,0.09523809523809523,32
2025-05-05,Plant B,M10,Packaging,Morning,Ava,313,0.8,4,No,353,0.9,0.012779552715654952,4200,6,Mid-life,2025-05,0.886685552407932,0.11331444759206799,40
2025-05-05,Plant C,M11,Cutting,Morning,Zoe,239,0.9,4,No,267,0.8875,0.016736401673640166,3000,2,New,2025-05,0.8951310861423221,0.10486891385767794,28
2025-05-05,Plant C,M12,Cutting,Afternoon,Mila,180,1.8,4,No,238,0.775,0.022222222222222223,3000,9,Old,2025-05,0.7563025210084033,0.24369747899159666,58
2025-05-05,Plant C,M13,Assembly,Afternoon,Owen,190,1.1,4,No,228,0.8625,0.021052631578947368,3000,5,Mid-life,2025-05,0.8333333333333334,0.16666666666666663,38
2025-05-05,Plant C,M14,Assembly,Afternoon,Aria,180,1.2,4,No,218,0.85,0.022222222222222223,3000,3,New,2025-05,0.8256880733944955,0.17431192660550454,38
2025-05-05,Plant C,M15,Packaging,Night,Sami,202,1.5,6,No,262,0.8125,0.0297029702970297,3000,10,Old,2025-05,0.7709923664122137,0.2290076335877863,60
2025-05-05,Plant A,M01,Cutting,Night,Noah,256,1.0,7,No,308,0.875,0.02734375,6000,3,New,2025-05,0.8311688311688312,0.16883116883116878,52
2025-05-06,Plant C,M12,Cutting,Morning,Nina,224,1.0,4,No,259,0.875,0.017857142857142856,3000,9,Old,2025-05,0.8648648648648649,0.1351351351351351,35
2025-05-06,Plant C,M13,Assembly,Morning,Leo,220,0.7,3,No,246,0.9125,0.013636363636363636,3000,5,Mid-life,2025-05,0.8943089430894309,0.10569105691056913,26
2025-05-06,Plant C,M14,Assembly,Morning,Zoe,217,0.5,3,No,236,0.9375,0.013824884792626729,3000,3,New,2025-05,0.9194915254237288,0.0805084745762712,19
2025-05-06,Plant C,M15,Packaging,Morning,Nina,272,0.8,4,No,305,0.9,0.014705882352941176,3000,10,Old,2025-05,0.8918032786885246,0.1081967213114754,33
2025-05-06,Plant A,M01,Cutting,Afternoon,Mia,283,1.0,6,No,330,0.875,0.02120141342756184,6000,3,New,2025-05,0.8575757575757575,0.14242424242424245,47
2025-05-06,Plant A,M02,Cutting,Afternoon,Ethan,287,0.7,5,No,325,0.9125,0.017421602787456445,6000,4,New,2025-05,0.8830769230769231,0.11692307692307691,38
2025-05-06,Plant A,M03,Assembly,Afternoon,Camille,223,1.8,6,No,300,0.775,0.026905829596412557,6000,11,Old,2025-05,0.7433333333333333,0.2566666666666667,77
2025-05-06,Plant A,M04,Packaging,Night,Noah,250,1.5,7,No,325,0.8125,0.028,6000,5,Mid-life,2025-05,0.7692307692307693,0.23076923076923073,75
2025-05-06,Plant A,M05,Packaging,Night,Chloe,270,1.2,7,No,335,0.85,0.025925925925925925,6000,6,Mid-life,2025-05,0.8059701492537313,0.19402985074626866,65
2025-05-06,Plant B,M06,Cutting,Night,Lina,209,1.4,6,No,273,0.825,0.028708133971291867,4200,7,Mid-life,2025-05,0.7655677655677655,0.2344322344322345,64
2025-05-07,Plant A,M01,Cutting,Morning,Liam,319,0.7,4,No,361,0.9125,0.012539184952978056,6000,3,New,2025-05,0.8836565096952909,0.11634349030470914,42
2025-05-07,Plant A,M02,Cutting,Morning,Sofia,313,0.7,4,No,348,0.9125,0.012779552715654952,6000,4,New,2025-05,0.8994252873563219,0.10057471264367812,35
2025-05-07,Plant A,M03,Assembly,Morning,Hugo,272,1.0,5,No,318,0.875,0.01838235294117647,6000,11,Old,2025-05,0.8553459119496856,0.14465408805031443,46
2025-05-07,Plant A,M04,Packaging,Morning,Liam,333,0.8,4,No,377,0.9,0.012012012012012012,6000,5,Mid-life,2025-05,0.883289124668435,0.11671087533156499,44
2025-05-07,Plant A,M05,Packaging,Afternoon,Ethan,315,1.1,7,No,375,0.8625,0.022222222222222223,6000,6,Mid-life,2025-05,0.84,0.16000000000000003,60
2025-05-07,Plant B,M06,Cutting,Afternoon,Nathan,247,1.1,5,No,294,0.8625,0.020242914979757085,4200,7,Mid-life,2025-05,0.8401360544217688,0.15986394557823125,47
2025-05-07,Plant B,M07,Assembly,Afternoon,Ella,202,1.7,6,No,266,0.7875,0.0297029702970297,4200,12,Old,2025-05,0.7593984962406015,0.24060150375939848,64
2025-05-07,Plant B,M08,Assembly,Night,Harper,197,1.3,6,No,250,0.8375,0.030456852791878174,4200,4,New,2025-05,0.788,0.21199999999999997,53
2025-05-07,Plant B,M09,Packaging,Night,Lina,238,1.3,6,No,298,0.8375,0.025210084033613446,4200,8,Mid-life,2025-05,0.7986577181208053,0.20134228187919467,60
2025-05-08,Plant A,M05,Packaging,Morning,Sofia,361,0.7,4,No,398,0.9125,0.0110803324099723,6000,6,Mid-life,2025-05,0.907035175879397,0.09296482412060303,37
2025-05-08,Plant B,M06,Cutting,Morning,Emma,294,0.4,4,No,319,0.95,0.013605442176870748,4200,7,Mid-life,2025-05,0.9216300940438872,0.07836990595611282,25
2025-05-08,Plant B,M07,Assembly,Morning,Ava,226,1.7,5,No,292,0.7875,0.022123893805309734,4200,12,Old,2025-05,0.773972602739726,0.226027397260274,66
2025-05-08,Plant B,M08,Assembly,Morning,Lucas,253,0.8,3,No,287,0.9,0.011857707509881422,4200,4,New,2025-05,0.8815331010452961,0.11846689895470386,34
2025-05-08,Plant B,M09,Packaging,Afternoon,Nathan,264,1.2,5,No,316,0.85,0.01893939393939394,4200,8,Mid-life,2025-05,0.8354430379746836,0.16455696202531644,52
2025-05-08,Plant B,M10,Packaging,Afternoon,Ella,276,1.2,6,No,335,0.85,0.021739130434782608,4200,6,Mid-life,2025-05,0.8238805970149253,0.17611940298507467,59
2025-05-08,Plant C,M11,Cutting,Afternoon,Aria,187,1.8,4,No,247,0.775,0.0213903743315508,3000,2,New,2025-05,0.757085020242915,0.24291497975708498,60
2025-05-08,Plant C,M12,Cutting,Night,Sami,163,1.9,5,No,221,0.7625,0.03067484662576687,3000,9,Old,2025-05,0.7375565610859729,0.2624434389140271,58
2025-05-08,Plant C,M13,Assembly,Night,Jack,168,1.5,5,No,216,0.8125,0.02976190476190476,3000,5,Mid-life,2025-05,0.7777777777777778,0.2222222222222222,48
2025-05-09,Plant B,M09,Packaging,Morning,Emma,308,0.6,4,No,338,0.925,0.012987012987012988,4200,8,Mid-life,2025-05,0.9112426035502958,0.08875739644970415,30
2025-05-09,Plant B,M10,Packaging,Morning,Ava,304,1.1,4,No,358,0.8625,0.013157894736842105,4200,6,Mid-life,2025-05,0.8491620111731844,0.15083798882681565,54
2025-05-09,Plant C,M11,Cutting,Morning,Zoe,227,1.0,3,No,265,0.875,0.013215859030837005,3000,2,New,2025-05,0.8566037735849057,0.1433962264150943,38
2025-05-09,Plant C,M12,Cutting,Morning,Nina,230,0.7,3,No,256,0.9125,0.013043478260869565,3000,9,Old,2025-05,0.8984375,0.1015625,26
2025-05-09,Plant C,M13,Assembly,Afternoon,Owen,179,1.6,4,No,228,0.8,0.0223463687150838,3000,5,Mid-life,2025-05,0.7850877192982456,0.2149122807017544,49
2025-05-09,Plant C,M14,Assembly,Afternoon,Aria,171,1.3,4,No,213,0.8375,0.023391812865497075,3000,3,New,2025-05,0.8028169014084507,0.19718309859154926,42
2025-05-09,Plant C,M15,Packaging,Afternoon,Mila,226,1.3,4,No,283,0.8375,0.017699115044247787,3000,10,Old,2025-05,0.7985865724381626,0.20141342756183744,57
2025-05-09,Plant A,M01,Cutting,Night,Noah,242,1.4,7,No,300,0.825,0.028925619834710745,6000,3,New,2025-05,0.8066666666666666,0.19333333333333336,58
2025-05-09,Plant A,M02,Cutting,Night,Chloe,221,1.6,6,No,286,0.8,0.027149321266968326,6000,4,New,2025-05,0.7727272727272727,0.2272727272727273,65
2025-05-09,Plant A,M03,Assembly,Night,Lucas,189,2.2,6,No,271,0.725,0.031746031746031744,6000,11,Old,2025-05,0.6974169741697417,0.3025830258302583,82
2025-05-12,Plant C,M13,Assembly,Morning,Leo,226,0.4,4,No,242,0.95,0.017699115044247787,3000,5,Mid-life,2025-05,0.9338842975206612,0.06611570247933884,16
2025-05-12,Plant C,M14,Assembly,Morning,Zoe,206,0.8,3,No,230,0.9,0.014563106796116505,3000,3,New,2025-05,0.8956521739130435,0.10434782608695647,24
2025-05-12,Plant C,M15,Packaging,Morning,Nina,265,1.0,4,No,303,0.875,0.01509433962264151,3000,10,Old,2025-05,0.8745874587458746,0.12541254125412538,38
2025-05-12,Plant A,M01,Cutting,Morning,Liam,321,0.6,3,No,353,0.925,0.009345794392523364,6000,3,New,2025-05,0.9093484419263456,0.09065155807365444,32
2025-05-12,Plant A,M02,Cutting,Afternoon,Ethan,264,1.0,5,No,310,0.875,0.01893939393939394,6000,4,New,2025-05,0.8516129032258064,0.1483870967741936,46
2025-05-12,Plant A,M03,Assembly,Afternoon,Camille,217,1.9,6,No,290,0.7625,0.027649769585253458,6000,11,Old,2025-05,0.7482758620689656,0.25172413793103443,73
2025-05-12,Plant A,M04,Packaging,Afternoon,Mia,296,1.0,6,No,343,0.875,0.02027027027027027,6000,5,Mid-life,2025-05,0.8629737609329446,0.13702623906705536,47
2025-05-12,Plant A,M05,Packaging,Night,Chloe,266,1.4,7,No,331,0.825,0.02631578947368421,6000,6,Mid-life,2025-05,0.8036253776435045,0.1963746223564955,65
2025-05-12,Plant B,M06,Cutting,Night,Lina,204,1.5,6,No,266,0.8125,0.029411764705882353,4200,7,Mid-life,2025-05,0.7669172932330827,0.23308270676691734,62
2025-05-13,Plant A,M02,Cutting,Morning,Sofia,316,0.5,4,No,338,0.9375,0.012658227848101266,6000,4,New,2025-05,0.9349112426035503,0.0650887573964497,22
2025-05-13,Plant A,M03,Assembly,Morning,Hugo,257,1.4,5,No,317,0.825,0.019455252918287938,6000,11,Old,2025-05,0.8107255520504731,0.18927444794952686,60
2025-05-13,Plant A,M04,Packaging,Morning,Liam,347,0.5,4,No,376,0.9375,0.011527377521613832,6000,5,Mid-life,2025-05,0.9228723404255319,0.0771276595744681,29
2025-05-13,Plant A,M05,Packaging,Morning,Sofia,369,0.5,5,No,392,0.9375,0.013550135501355014,6000,6,Mid-life,2025-05,0.9413265306122449,0.058673469387755084,23
2025-05-13,Plant B,M06,Cutting,Afternoon,Nathan,249,0.8,6,No,286,0.9,0.024096385542168676,4200,7,Mid-life,2025-05,0.8706293706293706,0.12937062937062938,37
2025-05-13,Plant B,M07,Assembly,Afternoon,Ella,183,2.3,6,No,263,0.7125,0.03278688524590164,4200,12,Old,2025-05,0.6958174904942965,0.30418250950570347,80
2025-05-13,Plant B,M08,Assembly,Afternoon,Mason,214,1.4,5,No,268,0.825,0.02336448598130841,4200,4,New,2025-05,0.7985074626865671,0.20149253731343286,54
2025-05-13,Plant B,M09,Packaging,Night,Lina,224,1.5,6,No,288,0.8125,0.026785714285714284,4200,8,Mid-life,2025-05,0.7777777777777778,0.2222222222222222,64
2025-05-13,Plant B,M10,Packaging,Night,James,238,1.4,7,No,305,0.825,0.029411764705882353,4200,6,Mid-life,2025-05,0.780327868852459,0.21967213114754103,67
2025-05-14,Plant B,M06,Cutting,Morning,Emma,294,0.6,4,No,321,0.925,0.013605442176870748,4200,7,Mid-life,2025-05,0.9158878504672897,0.08411214953271029,27
2025-05-14,Plant B,M07,Assembly,Morning,Ava,210,1.8,5,No,281,0.775,0.023809523809523808,4200,12,Old,2025-05,0.7473309608540926,0.25266903914590744,71
2025-05-14,Plant B,M08,Assembly,Morning,Lucas,266,0.7,4,No,295,0.9125,0.015037593984962405,4200,4,New,2025-05,0.9016949152542373,0.09830508474576272,29
2025-05-14,Plant B,M09,Packaging,Morning,Emma,296,0.9,4,No,338,0.8875,0.013513513513513514,4200,8,Mid-life,2025-05,0.8757396449704142,0.12426035502958577,42
2025-05-14,Plant B,M10,Packaging,Afternoon,Ella,270,1.4,6,No,331,0.825,0.022222222222222223,4200,6,Mid-life,2025-05,0.8157099697885196,0.18429003021148038,61
2025-05-14,Plant C,M11,Cutting,Afternoon,Aria,203,1.3,5,No,247,0.8375,0.024630541871921183,3000,2,New,2025-05,0.8218623481781376,0.17813765182186236,44
2025-05-14,Plant C,M12,Cutting,Afternoon,Mila,196,1.3,4,No,241,0.8375,0.02040816326530612,3000,9,Old,2025-05,0.8132780082987552,0.18672199170124482,45
2025-05-14,Plant C,M13,Assembly,Night,Jack,156,1.6,5,No,204,0.8,0.03205128205128205,3000,5,Mid-life,2025-05,0.7647058823529411,0.23529411764705888,48
2025-05-14,Plant C,M14,Assembly,Night,Mila,153,1.7,5,No,198,0.7875,0.032679738562091505,3000,3,New,2025-05,0.7727272727272727,0.2272727272727273,45
2025-05-14,Plant C,M15,Packaging,Night,Sami,206,1.6,6,No,263,0.8,0.02912621359223301,3000,10,Old,2025-05,0.7832699619771863,0.21673003802281365,57
2025-05-15,Plant B,M10,Packaging,Morning,Ava,320,0.6,4,No,354,0.925,0.0125,4200,6,Mid-life,2025-05,0.903954802259887,0.096045197740113,34
2025-05-15,Plant C,M11,Cutting,Morning,Zoe,231,1.2,3,No,274,0.85,0.012987012987012988,3000,2,New,2025-05,0.843065693430657,0.15693430656934304,43
2025-05-15,Plant C,M12,Cutting,Morning,Nina,235,0.7,3,No,263,0.9125,0.01276595744680851,3000,9,Old,2025-05,0.8935361216730038,0.10646387832699622,28
2025-05-15,Plant C,M13,Assembly,Morning,Leo,218,1.1,3,No,249,0.8625,0.013761467889908258,3000,5,Mid-life,2025-05,0.8755020080321285,0.12449799196787148,31
2025-05-15,Plant C,M14,Assembly,Afternoon,Aria,183,1.3,4,No,223,0.8375,0.02185792349726776,3000,3,New,2025-05,0.820627802690583,0.179372197309417,40
2025-05-15,Plant C,M15,Packaging,Afternoon,Mila,230,1.4,5,No,288,0.825,0.021739130434782608,3000,10,Old,2025-05,0.7986111111111112,0.20138888888888884,58
2025-05-15,Plant A,M01,Cutting,Afternoon,Mia,282,0.9,4,No,330,0.8875,0.014184397163120567,6000,3,New,2025-05,0.8545454545454545,0.1454545454545455,48
2025-05-15,Plant A,M02,Cutting,Night,Chloe,226,1.6,6,No,298,0.8,0.02654867256637168,6000,4,New,2025-05,0.7583892617449665,0.24161073825503354,72
2025-05-15,Plant A,M03,Assembly,Night,Lucas,190,2.1,6,No,272,0.7375,0.031578947368421054,6000,11,Old,2025-05,0.6985294117647058,0.30147058823529416,82
2025-05-16,Plant C,M14,Assembly,Morning,Zoe,213,0.8,3,No,235,0.9,0.014084507042253521,3000,3,New,2025-05,0.9063829787234042,0.09361702127659577,22
2025-05-16,Plant C,M15,Packaging,Morning,Nina,253,1.1,4,No,296,0.8625,0.015810276679841896,3000,10,Old,2025-05,0.8547297297297297,0.14527027027027029,43
2025-05-16,Plant A,M01,Cutting,Morning,Liam,331,0.5,4,No,359,0.9375,0.012084592145015106,6000,3,New,2025-05,0.9220055710306406,0.07799442896935938,28
2025-05-16,Plant A,M02,Cutting,Morning,Sofia,309,0.6,4,No,334,0.925,0.012944983818770227,6000,4,New,2025-05,0.9251497005988024,0.07485029940119758,25
2025-05-16,Plant A,M03,Assembly,Afternoon,Camille,234,1.4,6,No,287,0.825,0.02564102564102564,6000,11,Old,2025-05,0.8153310104529616,0.18466898954703836,53
2025-05-16,Plant A,M04,Packaging,Afternoon,Mia,283,1.0,6,No,340,0.875,0.02120141342756184,6000,5,Mid-life,2025-05,0.8323529411764706,0.16764705882352937,57
2025-05-16,Plant A,M05,Packaging,Afternoon,Ethan,296,1.3,6,No,364,0.8375,0.02027027027027027,6000,6,Mid-life,2025-05,0.8131868131868132,0.18681318681318682,68
2025-05-16,Plant B,M06,Cutting,Night,Lina,206,1.6,6,No,267,0.8,0.02912621359223301,4200,7,Mid-life,2025-05,0.7715355805243446,0.22846441947565543,61
2025-05-16,Plant B,M07,Assembly,Night,James,169,2.3,7,No,242,0.7125,0.04142011834319527,4200,12,Old,2025-05,0.6983471074380165,0.30165289256198347,73
2025-05-19,Plant A,M03,Assembly,Morning,Hugo,258,1.3,5,No,311,0.8375,0.01937984496124031,6000,11,Old,2025-05,0.8295819935691319,0.17041800643086813,53
2025-05-19,Plant A,M04,Packaging,Morning,Liam,327,0.6,4,No,366,0.925,0.012232415902140673,6000,5,Mid-life,2025-05,0.8934426229508197,0.10655737704918034,39
2025-05-19,Plant A,M05,Packaging,Morning,Sofia,366,0.3,5,No,385,0.9625,0.01366120218579235,6000,6,Mid-life,2025-05,0.9506493506493506,0.04935064935064937,19
2025-05-19,Plant B,M06,Cutting,Morning,Emma,267,0.8,3,No,309,0.9,0.011235955056179775,4200,7,Mid-life,2025-05,0.8640776699029126,0.13592233009708743,42
2025-05-19,Plant B,M07,Assembly,Afternoon,Ella,125,3.9,5,Yes,266,0.5125,0.04,4200,12,Old,2025-05,0.4699248120300752,0.5300751879699248,141
2025-05-19,Plant B,M08,Assembly,Afternoon,Mason,221,1.2,4,No,269,0.85,0.01809954751131222,4200,4,New,2025-05,0.8215613382899628,0.1784386617100372,48
2025-05-19,Plant B,M09,Packaging,Afternoon,Nathan,267,0.9,6,No,309,0.8875,0.02247191011235955,4200,8,Mid-life,2025-05,0.8640776699029126,0.13592233009708743,42
2025-05-19,Plant B,M10,Packaging,Night,James,231,1.6,6,No,303,0.8,0.025974025974025976,4200,6,Mid-life,2025-05,0.7623762376237624,0.2376237623762376,72
2025-05-19,Plant C,M11,Cutting,Night,Mila,162,1.8,5,No,221,0.775,0.030864197530864196,3000,2,New,2025-05,0.7330316742081447,0.26696832579185525,59
2025-05-20,Plant B,M07,Assembly,Morning,Ava,175,2.6,6,No,282,0.675,0.03428571428571429,4200,12,Old,2025-05,0.6205673758865248,0.3794326241134752,107
2025-05-20,Plant B,M08,Assembly,Morning,Lucas,261,0.6,4,No,289,0.925,0.01532567049808429,4200,4,New,2025-05,0.903114186851211,0.09688581314878897,28
2025-05-20,Plant B,M09,Packaging,Morning,Emma,305,0.7,4,No,337,0.9125,0.013114754098360656,4200,8,Mid-life,2025-05,0.9050445103857567,0.09495548961424327,32
2025-05-20,Plant B,M10,Packaging,Morning,Ava,315,0.8,4,No,352,0.9,0.012698412698412698,4200,6,Mid-life,2025-05,0.8948863636363636,0.10511363636363635,37
2025-05-20,Plant C,M11,Cutting,Afternoon,Aria,210,1.0,5,No,250,0.875,0.023809523809523808,3000,2,New,2025-05,0.84,0.16000000000000003,40
2025-05-20,Plant C,M12,Cutting,Afternoon,Mila,193,1.3,4,No,237,0.8375,0.02072538860103627,3000,9,Old,2025-05,0.8143459915611815,0.18565400843881852,44
2025-05-20,Plant C,M13,Assembly,Afternoon,Owen,185,1.4,4,No,229,0.825,0.021621621621621623,3000,5,Mid-life,2025-05,0.8078602620087336,0.19213973799126638,44
2025-05-20,Plant C,M14,Assembly,Night,Mila,159,1.6,5,No,206,0.8,0.031446540880503145,3000,3,New,2025-05,0.7718446601941747,0.22815533980582525,47
2025-05-20,Plant C,M15,Packaging,Night,Sami,208,1.4,7,No,262,0.825,0.03365384615384615,3000,10,Old,2025-05,0.7938931297709924,0.20610687022900764,54
2025-05-20,Plant A,M01,Cutting,Night,Noah,243,1.3,6,No,306,0.8375,0.024691358024691357,6000,3,New,2025-05,0.7941176470588235,0.20588235294117652,63
2025-05-21,Plant C,M11,Cutting,Morning,Zoe,248,0.7,3,No,277,0.9125,0.012096774193548387,3000,2,New,2025-05,0.8953068592057761,0.10469314079422387,29
2025-05-21,Plant C,M12,Cutting,Morning,Nina,235,0.5,5,No,253,0.9375,0.02127659574468085,3000,9,Old,2025-05,0.9288537549407114,0.07114624505928857,18
2025-05-21,Plant C,M13,Assembly,Morning,Leo,228,0.5,3,No,244,0.9375,0.013157894736842105,3000,5,Mid-life,2025-05,0.9344262295081968,0.06557377049180324,16
2025-05-21,Plant C,M14,Assembly,Morning,Zoe,212,0.8,3,No,241,0.9,0.014150943396226415,3000,3,New,2025-05,0.8796680497925311,0.1203319502074689,29
2025-05-21,Plant C,M15,Packaging,Afternoon,Mila,236,1.2,5,No,288,0.85,0.0211864406779661,3000,10,Old,2025-05,0.8194444444444444,0.18055555555555558,52
2025-05-21,Plant A,M01,Cutting,Afternoon,Mia,271,1.1,5,No,331,0.8625,0.01845018450184502,6000,3,New,2025-05,0.8187311178247734,0.18126888217522663,60
2025-05-21,Plant A,M02,Cutting,Afternoon,Ethan,274,1.1,5,No,325,0.8625,0.01824817518248175,6000,4,New,2025-05,0.8430769230769231,0.15692307692307694,51
2025-05-21,Plant A,M03,Assembly,Night,Lucas,196,2.2,7,No,281,0.725,0.03571428571428571,6000,11,Old,2025-05,0.697508896797153,0.302491103202847,85
2025-05-21,Plant A,M04,Packaging,Night,Noah,257,1.3,7,No,327,0.8375,0.027237354085603113,6000,5,Mid-life,2025-05,0.7859327217125383,0.21406727828746175,70
2025-05-22,Plant C,M15,Packaging,Morning,Nina,261,1.0,4,No,306,0.875,0.01532567049808429,3000,10,Old,2025-05,0.8529411764705882,0.1470588235294118,45
2025-05-22,Plant A,M01,Cutting,Morning,Liam,320,0.6,4,No,360,0.925,0.0125,6000,3,New,2025-05,0.8888888888888888,0.11111111111111116,40
2025-05-22,Plant A,M02,Cutting,Morning,Sofia,320,0.4,5,No,336,0.95,0.015625,6000,4,New,2025-05,0.9523809523809523,0.04761904761904767,16
2025-05-22,Plant A,M03,Assembly,Morning,Hugo,258,1.3,6,No,313,0.8375,0.023255813953488372,6000,11,Old,2025-05,0.8242811501597445,0.17571884984025554,55
2025-05-22,Plant A,M04,Packaging,Afternoon,Mia,298,1.0,5,No,345,0.875,0.016778523489932886,6000,5,Mid-life,2025-05,0.863768115942029,0.13623188405797104,47
2025-05-22,Plant A,M05,Packaging,Afternoon,Ethan,325,0.8,5,No,373,0.9,0.015384615384615385,6000,6,Mid-life,2025-05,0.871313672922252,0.12868632707774796,48
2025-05-22,Plant B,M06,Cutting,Afternoon,Nathan,233,1.3,5,No,287,0.8375,0.02145922746781116,4200,7,Mid-life,2025-05,0.8118466898954704,0.18815331010452963,54
2025-05-22,Plant B,M07,Assembly,Night,James,165,2.3,7,No,241,0.7125,0.04242424242424243,4200,12,Old,2025-05,0.6846473029045643,0.3153526970954357,76
2025-05-22,Plant B,M08,Assembly,Night,Harper,194,1.3,6,No,242,0.8375,0.030927835051546393,4200,4,New,2025-05,0.8016528925619835,0.19834710743801653,48
2025-05-23,Plant A,M04,Packaging,Morning,Liam,332,0.7,4,No,371,0.9125,0.012048192771084338,6000,5,Mid-life,2025-05,0.894878706199461,0.10512129380053903,39
2025-05-23,Plant A,M05,Packaging,Morning,Sofia,340,0.9,4,No,393,0.8875,0.011764705882352941,6000,6,Mid-life,2025-05,0.8651399491094147,0.13486005089058528,53
2025-05-23,Plant B,M06,Cutting,Morning,Emma,267,1.0,4,No,311,0.875,0.0149812734082397,4200,7,Mid-life,2025-05,0.8585209003215434,0.14147909967845662,44
2025-05-23,Plant B,M07,Assembly,Morning,Ava,225,1.6,5,No,286,0.8,0.022222222222222223,4200,12,Old,2025-05,0.7867132867132867,0.21328671328671334,61
2025-05-23,Plant B,M08,Assembly,Afternoon,Mason,216,1.4,5,No,269,0.825,0.023148148148148147,4200,4,New,2025-05,0.8029739776951673,0.19702602230483268,53
2025-05-23,Plant B,M09,Packaging,Afternoon,Nathan,267,1.0,5,No,307,0.875,0.018726591760299626,4200,8,Mid-life,2025-05,0.8697068403908795,0.13029315960912047,40
2025-05-23,Plant B,M10,Packaging,Afternoon,Ella,259,1.4,6,No,322,0.825,0.023166023166023165,4200,6,Mid-life,2025-05,0.8043478260869565,0.19565217391304346,63
2025-05-23,Plant C,M11,Cutting,Night,Mila,179,1.4,5,No,228,0.825,0.027932960893854747,3000,2,New,2025-05,0.7850877192982456,0.2149122807017544,49
2025-05-23,Plant C,M12,Cutting,Night,Sami,169,1.6,5,No,216,0.8,0.029585798816568046,3000,9,Old,2025-05,0.7824074074074074,0.21759259259259256,47
2025-05-23,Plant C,M13,Assembly,Night,Jack,159,1.5,5,No,198,0.8125,0.031446540880503145,3000,5,Mid-life,2025-05,0.803030303030303,0.19696969696969702,39
2025-05-26,Plant B,M08,Assembly,Morning,Lucas,247,0.9,3,No,285,0.8875,0.012145748987854251,4200,4,New,2025-05,0.8666666666666667,0.1333333333333333,38
2025-05-26,Plant B,M09,Packaging,Morning,Emma,287,0.8,4,No,331,0.9,0.013937282229965157,4200,8,Mid-life,2025-05,0.8670694864048338,0.13293051359516617,44
2025-05-26,Plant B,M10,Packaging,Morning,Ava,313,0.7,4,No,347,0.9125,0.012779552715654952,4200,6,Mid-life,2025-05,0.9020172910662824,0.09798270893371763,34
2025-05-26,Plant C,M11,Cutting,Morning,Zoe,248,0.6,3,No,267,0.925,0.012096774193548387,3000,2,New,2025-05,0.9288389513108615,0.07116104868913853,19
2025-05-26,Plant C,M12,Cutting,Afternoon,Mila,188,1.3,4,No,227,0.8375,0.02127659574468085,3000,9,Old,2025-05,0.8281938325991189,0.17180616740088106,39
2025-05-26,Plant C,M13,Assembly,Afternoon,Owen,180,1.3,4,No,225,0.8375,0.022222222222222223,3000,5,Mid-life,2025-05,0.8,0.19999999999999996,45
2025-05-26,Plant C,M14,Assembly,Afternoon,Aria,178,1.0,3,No,209,0.875,0.016853932584269662,3000,3,New,2025-05,0.8516746411483254,0.14832535885167464,31
2025-05-26,Plant C,M15,Packaging,Night,Sami,207,1.3,6,No,258,0.8375,0.028985507246376812,3000,10,Old,2025-05,0.8023255813953488,0.19767441860465118,51
2025-05-26,Plant A,M01,Cutting,Night,Noah,246,1.4,6,No,308,0.825,0.024390243902439025,6000,3,New,2025-05,0.7987012987012987,0.2012987012987013,62
2025-05-27,Plant C,M12,Cutting,Morning,Nina,231,0.6,3,No,255,0.925,0.012987012987012988,3000,9,Old,2025-05,0.9058823529411765,0.09411764705882353,24
2025-05-27,Plant C,M13,Assembly,Morning,Leo,217,0.6,2,No,242,0.925,0.009216589861751152,3000,5,Mid-life,2025-05,0.8966942148760331,0.10330578512396693,25
2025-05-27,Plant C,M14,Assembly,Morning,Zoe,195,1.0,3,No,231,0.875,0.015384615384615385,3000,3,New,2025-05,0.8441558441558441,0.1558441558441559,36
2025-05-27,Plant C,M15,Packaging,Morning,Nina,282,0.7,5,No,312,0.9125,0.01773049645390071,3000,10,Old,2025-05,0.9038461538461539,0.09615384615384615,30
2025-05-27,Plant A,M01,Cutting,Afternoon,Mia,297,0.7,5,No,337,0.9125,0.016835016835016835,6000,3,New,2025-05,0.8813056379821959,0.11869436201780414,40
2025-05-27,Plant A,M02,Cutting,Afternoon,Ethan,288,0.7,5,No,330,0.9125,0.017361111111111112,6000,4,New,2025-05,0.8727272727272727,0.12727272727272732,42
2025-05-27,Plant A,M03,Assembly,Afternoon,Camille,218,2.0,6,No,291,0.75,0.027522935779816515,6000,11,Old,2025-05,0.7491408934707904,0.2508591065292096,73
2025-05-27,Plant A,M04,Packaging,Night,Noah,268,0.9,7,No,317,0.8875,0.026119402985074626,6000,5,Mid-life,2025-05,0.8454258675078864,0.1545741324921136,49
2025-05-27,Plant A,M05,Packaging,Night,Chloe,270,1.4,7,No,341,0.825,0.025925925925925925,6000,6,Mid-life,2025-05,0.7917888563049853,0.2082111436950147,71
2025-05-28,Plant A,M01,Cutting,Morning,Liam,342,0.4,4,No,363,0.95,0.011695906432748537,6000,3,New,2025-05,0.9421487603305785,0.05785123966942152,21
2025-05-28,Plant A,M02,Cutting,Morning,Sofia,307,0.8,3,No,352,0.9,0.009771986970684038,6000,4,New,2025-05,0.8721590909090909,0.12784090909090906,45
2025-05-28,Plant A,M03,Assembly,Morning,Hugo,275,1.1,5,No,321,0.8625,0.01818181818181818,6000,11,Old,2025-05,0.8566978193146417,0.14330218068535827,46
2025-05-28,Plant A,M04,Packaging,Morning,Liam,346,0.7,5,No,384,0.9125,0.014450867052023121,6000,5,Mid-life,2025-05,0.9010416666666666,0.09895833333333337,38
2025-05-28,Plant A,M05,Packaging,Afternoon,Ethan,322,1.1,6,No,378,0.8625,0.018633540372670808,6000,6,Mid-life,2025-05,0.8518518518518519,0.14814814814814814,56
2025-05-28,Plant B,M06,Cutting,Afternoon,Nathan,253,1.0,6,No,295,0.875,0.023715415019762844,4200,7,Mid-life,2025-05,0.8576271186440678,0.14237288135593218,42
2025-05-28,Plant B,M07,Assembly,Afternoon,Ella,181,2.3,6,No,268,0.7125,0.03314917127071823,4200,12,Old,2025-05,0.6753731343283582,0.3246268656716418,87
2025-05-28,Plant B,M08,Assembly,Night,Harper,211,1.3,6,No,256,0.8375,0.02843601895734597,4200,4,New,2025-05,0.82421875,0.17578125,45
2025-05-28,Plant B,M09,Packaging,Night,Lina,222,1.5,6,No,294,0.8125,0.02702702702702703,4200,8,Mid-life,2025-05,0.7551020408163265,0.24489795918367352,72
2025-05-28,Plant B,M10,Packaging,Night,James,248,1.3,8,No,313,0.8375,0.03225806451612903,4200,6,Mid-life,2025-05,0.792332268370607,0.207667731629393,65
2025-05-29,Plant A,M05,Packaging,Morning,Sofia,359,0.8,4,No,407,0.9,0.011142061281337047,6000,6,Mid-life,2025-05,0.8820638820638821,0.11793611793611791,48
2025-05-29,Plant B,M06,Cutting,Morning,Emma,285,0.5,4,No,313,0.9375,0.014035087719298246,4200,7,Mid-life,2025-05,0.9105431309904153,0.08945686900958472,28
2025-05-29,Plant B,M07,Assembly,Morning,Ava,233,1.3,6,No,282,0.8375,0.02575107296137339,4200,12,Old,2025-05,0.8262411347517731,0.17375886524822692,49
2025-05-29,Plant B,M08,Assembly,Morning,Lucas,277,0.6,4,No,303,0.925,0.01444043321299639,4200,4,New,2025-05,0.9141914191419142,0.08580858085808585,26
2025-05-29,Plant B,M09,Packaging,Afternoon,Nathan,259,1.3,5,No,316,0.8375,0.019305019305019305,4200,8,Mid-life,2025-05,0.819620253164557,0.180379746835443,57
2025-05-29,Plant B,M10,Packaging,Afternoon,Ella,271,1.1,5,No,330,0.8625,0.01845018450184502,4200,6,Mid-life,2025-05,0.8212121212121212,0.17878787878787883,59
2025-05-29,Plant C,M11,Cutting,Afternoon,Aria,213,1.0,5,No,250,0.875,0.023474178403755867,3000,2,New,2025-05,0.852,0.14800000000000002,37
2025-05-29,Plant C,M12,Cutting,Night,Sami,163,1.6,5,No,216,0.8,0.03067484662576687,3000,9,Old,2025-05,0.7546296296296297,0.24537037037037035,53
2025-05-29,Plant C,M13,Assembly,Night,Jack,156,1.7,5,No,209,0.7875,0.03205128205128205,3000,5,Mid-life,2025-05,0.7464114832535885,0.2535885167464115,53
2025-05-30,Plant B,M09,Packaging,Morning,Emma,303,0.6,4,No,338,0.925,0.013201320132013201,4200,8,Mid-life,2025-05,0.8964497041420119,0.10355029585798814,35
2025-05-30,Plant B,M10,Packaging,Morning,Ava,325,0.8,5,No,357,0.9,0.015384615384615385,4200,6,Mid-life,2025-05,0.9103641456582633,0.08963585434173671,32
2025-05-30,Plant C,M11,Cutting,Morning,Zoe,242,0.7,3,No,268,0.9125,0.012396694214876033,3000,2,New,2025-05,0.9029850746268657,0.09701492537313428,26
2025-05-30,Plant C,M12,Cutting,Morning,Nina,227,0.9,4,No,259,0.8875,0.01762114537444934,3000,9,Old,2025-05,0.8764478764478765,0.12355212355212353,32
2025-05-30,Plant C,M13,Assembly,Afternoon,Owen,190,1.3,5,No,234,0.8375,0.02631578947368421,3000,5,Mid-life,2025-05,0.811965811965812,0.18803418803418803,44
2025-05-30,Plant C,M14,Assembly,Afternoon,Aria,183,1.2,4,No,222,0.85,0.02185792349726776,3000,3,New,2025-05,0.8243243243243243,0.17567567567567566,39
2025-05-30,Plant C,M15,Packaging,Afternoon,Mila,236,1.0,5,No,284,0.875,0.0211864406779661,3000,10,Old,2025-05,0.8309859154929577,0.16901408450704225,48
2025-05-30,Plant A,M01,Cutting,Night,Noah,250,1.2,7,No,305,0.85,0.028,6000,3,New,2025-05,0.819672131147541,0.180327868852459,55
2025-05-30,Plant A,M02,Cutting,Night,Chloe,242,1.1,7,No,296,0.8625,0.028925619834710745,6000,4,New,2025-05,0.8175675675675675,0.18243243243243246,54
2025-06-02,Plant C,M13,Assembly,Morning,Leo,229,0.7,4,No,254,0.9125,0.017467248908296942,3000,5,Mid-life,2025-06,0.9015748031496063,0.09842519685039375,25
2025-06-02,Plant C,M14,Assembly,Morning,Zoe,216,0.7,3,No,241,0.9125,0.013888888888888888,3000,3,New,2025-06,0.8962655601659751,0.10373443983402486,25
2025-06-02,Plant C,M15,Packaging,Morning,Nina,273,0.8,4,No,313,0.9,0.014652014652014652,3000,10,Old,2025-06,0.8722044728434505,0.12779552715654952,40
2025-06-02,Plant A,M01,Cutting,Morning,Liam,334,0.6,4,No,369,0.925,0.011976047904191617,6000,3,New,2025-06,0.9051490514905149,0.09485094850948506,35
2025-06-02,Plant A,M02,Cutting,Afternoon,Ethan,272,1.2,5,No,330,0.85,0.01838235294117647,6000,4,New,2025-06,0.8242424242424242,0.17575757575757578,58
2025-06-02,Plant A,M03,Assembly,Afternoon,Camille,230,1.8,6,No,304,0.775,0.02608695652173913,6000,11,Old,2025-06,0.756578947368421,0.24342105263157898,74
2025-06-02,Plant A,M04,Packaging,Afternoon,Mia,297,1.2,6,No,361,0.85,0.020202020202020204,6000,5,Mid-life,2025-06,0.8227146814404432,0.17728531855955676,64
2025-06-02,Plant A,M05,Packaging,Night,Chloe,288,1.2,8,No,358,0.85,0.027777777777777776,6000,6,Mid-life,2025-06,0.8044692737430168,0.1955307262569832,70
2025-06-02,Plant B,M06,Cutting,Night,Lina,224,1.3,6,No,280,0.8375,0.026785714285714284,4200,7,Mid-life,2025-06,0.8,0.19999999999999996,56
2025-06-03,Plant A,M02,Cutting,Morning,Sofia,322,0.6,4,No,354,0.925,0.012422360248447204,6000,4,New,2025-06,0.9096045197740112,0.09039548022598876,32
2025-06-03,Plant A,M03,Assembly,Morning,Hugo,288,1.1,4,No,342,0.8625,0.013888888888888888,6000,11,Old,2025-06,0.8421052631578947,0.1578947368421053,54
2025-06-03,Plant A,M04,Packaging,Morning,Liam,355,0.6,5,No,392,0.925,0.014084507042253521,6000,5,Mid-life,2025-06,0.9056122448979592,0.09438775510204078,37
2025-06-03,Plant A,M05,Packaging,Morning,Sofia,379,0.7,5,No,424,0.9125,0.013192612137203167,6000,6,Mid-life,2025-06,0.8938679245283019,0.10613207547169812,45
2025-06-03,Plant B,M06,Cutting,Afternoon,Nathan,256,1.0,5,No,308,0.875,0.01953125,4200,7,Mid-life,2025-06,0.8311688311688312,0.16883116883116878,52
2025-06-03,Plant B,M07,Assembly,Afternoon,Ella,188,2.5,6,No,282,0.6875,0.031914893617021274,4200,12,Old,2025-06,0.6666666666666666,0.33333333333333337,94
2025-06-03,Plant B,M08,Assembly,Afternoon,Mason,226,1.3,5,No,284,0.8375,0.022123893805309734,4200,4,New,2025-06,0.795774647887324,0.204225352112676,58
2025-06-03,Plant B,M09,Packaging,Night,Lina,241,1.5,7,No,311,0.8125,0.029045643153526972,4200,8,Mid-life,2025-06,0.77491961414791,0.22508038585209,70
2025-06-03,Plant B,M10,Packaging,Night,James,264,1.3,7,No,322,0.8375,0.026515151515151516,4200,6,Mid-life,2025-06,0.8198757763975155,0.18012422360248448,58
2025-06-03,Plant C,M11,Cutting,Night,Mila,210,1.0,7,No,247,0.875,0.03333333333333333,3000,2,New,2025-06,0.8502024291497976,0.1497975708502024,37
2025-06-04,Plant B,M06,Cutting,Morning,Emma,300,0.8,4,No,336,0.9,0.013333333333333334,4200,7,Mid-life,2025-06,0.8928571428571429,0.1071428571428571,36
2025-06-04,Plant B,M07,Assembly,Morning,Ava,243,1.5,6,No,306,0.8125,0.024691358024691357,4200,12,Old,2025-06,0.7941176470588235,0.20588235294117652,63
2025-06-04,Plant B,M08,Assembly,Morning,Lucas,287,0.6,4,No,318,0.925,0.013937282229965157,4200,4,New,2025-06,0.9025157232704403,0.09748427672955973,31
2025-06-04,Plant B,M09,Packaging,Morning,Emma,334,0.6,5,No,365,0.925,0.014970059880239521,4200,8,Mid-life,2025-06,0.915068493150685,0.08493150684931505,31
2025-06-04,Plant B,M10,Packaging,Afternoon,Ella,280,1.4,6,No,351,0.825,0.02142857142857143,4200,6,Mid-life,2025-06,0.7977207977207977,0.20227920227920226,71
2025-06-04,Plant C,M11,Cutting,Afternoon,Aria,209,1.4,5,No,264,0.825,0.023923444976076555,3000,2,New,2025-06,0.7916666666666666,0.20833333333333337,55
2025-06-04,Plant C,M12,Cutting,Afternoon,Mila,212,1.0,5,No,252,0.875,0.02358490566037736,3000,9,Old,2025-06,0.8412698412698413,0.15873015873015872,40
2025-06-04,Plant C,M13,Assembly,Night,Jack,178,1.4,5,No,225,0.825,0.028089887640449437,3000,5,Mid-life,2025-06,0.7911111111111111,0.2088888888888889,47
2025-06-04,Plant C,M14,Assembly,Night,Mila,174,1.6,6,No,229,0.8,0.034482758620689655,3000,3,New,2025-06,0.759825327510917,0.24017467248908297,55
2025-06-05,Plant B,M10,Packaging,Morning,Ava,334,0.8,5,No,368,0.9,0.014970059880239521,4200,6,Mid-life,2025-06,0.907608695652174,0.09239130434782605,34
2025-06-05,Plant C,M11,Cutting,Morning,Zoe,255,0.7,4,No,279,0.9125,0.01568627450980392,3000,2,New,2025-06,0.9139784946236559,0.08602150537634412,24
2025-06-05,Plant C,M12,Cutting,Morning,Nina,237,0.7,4,No,266,0.9125,0.016877637130801686,3000,9,Old,2025-06,0.8909774436090225,0.10902255639097747,29
2025-06-05,Plant C,M13,Assembly,Morning,Leo,226,1.1,3,No,265,0.8625,0.01327433628318584,3000,5,Mid-life,2025-06,0.8528301886792453,0.14716981132075468,39
2025-06-05,Plant C,M14,Assembly,Afternoon,Aria,178,1.4,4,No,226,0.825,0.02247191011235955,3000,3,New,2025-06,0.7876106194690266,0.21238938053097345,48
2025-06-05,Plant C,M15,Packaging,Afternoon,Mila,252,1.0,5,No,301,0.875,0.01984126984126984,3000,10,Old,2025-06,0.8372093023255814,0.16279069767441856,49
2025-06-05,Plant A,M01,Cutting,Afternoon,Mia,296,1.2,5,No,356,0.85,0.016891891891891893,6000,3,New,2025-06,0.8314606741573034,0.1685393258426966,60
2025-06-05,Plant A,M02,Cutting,Night,Chloe,255,1.1,7,No,311,0.8625,0.027450980392156862,6000,4,New,2025-06,0.819935691318328,0.180064308681672,56
2025-06-05,Plant A,M03,Assembly,Night,Lucas,222,1.6,8,No,293,0.8,0.036036036036036036,6000,11,Old,2025-06,0.757679180887372,0.24232081911262804,71
2025-06-06,Plant C,M14,Assembly,Morning,Zoe,232,0.6,3,No,247,0.925,0.01293103448275862,3000,3,New,2025-06,0.9392712550607287,0.06072874493927127,15
2025-06-06,Plant C,M15,Packaging,Morning,Nina,280,0.9,4,No,322,0.8875,0.014285714285714285,3000,10,Old,2025-06,0.8695652173913043,0.13043478260869568,42
2025-06-06,Plant A,M01,Cutting,Morning,Liam,347,0.8,4,No,387,0.9,0.011527377521613832,6000,3,New,2025-06,0.896640826873385,0.10335917312661502,40
2025-06-06,Plant A,M02,Cutting,Morning,Sofia,310,0.9,4,No,358,0.8875,0.012903225806451613,6000,4,New,2025-06,0.8659217877094972,0.13407821229050276,48
2025-06-06,Plant A,M03,Assembly,Afternoon,Camille,250,1.3,6,No,306,0.8375,0.024,6000,11,Old,2025-06,0.8169934640522876,0.18300653594771243,56
2025-06-06,Plant A,M04,Packaging,Afternoon,Mia,303,1.2,6,No,358,0.85,0.019801980198019802,6000,5,Mid-life,2025-06,0.8463687150837989,0.15363128491620115,55
2025-06-06,Plant A,M05,Packaging,Afternoon,Ethan,330,1.1,7,No,390,0.8625,0.021212121212121213,6000,6,Mid-life,2025-06,0.8461538461538461,0.15384615384615385,60
2025-06-06,Plant B,M06,Cutting,Night,Lina,224,1.4,7,No,283,0.825,0.03125,4200,7,Mid-life,2025-06,0.7915194346289752,0.20848056537102477,59
2025-06-06,Plant B,M07,Assembly,Night,James,178,2.3,7,No,257,0.7125,0.03932584269662921,4200,12,Old,2025-06,0.6926070038910506,0.30739299610894943,79
2025-06-06,Plant B,M08,Assembly,Night,Harper,197,1.8,6,No,268,0.775,0.030456852791878174,4200,4,New,2025-06,0.7350746268656716,0.2649253731343284,71
2025-06-09,Plant A,M03,Assembly,Morning,Hugo,245,2.0,5,No,336,0.75,0.02040816326530612,6000,11,Old,2025-06,0.7291666666666666,0.27083333333333337,91
2025-06-09,Plant A,M04,Packaging,Morning,Liam,362,0.7,4,No,393,0.9125,0.011049723756906077,6000,5,Mid-life,2025-06,0.9211195928753181,0.07888040712468192,31
2025-06-09,Plant A,M05,Packaging,Morning,Sofia,371,0.9,4,No,421,0.8875,0.01078167115902965,6000,6,Mid-life,2025-06,0.8812351543942993,0.11876484560570066,50
2025-06-09,Plant B,M06,Cutting,Morning,Emma,290,1.0,4,No,334,0.875,0.013793103448275862,4200,7,Mid-life,2025-06,0.8682634730538922,0.13173652694610782,44
2025-06-09,Plant B,M07,Assembly,Afternoon,Ella,203,2.0,6,No,277,0.75,0.029556650246305417,4200,12,Old,2025-06,0.7328519855595668,0.26714801444043323,74
2025-06-09,Plant B,M08,Assembly,Afternoon,Mason,238,1.0,5,No,283,0.875,0.02100840336134454,4200,4,New,2025-06,0.8409893992932862,0.1590106007067138,45
2025-06-09,Plant B,M09,Packaging,Afternoon,Nathan,274,1.2,5,No,330,0.85,0.01824817518248175,4200,8,Mid-life,2025-06,0.8303030303030303,0.16969696969696968,56
2025-06-09,Plant B,M10,Packaging,Night,James,254,1.4,8,No,324,0.825,0.031496062992125984,4200,6,Mid-life,2025-06,0.7839506172839507,0.21604938271604934,70
2025-06-09,Plant C,M11,Cutting,Night,Mila,190,1.3,5,No,235,0.8375,0.02631578947368421,3000,2,New,2025-06,0.8085106382978723,0.19148936170212771,45
2025-06-10,Plant B,M07,Assembly,Morning,Ava,231,1.9,6,No,309,0.7625,0.025974025974025976,4200,12,Old,2025-06,0.7475728155339806,0.2524271844660194,78
2025-06-10,Plant B,M08,Assembly,Morning,Lucas,290,0.7,4,No,319,0.9125,0.013793103448275862,4200,4,New,2025-06,0.9090909090909091,0.09090909090909094,29
2025-06-10,Plant B,M09,Packaging,Morning,Emma,330,0.6,5,No,361,0.925,0.015151515151515152,4200,8,Mid-life,2025-06,0.9141274238227147,0.08587257617728528,31
2025-06-10,Plant B,M10,Packaging,Morning,Ava,344,0.5,5,No,378,0.9375,0.014534883720930232,4200,6,Mid-life,2025-06,0.91005291005291,0.08994708994709,34
2025-06-10,Plant C,M11,Cutting,Afternoon,Aria,222,1.3,5,No,275,0.8375,0.02252252252252252,3000,2,New,2025-06,0.8072727272727273,0.19272727272727275,53
2025-06-10,Plant C,M12,Cutting,Afternoon,Mila,208,1.1,5,No,252,0.8625,0.02403846153846154,3000,9,Old,2025-06,0.8253968253968254,0.17460317460317465,44
2025-06-10,Plant C,M13,Assembly,Afternoon,Owen,185,1.4,4,No,233,0.825,0.021621621621621623,3000,5,Mid-life,2025-06,0.7939914163090128,0.20600858369098718,48
2025-06-10,Plant C,M14,Assembly,Night,Mila,174,1.4,5,No,223,0.825,0.028735632183908046,3000,3,New,2025-06,0.7802690582959642,0.21973094170403584,49
2025-06-10,Plant C,M15,Packaging,Night,Sami,218,1.4,6,No,282,0.825,0.027522935779816515,3000,10,Old,2025-06,0.7730496453900709,0.22695035460992907,64
2025-06-11,Plant C,M11,Cutting,Morning,Zoe,265,0.8,4,No,297,0.9,0.01509433962264151,3000,2,New,2025-06,0.8922558922558923,0.1077441077441077,32
2025-06-11,Plant C,M12,Cutting,Morning,Nina,231,1.1,3,No,273,0.8625,0.012987012987012988,3000,9,Old,2025-06,0.8461538461538461,0.15384615384615385,42
2025-06-11,Plant C,M13,Assembly,Morning,Leo,240,0.7,4,No,269,0.9125,0.016666666666666666,3000,5,Mid-life,2025-06,0.8921933085501859,0.10780669144981414,29
2025-06-11,Plant C,M14,Assembly,Morning,Zoe,228,0.9,4,No,254,0.8875,0.017543859649122806,3000,3,New,2025-06,0.8976377952755905,0.10236220472440949,26
2025-06-11,Plant C,M15,Packaging,Afternoon,Mila,241,1.3,5,No,297,0.8375,0.02074688796680498,3000,10,Old,2025-06,0.8114478114478114,0.18855218855218858,56
2025-06-11,Plant A,M01,Cutting,Afternoon,Mia,308,1.0,6,No,363,0.875,0.01948051948051948,6000,3,New,2025-06,0.8484848484848485,0.1515151515151515,55
2025-06-11,Plant A,M02,Cutting,Afternoon,Ethan,312,0.8,5,No,345,0.9,0.016025641025641024,6000,4,New,2025-06,0.9043478260869565,0.09565217391304348,33
2025-06-11,Plant A,M03,Assembly,Night,Lucas,224,1.7,7,No,298,0.7875,0.03125,6000,11,Old,2025-06,0.7516778523489933,0.24832214765100669,74
2025-06-11,Plant A,M04,Packaging,Night,Noah,267,1.6,8,No,347,0.8,0.0299625468164794,6000,5,Mid-life,2025-06,0.7694524495677233,0.2305475504322767,80
2025-06-11,Plant A,M05,Packaging,Night,Chloe,270,1.7,8,No,365,0.7875,0.02962962962962963,6000,6,Mid-life,2025-06,0.7397260273972602,0.26027397260273977,95
2025-06-12,Plant C,M15,Packaging,Morning,Nina,287,0.9,4,No,332,0.8875,0.013937282229965157,3000,10,Old,2025-06,0.8644578313253012,0.13554216867469882,45
2025-06-12,Plant A,M01,Cutting,Morning,Liam,350,0.6,3,No,385,0.925,0.008571428571428572,6000,3,New,2025-06,0.9090909090909091,0.09090909090909094,35
2025-06-12,Plant A,M02,Cutting,Morning,Sofia,340,0.6,4,No,375,0.925,0.011764705882352941,6000,4,New,2025-06,0.9066666666666666,0.09333333333333338,35
2025-06-12,Plant A,M03,Assembly,Morning,Hugo,281,1.2,6,No,345,0.85,0.021352313167259787,6000,11,Old,2025-06,0.8144927536231884,0.1855072463768116,64
2025-06-12,Plant A,M04,Packaging,Afternoon,Mia,315,1.0,6,No,376,0.875,0.01904761904761905,6000,5,Mid-life,2025-06,0.8377659574468085,0.16223404255319152,61
2025-06-12,Plant A,M05,Packaging,Afternoon,Ethan,340,0.8,7,No,393,0.9,0.020588235294117647,6000,6,Mid-life,2025-06,0.8651399491094147,0.13486005089058528,53
2025-06-12,Plant B,M06,Cutting,Afternoon,Nathan,272,1.0,6,No,313,0.875,0.022058823529411766,4200,7,Mid-life,2025-06,0.8690095846645367,0.1309904153354633,41
2025-06-12,Plant B,M07,Assembly,Night,James,178,2.3,7,No,264,0.7125,0.03932584269662921,4200,12,Old,2025-06,0.6742424242424242,0.3257575757575758,86
2025-06-12,Plant B,M08,Assembly,Night,Harper,210,1.6,6,No,276,0.8,0.02857142857142857,4200,4,New,2025-06,0.7608695652173914,0.23913043478260865,66
2025-06-13,Plant A,M04,Packaging,Morning,Liam,378,0.3,4,No,402,0.9625,0.010582010582010581,6000,5,Mid-life,2025-06,0.9402985074626866,0.05970149253731338,24
2025-06-13,Plant A,M05,Packaging,Morning,Sofia,374,0.8,4,No,433,0.9,0.0106951871657754,6000,6,Mid-life,2025-06,0.8637413394919169,0.1362586605080831,59
2025-06-13,Plant B,M06,Cutting,Morning,Emma,300,0.6,5,No,335,0.925,0.016666666666666666,4200,7,Mid-life,2025-06,0.8955223880597015,0.10447761194029848,35
2025-06-13,Plant B,M07,Assembly,Morning,Ava,235,1.7,6,No,305,0.7875,0.02553191489361702,4200,12,Old,2025-06,0.7704918032786885,0.2295081967213115,70
2025-06-13,Plant B,M08,Assembly,Afternoon,Mason,245,1.1,4,No,291,0.8625,0.0163265306122449,4200,4,New,2025-06,0.8419243986254296,0.15807560137457044,46
2025-06-13,Plant B,M09,Packaging,Afternoon,Nathan,287,1.2,5,No,343,0.85,0.017421602787456445,4200,8,Mid-life,2025-06,0.8367346938775511,0.16326530612244894,56
2025-06-13,Plant B,M10,Packaging,Afternoon,Ella,301,0.9,6,No,348,0.8875,0.019933554817275746,4200,6,Mid-life,2025-06,0.8649425287356322,0.13505747126436785,47
2025-06-13,Plant C,M11,Cutting,Night,Mila,194,1.3,6,No,246,0.8375,0.030927835051546393,3000,2,New,2025-06,0.7886178861788617,0.21138211382113825,52
2025-06-13,Plant C,M12,Cutting,Night,Sami,186,1.4,6,No,232,0.825,0.03225806451612903,3000,9,Old,2025-06,0.8017241379310345,0.19827586206896552,46
2025-06-16,Plant B,M08,Assembly,Morning,Lucas,286,0.7,4,No,317,0.9125,0.013986013986013986,4200,4,New,2025-06,0.9022082018927445,0.09779179810725547,31
2025-06-16,Plant B,M09,Packaging,Morning,Emma,304,1.0,5,No,353,0.875,0.01644736842105263,4200,8,Mid-life,2025-06,0.8611898016997167,0.1388101983002833,49
2025-06-16,Plant B,M10,Packaging,Morning,Ava,331,0.7,5,No,372,0.9125,0.015105740181268883,4200,6,Mid-life,2025-06,0.8897849462365591,0.11021505376344087,41
2025-06-16,Plant C,M11,Cutting,Morning,Zoe,255,0.9,4,No,287,0.8875,0.01568627450980392,3000,2,New,2025-06,0.8885017421602788,0.11149825783972123,32
2025-06-16,Plant C,M12,Cutting,Afternoon,Mila,217,0.9,4,No,254,0.8875,0.018433179723502304,3000,9,Old,2025-06,0.8543307086614174,0.14566929133858264,37
2025-06-16,Plant C,M13,Assembly,Afternoon,Owen,195,1.3,4,No,244,0.8375,0.020512820512820513,3000,5,Mid-life,2025-06,0.7991803278688525,0.2008196721311475,49
2025-06-16,Plant C,M14,Assembly,Afternoon,Aria,182,1.2,4,No,225,0.85,0.02197802197802198,3000,3,New,2025-06,0.8088888888888889,0.19111111111111112,43
2025-06-16,Plant C,M15,Packaging,Night,Sami,205,1.9,6,No,279,0.7625,0.02926829268292683,3000,10,Old,2025-06,0.7347670250896058,0.2652329749103942,74
2025-06-16,Plant A,M01,Cutting,Night,Noah,273,1.0,7,No,331,0.875,0.02564102564102564,6000,3,New,2025-06,0.824773413897281,0.17522658610271902,58
2025-06-17,Plant C,M12,Cutting,Morning,Nina,234,0.8,4,No,267,0.9,0.017094017094017096,3000,9,Old,2025-06,0.8764044943820225,0.1235955056179775,33
2025-06-17,Plant C,M13,Assembly,Morning,Leo,228,0.9,4,No,261,0.8875,0.017543859649122806,3000,5,Mid-life,2025-06,0.8735632183908046,0.12643678160919536,33
2025-06-17,Plant C,M14,Assembly,Morning,Zoe,228,0.7,3,No,254,0.9125,0.013157894736842105,3000,3,New,2025-06,0.8976377952755905,0.10236220472440949,26
2025-06-17,Plant C,M15,Packaging,Morning,Nina,298,0.9,4,No,331,0.8875,0.013422818791946308,3000,10,Old,2025-06,0.9003021148036254,0.09969788519637457,33
2025-06-17,Plant A,M01,Cutting,Afternoon,Mia,312,0.9,6,No,361,0.8875,0.019230769230769232,6000,3,New,2025-06,0.8642659279778393,0.1357340720221607,49
2025-06-17,Plant A,M02,Cutting,Afternoon,Ethan,284,1.2,6,No,347,0.85,0.02112676056338028,6000,4,New,2025-06,0.8184438040345822,0.18155619596541783,63
2025-06-17,Plant A,M03,Assembly,Afternoon,Camille,247,1.7,7,No,324,0.7875,0.02834008097165992,6000,11,Old,2025-06,0.7623456790123457,0.23765432098765427,77
2025-06-17,Plant A,M04,Packaging,Night,Noah,269,1.4,8,No,345,0.825,0.02973977695167286,6000,5,Mid-life,2025-06,0.7797101449275362,0.2202898550724638,76
2025-06-17,Plant A,M05,Packaging,Night,Chloe,306,1.2,8,No,375,0.85,0.026143790849673203,6000,6,Mid-life,2025-06,0.816,0.18400000000000005,69
2025-06-17,Plant B,M06,Cutting,Night,Lina,223,1.6,7,No,291,0.8,0.03139013452914798,4200,7,Mid-life,2025-06,0.7663230240549829,0.23367697594501713,68
2025-06-18,Plant A,M01,Cutting,Morning,Liam,355,0.7,4,No,394,0.9125,0.011267605633802818,6000,3,New,2025-06,0.9010152284263959,0.09898477157360408,39
2025-06-18,Plant A,M02,Cutting,Morning,Sofia,319,1.0,4,No,375,0.875,0.012539184952978056,6000,4,New,2025-06,0.8506666666666667,0.14933333333333332,56
2025-06-18,Plant A,M03,Assembly,Morning,Hugo,268,1.7,5,No,349,0.7875,0.018656716417910446,6000,11,Old,2025-06,0.7679083094555874,0.2320916905444126,81
2025-06-18,Plant A,M04,Packaging,Morning,Liam,359,0.7,4,No,406,0.9125,0.011142061281337047,6000,5,Mid-life,2025-06,0.8842364532019704,0.11576354679802958,47
2025-06-18,Plant A,M05,Packaging,Afternoon,Ethan,331,1.1,5,No,398,0.8625,0.015105740181268883,6000,6,Mid-life,2025-06,0.8316582914572864,0.16834170854271358,67
2025-06-18,Plant B,M06,Cutting,Afternoon,Nathan,283,0.9,5,No,325,0.8875,0.0176678445229682,4200,7,Mid-life,2025-06,0.8707692307692307,0.12923076923076926,42
2025-06-18,Plant B,M07,Assembly,Afternoon,Ella,206,2.2,6,No,296,0.725,0.02912621359223301,4200,12,Old,2025-06,0.6959459459459459,0.30405405405405406,90
2025-06-18,Plant B,M08,Assembly,Night,Harper,220,1.4,7,No,280,0.825,0.031818181818181815,4200,4,New,2025-06,0.7857142857142857,0.2142857142857143,60
2025-06-18,Plant B,M09,Packaging,Night,Lina,249,1.5,8,No,317,0.8125,0.0321285140562249,4200,8,Mid-life,2025-06,0.7854889589905363,0.21451104100946372,68
2025-06-19,Plant A,M05,Packaging,Morning,Sofia,386,0.6,4,No,433,0.925,0.010362694300518135,6000,6,Mid-life,2025-06,0.8914549653579676,0.10854503464203236,47
2025-06-19,Plant B,M06,Cutting,Morning,Emma,309,0.7,5,No,343,0.9125,0.016181229773462782,4200,7,Mid-life,2025-06,0.9008746355685131,0.0991253644314869,34
2025-06-19,Plant B,M07,Assembly,Morning,Ava,240,1.6,6,No,304,0.8,0.025,4200,12,Old,2025-06,0.7894736842105263,0.21052631578947367,64
2025-06-19,Plant B,M08,Assembly,Morning,Lucas,282,1.0,5,No,326,0.875,0.01773049645390071,4200,4,New,2025-06,0.8650306748466258,0.13496932515337423,44
2025-06-19,Plant B,M09,Packaging,Afternoon,Nathan,283,1.1,5,No,337,0.8625,0.0176678445229682,4200,8,Mid-life,2025-06,0.8397626112759644,0.1602373887240356,54
2025-06-19,Plant B,M10,Packaging,Afternoon,Ella,312,0.9,7,No,359,0.8875,0.022435897435897436,4200,6,Mid-life,2025-06,0.8690807799442897,0.13091922005571033,47
2025-06-19,Plant C,M11,Cutting,Afternoon,Aria,235,0.8,5,No,273,0.9,0.02127659574468085,3000,2,New,2025-06,0.8608058608058609,0.13919413919413914,38
2025-06-19,Plant C,M12,Cutting,Night,Sami,202,1.0,6,No,238,0.875,0.0297029702970297,3000,9,Old,2025-06,0.8487394957983193,0.1512605042016807,36
2025-06-19,Plant C,M13,Assembly,Night,Jack,165,1.8,5,No,225,0.775,0.030303030303030304,3000,5,Mid-life,2025-06,0.7333333333333333,0.2666666666666667,60
2025-06-20,Plant B,M09,Packaging,Morning,Emma,318,1.1,5,No,367,0.8625,0.015723270440251572,4200,8,Mid-life,2025-06,0.8664850136239782,0.13351498637602177,49
2025-06-20,Plant B,M10,Packaging,Morning,Ava,331,0.9,5,No,384,0.8875,0.015105740181268883,4200,6,Mid-life,2025-06,0.8619791666666666,0.13802083333333337,53
2025-06-20,Plant C,M11,Cutting,Morning,Zoe,250,0.9,4,No,287,0.8875,0.016,3000,2,New,2025-06,0.8710801393728222,0.12891986062717775,37
2025-06-20,Plant C,M12,Cutting,Morning,Nina,265,0.2,4,No,275,0.975,0.01509433962264151,3000,9,Old,2025-06,0.9636363636363636,0.036363636363636376,10
2025-06-20,Plant C,M13,Assembly,Afternoon,Owen,208,1.2,5,No,247,0.85,0.02403846153846154,3000,5,Mid-life,2025-06,0.8421052631578947,0.1578947368421053,39
2025-06-20,Plant C,M14,Assembly,Afternoon,Aria,188,1.5,4,No,237,0.8125,0.02127659574468085,3000,3,New,2025-06,0.7932489451476793,0.2067510548523207,49
2025-06-20,Plant C,M15,Packaging,Afternoon,Mila,249,1.1,5,No,295,0.8625,0.020080321285140562,3000,10,Old,2025-06,0.8440677966101695,0.1559322033898305,46
2025-06-20,Plant A,M01,Cutting,Night,Noah,273,1.3,7,No,336,0.8375,0.02564102564102564,6000,3,New,2025-06,0.8125,0.1875,63
2025-06-20,Plant A,M02,Cutting,Night,Chloe,258,1.4,6,No,321,0.825,0.023255813953488372,6000,4,New,2025-06,0.8037383177570093,0.19626168224299068,63
2025-06-20,Plant A,M03,Assembly,Night,Lucas,208,2.2,7,No,294,0.725,0.03365384615384615,6000,11,Old,2025-06,0.7074829931972789,0.2925170068027211,86
2025-06-23,Plant C,M13,Assembly,Morning,Leo,226,1.0,3,No,260,0.875,0.01327433628318584,3000,5,Mid-life,2025-06,0.8692307692307693,0.13076923076923075,34
2025-06-23,Plant C,M14,Assembly,Morning,Zoe,219,1.1,4,No,252,0.8625,0.0182648401826484,3000,3,New,2025-06,0.8690476190476191,0.13095238095238093,33
2025-06-23,Plant C,M15,Packaging,Morning,Nina,290,0.8,4,No,325,0.9,0.013793103448275862,3000,10,Old,2025-06,0.8923076923076924,0.10769230769230764,35
2025-06-23,Plant A,M01,Cutting,Morning,Liam,365,0.4,4,No,384,0.95,0.010958904109589041,6000,3,New,2025-06,0.9505208333333334,0.04947916666666663,19
2025-06-23,Plant A,M02,Cutting,Afternoon,Ethan,296,1.0,5,No,340,0.875,0.016891891891891893,6000,4,New,2025-06,0.8705882352941177,0.12941176470588234,44
2025-06-23,Plant A,M03,Assembly,Afternoon,Camille,249,1.6,6,No,314,0.8,0.024096385542168676,6000,11,Old,2025-06,0.7929936305732485,0.20700636942675155,65
2025-06-23,Plant A,M04,Packaging,Afternoon,Mia,288,1.6,5,No,368,0.8,0.017361111111111112,6000,5,Mid-life,2025-06,0.782608695652174,0.21739130434782605,80
2025-06-23,Plant A,M05,Packaging,Night,Chloe,291,1.4,9,No,366,0.825,0.030927835051546393,6000,6,Mid-life,2025-06,0.7950819672131147,0.20491803278688525,75
2025-06-23,Plant B,M06,Cutting,Night,Lina,234,1.3,6,No,290,0.8375,0.02564102564102564,4200,7,Mid-life,2025-06,0.8068965517241379,0.19310344827586212,56
2025-06-24,Plant A,M02,Cutting,Morning,Sofia,345,0.3,4,No,371,0.9625,0.011594202898550725,6000,4,New,2025-06,0.9299191374663073,0.07008086253369272,26
2025-06-24,Plant A,M03,Assembly,Morning,Hugo,275,1.4,4,No,343,0.825,0.014545454545454545,6000,11,Old,2025-06,0.8017492711370262,0.1982507288629738,68
2025-06-24,Plant A,M04,Packaging,Morning,Liam,365,0.6,5,No,404,0.925,0.0136986301369863,6000,5,Mid-life,2025-06,0.9034653465346535,0.09653465346534651,39
2025-06-24,Plant A,M05,Packaging,Morning,Sofia,384,0.8,5,No,433,0.9,0.013020833333333334,6000,6,Mid-life,2025-06,0.8868360277136259,0.11316397228637409,49
2025-06-24,Plant B,M06,Cutting,Afternoon,Nathan,261,1.1,5,No,315,0.8625,0.019157088122605363,4200,7,Mid-life,2025-06,0.8285714285714286,0.17142857142857137,54
2025-06-24,Plant B,M07,Assembly,Afternoon,Ella,218,1.8,7,No,287,0.775,0.03211009174311927,4200,12,Old,2025-06,0.759581881533101,0.24041811846689898,69
2025-06-24,Plant B,M08,Assembly,Afternoon,Mason,245,1.2,5,No,297,0.85,0.02040816326530612,4200,4,New,2025-06,0.8249158249158249,0.17508417508417506,52
2025-06-24,Plant B,M09,Packaging,Night,Lina,251,1.3,7,No,318,0.8375,0.027888446215139442,4200,8,Mid-life,2025-06,0.789308176100629,0.21069182389937102,67
2025-06-24,Plant B,M10,Packaging,Night,James,251,1.6,8,No,331,0.8,0.03187250996015936,4200,6,Mid-life,2025-06,0.7583081570996979,0.2416918429003021,80
2025-06-25,Plant B,M06,Cutting,Morning,Emma,305,1.0,5,No,350,0.875,0.01639344262295082,4200,7,Mid-life,2025-06,0.8714285714285714,0.12857142857142856,45
2025-06-25,Plant B,M07,Assembly,Morning,Ava,262,1.1,6,No,310,0.8625,0.022900763358778626,4200,12,Old,2025-06,0.8451612903225807,0.1548387096774193,48
2025-06-25,Plant B,M08,Assembly,Morning,Lucas,293,0.8,4,No,325,0.9,0.013651877133105802,4200,4,New,2025-06,0.9015384615384615,0.09846153846153849,32
2025-06-25,Plant B,M09,Packaging,Morning,Emma,339,0.6,6,No,377,0.925,0.017699115044247787,4200,8,Mid-life,2025-06,0.8992042440318302,0.10079575596816981,38
2025-06-25,Plant B,M10,Packaging,Afternoon,Ella,306,1.0,6,No,363,0.875,0.0196078431372549,4200,6,Mid-life,2025-06,0.8429752066115702,0.15702479338842978,57
2025-06-25,Plant C,M11,Cutting,Afternoon,Aria,231,0.9,5,No,273,0.8875,0.021645021645021644,3000,2,New,2025-06,0.8461538461538461,0.15384615384615385,42
2025-06-25,Plant C,M12,Cutting,Afternoon,Mila,207,1.4,5,No,258,0.825,0.024154589371980676,3000,9,Old,2025-06,0.8023255813953488,0.19767441860465118,51
2025-06-25,Plant C,M13,Assembly,Night,Jack,178,1.5,6,No,229,0.8125,0.033707865168539325,3000,5,Mid-life,2025-06,0.777292576419214,0.222707423580786,51
2025-06-25,Plant C,M14,Assembly,Night,Mila,164,1.8,5,No,222,0.775,0.03048780487804878,3000,3,New,2025-06,0.7387387387387387,0.26126126126126126,58
2025-06-25,Plant C,M15,Packaging,Night,Sami,233,1.2,7,No,286,0.85,0.030042918454935622,3000,10,Old,2025-06,0.8146853146853147,0.1853146853146853,53
2025-06-26,Plant B,M10,Packaging,Morning,Ava,343,0.8,4,No,389,0.9,0.011661807580174927,4200,6,Mid-life,2025-06,0.8817480719794345,0.1182519280205655,46
2025-06-26,Plant C,M11,Cutting,Morning,Zoe,257,0.9,4,No,296,0.8875,0.01556420233463035,3000,2,New,2025-06,0.8682432432432432,0.1317567567567568,39
2025-06-26,Plant C,M12,Cutting,Morning,Nina,251,0.7,4,No,274,0.9125,0.01593625498007968,3000,9,Old,2025-06,0.916058394160584,0.08394160583941601,23
2025-06-26,Plant C,M13,Assembly,Morning,Leo,232,0.9,3,No,265,0.8875,0.01293103448275862,3000,5,Mid-life,2025-06,0.8754716981132076,0.12452830188679243,33
2025-06-26,Plant C,M14,Assembly,Afternoon,Aria,192,1.2,4,No,234,0.85,0.020833333333333332,3000,3,New,2025-06,0.8205128205128205,0.17948717948717952,42
2025-06-26,Plant C,M15,Packaging,Afternoon,Mila,255,1.2,6,No,313,0.85,0.023529411764705882,3000,10,Old,2025-06,0.8146964856230032,0.18530351437699677,58
2025-06-26,Plant A,M01,Cutting,Afternoon,Mia,307,1.0,7,No,363,0.875,0.02280130293159609,6000,3,New,2025-06,0.8457300275482094,0.15426997245179064,56
2025-06-26,Plant A,M02,Cutting,Night,Chloe,255,1.2,6,No,314,0.85,0.023529411764705882,6000,4,New,2025-06,0.8121019108280255,0.18789808917197448,59
2025-06-26,Plant A,M03,Assembly,Night,Lucas,210,2.2,7,No,303,0.725,0.03333333333333333,6000,11,Old,2025-06,0.693069306930693,0.306930693069307,93
2025-06-27,Plant C,M14,Assembly,Morning,Zoe,224,0.8,3,No,253,0.9,0.013392857142857142,3000,3,New,2025-06,0.8853754940711462,0.11462450592885376,29
2025-06-27,Plant C,M15,Packaging,Morning,Nina,279,1.0,4,No,329,0.875,0.014336917562724014,3000,10,Old,2025-06,0.8480243161094225,0.15197568389057747,50
2025-06-27,Plant A,M01,Cutting,Morning,Liam,339,0.8,4,No,381,0.9,0.011799410029498525,6000,3,New,2025-06,0.889763779527559,0.11023622047244097,42
2025-06-27,Plant A,M02,Cutting,Morning,Sofia,313,1.0,4,No,366,0.875,0.012779552715654952,6000,4,New,2025-06,0.855191256830601,0.14480874316939896,53
2025-06-27,Plant A,M03,Assembly,Afternoon,Camille,254,1.5,7,No,324,0.8125,0.027559055118110236,6000,11,Old,2025-06,0.7839506172839507,0.21604938271604934,70
2025-06-27,Plant A,M04,Packaging,Afternoon,Mia,330,1.1,7,No,387,0.8625,0.021212121212121213,6000,5,Mid-life,2025-06,0.8527131782945736,0.1472868217054264,57
2025-06-27,Plant A,M05,Packaging,Afternoon,Ethan,351,0.9,6,No,402,0.8875,0.017094017094017096,6000,6,Mid-life,2025-06,0.8731343283582089,0.12686567164179108,51
2025-06-27,Plant B,M06,Cutting,Night,Lina,224,1.5,6,No,298,0.8125,0.026785714285714284,4200,7,Mid-life,2025-06,0.7516778523489933,0.24832214765100669,74
2025-06-27,Plant B,M07,Assembly,Night,James,183,2.3,7,No,266,0.7125,0.03825136612021858,4200,12,Old,2025-06,0.6879699248120301,0.3120300751879699,83
2025-06-30,Plant A,M03,Assembly,Morning,Hugo,276,1.3,5,No,335,0.8375,0.018115942028985508,6000,11,Old,2025-06,0.8238805970149253,0.17611940298507467,59
2025-06-30,Plant A,M04,Packaging,Morning,Liam,374,0.5,5,No,404,0.9375,0.013368983957219251,6000,5,Mid-life,2025-06,0.9257425742574258,0.07425742574257421,30
2025-06-30,Plant A,M05,Packaging,Morning,Sofia,393,0.4,6,No,420,0.95,0.015267175572519083,6000,6,Mid-life,2025-06,0.9357142857142857,0.06428571428571428,27
2025-06-30,Plant B,M06,Cutting,Morning,Emma,304,0.4,5,No,338,0.95,0.01644736842105263,4200,7,Mid-life,2025-06,0.8994082840236687,0.10059171597633132,34
2025-06-30,Plant B,M07,Assembly,Afternoon,Ella,193,2.3,6,No,282,0.7125,0.031088082901554404,4200,12,Old,2025-06,0.6843971631205674,0.3156028368794326,89
2025-06-30,Plant B,M08,Assembly,Afternoon,Mason,246,1.1,5,No,295,0.8625,0.02032520325203252,4200,4,New,2025-06,0.8338983050847457,0.16610169491525428,49
2025-06-30,Plant B,M09,Packaging,Afternoon,Nathan,287,1.1,6,No,339,0.8625,0.020905923344947737,4200,8,Mid-life,2025-06,0.8466076696165191,0.15339233038348088,52
2025-06-30,Plant B,M10,Packaging,Night,James,235,1.8,7,No,320,0.775,0.029787234042553193,4200,6,Mid-life,2025-06,0.734375,0.265625,85
2025-06-30,Plant C,M11,Cutting,Night,Mila,191,1.5,6,No,247,0.8125,0.031413612565445025,3000,2,New,2025-06,0.7732793522267206,0.22672064777327938,56
