Date,Plant,MachineID,MachineType,Shift,Operator,ProductionUnits,DowntimeHours,Defects,MaintenanceEvent,PlannedProduction,UtilizationRate,DefectRate,PlantProductionCapacity,MachineAge,MachineAgeGroup,YearMonth
2025-01-01,Plant A,M01,Cutting,Morning,Liam,343,0.4,5,No,363,0.95,0.014577259475218658,6000,3,New,
2025-01-01,Plant A,M02,Cutting,Morning,Sofia,318,0.4,4,No,339,0.95,0.012578616352201259,6000,4,New,
2025-01-01,Plant A,M03,Assembly,Morning,Hugo,272,1.2,6,No,321,0.85,0.022058823529411766,6000,11,Old,
2025-01-01,Plant A,M04,Packaging,Morning,Liam,331,0.9,4,No,377,0.8875,0.012084592145015106,6000,5,Mid-life,
2025-01-01,Plant A,M05,Packaging,Afternoon,Ethan,326,0.9,6,No,375,0.8875,0.018404907975460124,6000,6,Mid-life,
2025-01-01,Plant B,M06,Cutting,Afternoon,Nathan,253,1.0,5,No,294,0.875,0.019762845849802372,4200,7,Mid-life,
2025-01-01,Plant B,M07,Assembly,Afternoon,Ella,194,2.0,6,No,265,0.75,0.030927835051546393,4200,12,Old,
2025-01-01,Plant B,M08,Assembly,Night,Harper,202,1.6,6,No,257,0.8,0.0297029702970297,4200,4,New,
2025-01-01,Plant B,M09,Packaging,Night,Lina,235,1.3,7,No,292,0.8375,0.029787234042553193,4200,8,Mid-life,
2025-01-01,Plant B,M10,Packaging,Night,James,242,1.3,7,No,306,0.8375,0.028925619834710745,4200,6,Mid-life,
2025-01-02,Plant A,M05,Packaging,Morning,Sofia,353,0.8,4,No,402,0.9,0.0113314447592068,6000,6,Mid-life,
2025-01-02,Plant B,M06,Cutting,Morning,Emma,282,0.8,4,No,315,0.9,0.014184397163120567,4200,7,Mid-life,
2025-01-02,Plant B,M07,Assembly,Morning,Ava,227,1.6,6,No,287,0.8,0.02643171806167401,4200,12,Old,
2025-01-02,Plant B,M08,Assembly,Morning,Lucas,258,0.7,3,No,289,0.9125,0.011627906976744186,4200,4,New,
2025-01-02,Plant B,M09,Packaging,Afternoon,Nathan,249,1.4,6,No,314,0.825,0.024096385542168676,4200,8,Mid-life,
2025-01-02,Plant B,M10,Packaging,Afternoon,Ella,271,1.1,6,No,323,0.8625,0.02214022140221402,4200,6,Mid-life,
2025-01-02,Plant C,M11,Cutting,Afternoon,Aria,202,1.4,4,No,253,0.825,0.019801980198019802,3000,2,New,
2025-01-02,Plant C,M12,Cutting,Night,Sami,169,1.5,5,No,222,0.8125,0.029585798816568046,3000,9,Old,
2025-01-02,Plant C,M13,Assembly,Night,Jack,156,1.7,5,No,207,0.7875,0.03205128205128205,3000,5,Mid-life,
2025-01-03,Plant B,M09,Packaging,Morning,Emma,299,0.8,4,No,335,0.9,0.013377926421404682,4200,8,Mid-life,
2025-01-03,Plant B,M10,Packaging,Morning,Ava,321,0.6,4,No,354,0.925,0.012461059190031152,4200,6,Mid-life,
2025-01-03,Plant C,M11,Cutting,Morning,Zoe,229,0.9,3,No,263,0.8875,0.013100436681222707,3000,2,New,
2025-01-03,Plant C,M12,Cutting,Morning,Nina,225,0.9,3,No,255,0.8875,0.013333333333333334,3000,9,Old,
2025-01-03,Plant C,M13,Assembly,Afternoon,Owen,181,1.2,3,No,224,0.85,0.016574585635359115,3000,5,Mid-life,
2025-01-03,Plant C,M14,Assembly,Afternoon,Aria,177,1.1,4,No,211,0.8625,0.022598870056497175,3000,3,New,
2025-01-03,Plant C,M15,Packaging,Afternoon,Mila,220,1.5,5,No,280,0.8125,0.022727272727272728,3000,10,Old,
2025-01-03,Plant A,M01,Cutting,Night,Noah,239,1.3,6,No,303,0.8375,0.02510460251046025,6000,3,New,
2025-01-03,Plant A,M02,Cutting,Night,Chloe,250,1.0,7,No,297,0.875,0.028,6000,4,New,
2025-01-06,Plant C,M13,Assembly,Morning,Leo,218,0.6,3,No,239,0.925,0.013761467889908258,3000,5,Mid-life,
2025-01-06,Plant C,M14,Assembly,Morning,Zoe,207,0.9,3,No,232,0.8875,0.014492753623188406,3000,3,New,
2025-01-06,Plant C,M15,Packaging,Morning,Nina,259,0.9,4,No,296,0.8875,0.015444015444015444,3000,10,Old,
2025-01-06,Plant A,M01,Cutting,Morning,Liam,328,0.7,3,No,358,0.9125,0.009146341463414634,6000,3,New,
2025-01-06,Plant A,M02,Cutting,Afternoon,Ethan,272,0.8,4,No,313,0.9,0.014705882352941176,6000,4,New,
2025-01-06,Plant A,M03,Assembly,Afternoon,Camille,221,1.7,6,No,295,0.7875,0.027149321266968326,6000,11,Old,
2025-01-06,Plant A,M04,Packaging,Afternoon,Mia,291,1.2,7,No,344,0.85,0.024054982817869417,6000,5,Mid-life,
2025-01-06,Plant A,M05,Packaging,Night,Chloe,269,1.2,7,No,340,0.85,0.026022304832713755,6000,6,Mid-life,
2025-01-06,Plant B,M06,Cutting,Night,Lina,209,1.3,6,No,263,0.8375,0.028708133971291867,4200,7,Mid-life,
2025-01-06,Plant B,M07,Assembly,Night,James,163,2.4,6,No,245,0.7,0.03680981595092025,4200,12,Old,
2025-01-07,Plant A,M02,Cutting,Morning,Sofia,315,0.5,5,No,341,0.9375,0.015873015873015872,6000,4,New,
2025-01-07,Plant A,M03,Assembly,Morning,Hugo,257,1.5,5,No,323,0.8125,0.019455252918287938,6000,11,Old,
2025-01-07,Plant A,M04,Packaging,Morning,Liam,354,0.5,4,No,374,0.9375,0.011299435028248588,6000,5,Mid-life,
2025-01-07,Plant A,M05,Packaging,Morning,Sofia,379,0.5,5,No,406,0.9375,0.013192612137203167,6000,6,Mid-life,
2025-01-07,Plant B,M06,Cutting,Afternoon,Nathan,244,1.1,5,No,294,0.8625,0.020491803278688523,4200,7,Mid-life,
2025-01-07,Plant B,M07,Assembly,Afternoon,Ella,196,1.8,6,No,265,0.775,0.030612244897959183,4200,12,Old,
2025-01-07,Plant B,M08,Assembly,Afternoon,Mason,233,1.2,5,No,283,0.85,0.02145922746781116,4200,4,New,
2025-01-07,Plant B,M09,Packaging,Night,Lina,232,1.5,7,No,300,0.8125,0.03017241379310345,4200,8,Mid-life,
2025-01-07,Plant B,M10,Packaging,Night,James,229,1.8,6,No,309,0.775,0.026200873362445413,4200,6,Mid-life,
2025-01-08,Plant B,M06,Cutting,Morning,Emma,274,1.1,4,No,316,0.8625,0.014598540145985401,4200,7,Mid-life,
2025-01-08,Plant B,M07,Assembly,Morning,Ava,214,1.9,5,No,289,0.7625,0.02336448598130841,4200,12,Old,
2025-01-08,Plant B,M08,Assembly,Morning,Lucas,272,0.7,4,No,303,0.9125,0.014705882352941176,4200,4,New,
2025-01-08,Plant B,M09,Packaging,Morning,Emma,300,1.0,4,No,348,0.875,0.013333333333333334,4200,8,Mid-life,
2025-01-08,Plant B,M10,Packaging,Afternoon,Ella,272,1.1,5,No,328,0.8625,0.01838235294117647,4200,6,Mid-life,
2025-01-08,Plant C,M11,Cutting,Afternoon,Aria,214,1.1,4,No,253,0.8625,0.018691588785046728,3000,2,New,
2025-01-08,Plant C,M12,Cutting,Afternoon,Mila,202,1.1,5,No,242,0.8625,0.024752475247524754,3000,9,Old,
2025-01-08,Plant C,M13,Assembly,Night,Jack,160,1.8,5,No,217,0.775,0.03125,3000,5,Mid-life,
2025-01-08,Plant C,M14,Assembly,Night,Mila,157,1.6,5,No,205,0.8,0.03184713375796178,3000,3,New,
2025-01-09,Plant B,M10,Packaging,Morning,Ava,329,0.8,6,No,360,0.9,0.0182370820668693,4200,6,Mid-life,
2025-01-09,Plant C,M11,Cutting,Morning,Zoe,238,0.7,3,No,270,0.9125,0.012605042016806723,3000,2,New,
2025-01-09,Plant C,M12,Cutting,Morning,Nina,221,1.0,3,No,259,0.875,0.013574660633484163,3000,9,Old,
2025-01-09,Plant C,M13,Assembly,Morning,Leo,209,0.8,3,No,239,0.9,0.014354066985645933,3000,5,Mid-life,
2025-01-09,Plant C,M14,Assembly,Afternoon,Aria,176,1.2,3,No,218,0.85,0.017045454545454544,3000,3,New,
2025-01-09,Plant C,M15,Packaging,Afternoon,Mila,248,1.0,6,No,296,0.875,0.024193548387096774,3000,10,Old,
2025-01-09,Plant A,M01,Cutting,Afternoon,Mia,304,0.8,6,No,350,0.9,0.019736842105263157,6000,3,New,
2025-01-09,Plant A,M02,Cutting,Night,Chloe,252,1.1,7,No,307,0.8625,0.027777777777777776,6000,4,New,
2025-01-09,Plant A,M03,Assembly,Night,Lucas,200,2.0,7,No,280,0.75,0.035,6000,11,Old,
2025-01-09,Plant A,M04,Packaging,Night,Noah,261,1.3,7,No,325,0.8375,0.02681992337164751,6000,5,Mid-life,
2025-01-10,Plant C,M14,Assembly,Morning,Zoe,203,1.1,3,No,238,0.8625,0.014778325123152709,3000,3,New,
2025-01-10,Plant C,M15,Packaging,Morning,Nina,269,0.8,4,No,306,0.9,0.01486988847583643,3000,10,Old,
2025-01-10,Plant A,M01,Cutting,Morning,Liam,317,1.0,4,No,361,0.875,0.012618296529968454,6000,3,New,
2025-01-10,Plant A,M02,Cutting,Morning,Sofia,326,0.4,4,No,343,0.95,0.012269938650306749,6000,4,New,
2025-01-10,Plant A,M03,Assembly,Afternoon,Camille,244,1.4,6,No,301,0.825,0.02459016393442623,6000,11,Old,
2025-01-10,Plant A,M04,Packaging,Afternoon,Mia,295,1.0,5,No,346,0.875,0.01694915254237288,6000,5,Mid-life,
2025-01-10,Plant A,M05,Packaging,Afternoon,Ethan,315,1.0,6,No,372,0.875,0.01904761904761905,6000,6,Mid-life,
2025-01-10,Plant B,M06,Cutting,Night,Lina,235,0.9,7,No,278,0.8875,0.029787234042553193,4200,7,Mid-life,
2025-01-10,Plant B,M07,Assembly,Night,James,164,2.3,7,No,247,0.7125,0.042682926829268296,4200,12,Old,
2025-01-13,Plant A,M03,Assembly,Morning,Hugo,284,1.0,5,No,326,0.875,0.017605633802816902,6000,11,Old,
2025-01-13,Plant A,M04,Packaging,Morning,Liam,348,0.4,5,No,373,0.95,0.014367816091954023,6000,5,Mid-life,
2025-01-13,Plant A,M05,Packaging,Morning,Sofia,351,1.0,4,No,401,0.875,0.011396011396011397,6000,6,Mid-life,
2025-01-13,Plant B,M06,Cutting,Morning,Emma,287,0.8,4,No,321,0.9,0.013937282229965157,4200,7,Mid-life,
2025-01-13,Plant B,M07,Assembly,Afternoon,Ella,198,1.9,6,No,264,0.7625,0.030303030303030304,4200,12,Old,
2025-01-13,Plant B,M08,Assembly,Afternoon,Mason,234,1.1,5,No,276,0.8625,0.021367521367521368,4200,4,New,
2025-01-13,Plant B,M09,Packaging,Afternoon,Nathan,256,1.3,5,No,322,0.8375,0.01953125,4200,8,Mid-life,
2025-01-13,Plant B,M10,Packaging,Night,James,244,1.3,7,No,299,0.8375,0.028688524590163935,4200,6,Mid-life,
2025-01-13,Plant C,M11,Cutting,Night,Mila,182,1.3,5,No,228,0.8375,0.027472527472527472,3000,2,New,
2025-01-14,Plant B,M07,Assembly,Morning,Ava,226,1.7,6,No,287,0.7875,0.02654867256637168,4200,12,Old,
2025-01-14,Plant B,M08,Assembly,Morning,Lucas,258,0.8,4,No,291,0.9,0.015503875968992248,4200,4,New,
2025-01-14,Plant B,M09,Packaging,Morning,Emma,331,0.3,5,No,352,0.9625,0.015105740181268883,4200,8,Mid-life,
2025-01-14,Plant B,M10,Packaging,Morning,Ava,307,1.0,5,No,355,0.875,0.016286644951140065,4200,6,Mid-life,
2025-01-14,Plant C,M11,Cutting,Afternoon,Aria,205,1.4,5,No,253,0.825,0.024390243902439025,3000,2,New,
2025-01-14,Plant C,M12,Cutting,Afternoon,Mila,194,1.3,4,No,242,0.8375,0.020618556701030927,3000,9,Old,
2025-01-14,Plant C,M13,Assembly,Afternoon,Owen,190,1.3,4,No,231,0.8375,0.021052631578947368,3000,5,Mid-life,
2025-01-14,Plant C,M14,Assembly,Night,Mila,148,1.9,4,No,205,0.7625,0.02702702702702703,3000,3,New,
2025-01-14,Plant C,M15,Packaging,Night,Sami,202,1.7,7,No,268,0.7875,0.034653465346534656,3000,10,Old,
2025-01-14,Plant A,M01,Cutting,Night,Noah,248,1.5,8,No,318,0.8125,0.03225806451612903,6000,3,New,
2025-01-15,Plant C,M11,Cutting,Morning,Zoe,264,0.4,4,No,277,0.95,0.015151515151515152,3000,2,New,
2025-01-15,Plant C,M12,Cutting,Morning,Nina,219,1.1,3,No,263,0.8625,0.0136986301369863,3000,9,Old,
2025-01-15,Plant C,M13,Assembly,Morning,Leo,222,0.7,4,No,246,0.9125,0.018018018018018018,3000,5,Mid-life,
2025-01-15,Plant C,M14,Assembly,Morning,Zoe,215,0.6,3,No,243,0.925,0.013953488372093023,3000,3,New,
2025-01-15,Plant C,M15,Packaging,Afternoon,Mila,238,1.3,5,No,290,0.8375,0.02100840336134454,3000,10,Old,
2025-01-15,Plant A,M01,Cutting,Afternoon,Mia,292,1.1,5,No,347,0.8625,0.017123287671232876,6000,3,New,
2025-01-15,Plant A,M02,Cutting,Afternoon,Ethan,278,1.1,5,No,329,0.8625,0.017985611510791366,6000,4,New,
2025-01-15,Plant A,M03,Assembly,Night,Lucas,204,2.0,7,No,285,0.75,0.03431372549019608,6000,11,Old,
2025-01-15,Plant A,M04,Packaging,Night,Noah,262,1.1,6,No,324,0.8625,0.022900763358778626,6000,5,Mid-life,
2025-01-16,Plant C,M15,Packaging,Morning,Nina,265,1.0,4,No,308,0.875,0.01509433962264151,3000,10,Old,
2025-01-16,Plant A,M01,Cutting,Morning,Liam,324,0.9,5,No,371,0.8875,0.015432098765432098,6000,3,New,
2025-01-16,Plant A,M02,Cutting,Morning,Sofia,323,0.5,3,No,352,0.9375,0.009287925696594427,6000,4,New,
2025-01-16,Plant A,M03,Assembly,Morning,Hugo,269,1.3,6,No,323,0.8375,0.022304832713754646,6000,11,Old,
2025-01-16,Plant A,M04,Packaging,Afternoon,Mia,289,1.1,5,No,350,0.8625,0.01730103806228374,6000,5,Mid-life,
2025-01-16,Plant A,M05,Packaging,Afternoon,Ethan,339,0.7,6,No,379,0.9125,0.017699115044247787,6000,6,Mid-life,
2025-01-16,Plant B,M06,Cutting,Afternoon,Nathan,253,0.9,5,No,296,0.8875,0.019762845849802372,4200,7,Mid-life,
2025-01-16,Plant B,M07,Assembly,Night,James,167,2.4,7,No,249,0.7,0.041916167664670656,4200,12,Old,
2025-01-16,Plant B,M08,Assembly,Night,Harper,211,1.2,6,No,257,0.85,0.02843601895734597,4200,4,New,
2025-01-17,Plant A,M04,Packaging,Morning,Liam,344,0.7,4,No,383,0.9125,0.011627906976744186,6000,5,Mid-life,
2025-01-17,Plant A,M05,Packaging,Morning,Sofia,350,1.1,4,No,412,0.8625,0.011428571428571429,6000,6,Mid-life,
2025-01-17,Plant B,M06,Cutting,Morning,Emma,295,0.6,4,No,322,0.925,0.013559322033898305,4200,7,Mid-life,
2025-01-17,Plant B,M07,Assembly,Morning,Ava,227,1.5,5,No,289,0.8125,0.022026431718061675,4200,12,Old,
2025-01-17,Plant B,M08,Assembly,Afternoon,Mason,228,1.1,5,No,273,0.8625,0.021929824561403508,4200,4,New,
2025-01-17,Plant B,M09,Packaging,Afternoon,Nathan,276,1.0,5,No,324,0.875,0.018115942028985508,4200,8,Mid-life,
2025-01-17,Plant B,M10,Packaging,Afternoon,Ella,276,1.2,6,No,332,0.85,0.021739130434782608,4200,6,Mid-life,
2025-01-17,Plant C,M11,Cutting,Night,Mila,191,1.3,6,No,239,0.8375,0.031413612565445025,3000,2,New,
2025-01-17,Plant C,M12,Cutting,Night,Sami,164,1.8,5,No,222,0.775,0.03048780487804878,3000,9,Old,
2025-01-20,Plant B,M08,Assembly,Morning,Lucas,263,0.7,4,No,295,0.9125,0.015209125475285171,4200,4,New,
2025-01-20,Plant B,M09,Packaging,Morning,Emma,298,0.9,4,No,336,0.8875,0.013422818791946308,4200,8,Mid-life,
2025-01-20,Plant B,M10,Packaging,Morning,Ava,313,0.8,5,No,354,0.9,0.01597444089456869,4200,6,Mid-life,
2025-01-20,Plant C,M11,Cutting,Morning,Zoe,231,0.7,3,No,263,0.9125,0.012987012987012988,3000,2,New,
2025-01-20,Plant C,M12,Cutting,Afternoon,Mila,192,1.4,4,No,242,0.825,0.020833333333333332,3000,9,Old,
2025-01-20,Plant C,M13,Assembly,Afternoon,Owen,183,1.2,4,No,216,0.85,0.02185792349726776,3000,5,Mid-life,
2025-01-20,Plant C,M14,Assembly,Afternoon,Aria,170,1.4,4,No,216,0.825,0.023529411764705882,3000,3,New,
2025-01-20,Plant C,M15,Packaging,Night,Sami,206,1.5,6,No,263,0.8125,0.02912621359223301,3000,10,Old,
2025-01-20,Plant A,M01,Cutting,Night,Noah,256,1.2,7,No,312,0.85,0.02734375,6000,3,New,
2025-01-20,Plant A,M02,Cutting,Night,Chloe,245,1.1,6,No,293,0.8625,0.024489795918367346,6000,4,New,
2025-01-21,Plant C,M12,Cutting,Morning,Nina,243,0.7,4,No,266,0.9125,0.01646090534979424,3000,9,Old,
2025-01-21,Plant C,M13,Assembly,Morning,Leo,209,1.2,3,No,251,0.85,0.014354066985645933,3000,5,Mid-life,
2025-01-21,Plant C,M14,Assembly,Morning,Zoe,201,1.0,3,No,238,0.875,0.014925373134328358,3000,3,New,
2025-01-21,Plant C,M15,Packaging,Morning,Nina,255,1.1,4,No,309,0.8625,0.01568627450980392,3000,10,Old,
2025-01-21,Plant A,M01,Cutting,Afternoon,Mia,289,0.9,5,No,335,0.8875,0.01730103806228374,6000,3,New,
2025-01-21,Plant A,M02,Cutting,Afternoon,Ethan,277,1.0,5,No,326,0.875,0.018050541516245487,6000,4,New,
2025-01-21,Plant A,M03,Assembly,Afternoon,Camille,227,1.9,6,No,306,0.7625,0.02643171806167401,6000,11,Old,
2025-01-21,Plant A,M04,Packaging,Night,Noah,244,1.8,7,No,330,0.775,0.028688524590163935,6000,5,Mid-life,
2025-01-21,Plant A,M05,Packaging,Night,Chloe,282,1.1,7,No,348,0.8625,0.024822695035460994,6000,6,Mid-life,
2025-01-22,Plant A,M01,Cutting,Morning,Liam,333,0.7,4,No,370,0.9125,0.012012012012012012,6000,3,New,
2025-01-22,Plant A,M02,Cutting,Morning,Sofia,318,0.8,4,No,359,0.9,0.012578616352201259,6000,4,New,
2025-01-22,Plant A,M03,Assembly,Morning,Hugo,264,1.4,5,No,331,0.825,0.01893939393939394,6000,11,Old,
2025-01-22,Plant A,M04,Packaging,Morning,Liam,358,0.5,4,No,387,0.9375,0.0111731843575419,6000,5,Mid-life,
2025-01-22,Plant A,M05,Packaging,Afternoon,Ethan,314,1.3,6,No,388,0.8375,0.01910828025477707,6000,6,Mid-life,
2025-01-22,Plant B,M06,Cutting,Afternoon,Nathan,250,0.9,5,No,292,0.8875,0.02,4200,7,Mid-life,
2025-01-22,Plant B,M07,Assembly,Afternoon,Ella,185,2.4,6,No,276,0.7,0.032432432432432434,4200,12,Old,
2025-01-22,Plant B,M08,Assembly,Night,Harper,191,1.8,6,No,262,0.775,0.031413612565445025,4200,4,New,
2025-01-22,Plant B,M09,Packaging,Night,Lina,250,1.1,7,No,308,0.8625,0.028,4200,8,Mid-life,
2025-01-23,Plant A,M05,Packaging,Morning,Sofia,360,0.8,3,No,405,0.9,0.008333333333333333,6000,6,Mid-life,
2025-01-23,Plant B,M06,Cutting,Morning,Emma,299,0.6,4,No,323,0.925,0.013377926421404682,4200,7,Mid-life,
2025-01-23,Plant B,M07,Assembly,Morning,Ava,225,1.7,6,No,287,0.7875,0.02666666666666667,4200,12,Old,
2025-01-23,Plant B,M08,Assembly,Morning,Lucas,253,0.9,4,No,293,0.8875,0.015810276679841896,4200,4,New,
2025-01-23,Plant B,M09,Packaging,Afternoon,Nathan,258,1.2,5,No,316,0.85,0.01937984496124031,4200,8,Mid-life,
2025-01-23,Plant B,M10,Packaging,Afternoon,Ella,277,1.2,6,No,339,0.85,0.021660649819494584,4200,6,Mid-life,
2025-01-23,Plant C,M11,Cutting,Afternoon,Aria,210,1.2,4,No,254,0.85,0.01904761904761905,3000,2,New,
2025-01-23,Plant C,M12,Cutting,Night,Sami,176,1.4,6,No,225,0.825,0.03409090909090909,3000,9,Old,
2025-01-23,Plant C,M13,Assembly,Night,Jack,176,1.1,6,No,210,0.8625,0.03409090909090909,3000,5,Mid-life,
2025-01-23,Plant C,M14,Assembly,Night,Mila,165,1.2,5,No,204,0.85,0.030303030303030304,3000,3,New,
2025-01-24,Plant B,M09,Packaging,Morning,Emma,317,0.5,5,No,341,0.9375,0.015772870662460567,4200,8,Mid-life,
2025-01-24,Plant B,M10,Packaging,Morning,Ava,315,0.9,4,No,351,0.8875,0.012698412698412698,4200,6,Mid-life,
2025-01-24,Plant C,M11,Cutting,Morning,Zoe,241,0.8,3,No,270,0.9,0.012448132780082987,3000,2,New,
2025-01-24,Plant C,M12,Cutting,Morning,Nina,236,0.7,3,No,257,0.9125,0.012711864406779662,3000,9,Old,
2025-01-24,Plant C,M13,Assembly,Afternoon,Owen,202,1.0,4,No,236,0.875,0.019801980198019802,3000,5,Mid-life,
2025-01-24,Plant C,M14,Assembly,Afternoon,Aria,178,1.3,4,No,216,0.8375,0.02247191011235955,3000,3,New,
2025-01-24,Plant C,M15,Packaging,Afternoon,Mila,227,1.2,5,No,279,0.85,0.022026431718061675,3000,10,Old,
2025-01-24,Plant A,M01,Cutting,Night,Noah,255,1.0,7,No,311,0.875,0.027450980392156862,6000,3,New,
2025-01-24,Plant A,M02,Cutting,Night,Chloe,257,0.8,7,No,296,0.9,0.027237354085603113,6000,4,New,
2025-01-27,Plant C,M13,Assembly,Morning,Leo,222,0.6,3,No,241,0.925,0.013513513513513514,3000,5,Mid-life,
2025-01-27,Plant C,M14,Assembly,Morning,Zoe,213,0.9,3,No,243,0.8875,0.014084507042253521,3000,3,New,
2025-01-27,Plant C,M15,Packaging,Morning,Nina,268,1.0,4,No,306,0.875,0.014925373134328358,3000,10,Old,
2025-01-27,Plant A,M01,Cutting,Morning,Liam,332,0.5,5,No,356,0.9375,0.015060240963855422,6000,3,New,
2025-01-27,Plant A,M02,Cutting,Afternoon,Ethan,274,0.9,5,No,317,0.8875,0.01824817518248175,6000,4,New,
2025-01-27,Plant A,M03,Assembly,Afternoon,Camille,241,1.3,6,No,300,0.8375,0.024896265560165973,6000,11,Old,
2025-01-27,Plant A,M04,Packaging,Afternoon,Mia,287,0.9,5,No,337,0.8875,0.017421602787456445,6000,5,Mid-life,
2025-01-27,Plant A,M05,Packaging,Night,Chloe,273,1.3,7,No,346,0.8375,0.02564102564102564,6000,6,Mid-life,
2025-01-27,Plant B,M06,Cutting,Night,Lina,219,1.2,6,No,273,0.85,0.0273972602739726,4200,7,Mid-life,
2025-01-28,Plant A,M02,Cutting,Morning,Sofia,313,0.7,4,No,348,0.9125,0.012779552715654952,6000,4,New,
2025-01-28,Plant A,M03,Assembly,Morning,Hugo,263,1.3,5,No,320,0.8375,0.019011406844106463,6000,11,Old,
2025-01-28,Plant A,M04,Packaging,Morning,Liam,329,0.8,3,No,373,0.9,0.00911854103343465,6000,5,Mid-life,
2025-01-28,Plant A,M05,Packaging,Morning,Sofia,343,0.9,3,No,404,0.8875,0.008746355685131196,6000,6,Mid-life,
2025-01-28,Plant B,M06,Cutting,Afternoon,Nathan,235,1.4,5,No,293,0.825,0.02127659574468085,4200,7,Mid-life,
2025-01-28,Plant B,M07,Assembly,Afternoon,Ella,200,1.8,6,No,264,0.775,0.03,4200,12,Old,
2025-01-28,Plant B,M08,Assembly,Afternoon,Mason,235,1.1,5,No,280,0.8625,0.02127659574468085,4200,4,New,
2025-01-28,Plant B,M09,Packaging,Night,Lina,224,1.6,6,No,299,0.8,0.026785714285714284,4200,8,Mid-life,
2025-01-28,Plant B,M10,Packaging,Night,James,232,1.7,6,No,313,0.7875,0.02586206896551724,4200,6,Mid-life,
2025-01-28,Plant C,M11,Cutting,Night,Mila,181,1.7,6,No,235,0.7875,0.03314917127071823,3000,2,New,
2025-01-29,Plant B,M06,Cutting,Morning,Emma,296,0.5,4,No,320,0.9375,0.013513513513513514,4200,7,Mid-life,
2025-01-29,Plant B,M07,Assembly,Morning,Ava,216,2.0,6,No,286,0.75,0.027777777777777776,4200,12,Old,
2025-01-29,Plant B,M08,Assembly,Morning,Lucas,258,1.0,4,No,297,0.875,0.015503875968992248,4200,4,New,
2025-01-29,Plant B,M09,Packaging,Morning,Emma,310,0.9,5,No,351,0.8875,0.016129032258064516,4200,8,Mid-life,
2025-01-29,Plant B,M10,Packaging,Afternoon,Ella,295,0.8,6,No,338,0.9,0.020338983050847456,4200,6,Mid-life,
2025-01-29,Plant C,M11,Cutting,Afternoon,Aria,202,1.5,5,No,251,0.8125,0.024752475247524754,3000,2,New,
2025-01-29,Plant C,M12,Cutting,Afternoon,Mila,192,1.5,4,No,243,0.8125,0.020833333333333332,3000,9,Old,
2025-01-29,Plant C,M13,Assembly,Night,Jack,161,1.6,5,No,210,0.8,0.031055900621118012,3000,5,Mid-life,
2025-01-29,Plant C,M14,Assembly,Night,Mila,163,1.5,5,No,206,0.8125,0.03067484662576687,3000,3,New,
2025-01-30,Plant B,M10,Packaging,Morning,Ava,317,0.8,4,No,357,0.9,0.012618296529968454,4200,6,Mid-life,
2025-01-30,Plant C,M11,Cutting,Morning,Zoe,235,0.8,3,No,267,0.9,0.01276595744680851,3000,2,New,
2025-01-30,Plant C,M12,Cutting,Morning,Nina,221,0.9,3,No,259,0.8875,0.013574660633484163,3000,9,Old,
2025-01-30,Plant C,M13,Assembly,Morning,Leo,215,1.1,3,No,250,0.8625,0.013953488372093023,3000,5,Mid-life,
2025-01-30,Plant C,M14,Assembly,Afternoon,Aria,185,1.0,4,No,217,0.875,0.021621621621621623,3000,3,New,
2025-01-30,Plant C,M15,Packaging,Afternoon,Mila,232,1.4,5,No,291,0.825,0.021551724137931036,3000,10,Old,
2025-01-30,Plant A,M01,Cutting,Afternoon,Mia,280,1.1,5,No,336,0.8625,0.017857142857142856,6000,3,New,
2025-01-30,Plant A,M02,Cutting,Night,Chloe,242,1.2,7,No,300,0.85,0.028925619834710745,6000,4,New,
2025-01-30,Plant A,M03,Assembly,Night,Lucas,194,2.1,7,No,275,0.7375,0.03608247422680412,6000,11,Old,
2025-01-31,Plant C,M14,Assembly,Morning,Zoe,193,1.1,2,No,231,0.8625,0.010362694300518135,3000,3,New,
2025-01-31,Plant C,M15,Packaging,Morning,Nina,262,0.8,4,No,295,0.9,0.015267175572519083,3000,10,Old,
2025-01-31,Plant A,M01,Cutting,Morning,Liam,354,0.1,5,No,362,0.9875,0.014124293785310734,6000,3,New,
2025-01-31,Plant A,M02,Cutting,Morning,Sofia,309,0.5,3,No,338,0.9375,0.009708737864077669,6000,4,New,
2025-01-31,Plant A,M03,Assembly,Afternoon,Camille,219,2.0,6,No,294,0.75,0.0273972602739726,6000,11,Old,
2025-01-31,Plant A,M04,Packaging,Afternoon,Mia,303,1.1,5,No,354,0.8625,0.0165016501650165,6000,5,Mid-life,
2025-01-31,Plant A,M05,Packaging,Afternoon,Ethan,322,1.1,6,No,370,0.8625,0.018633540372670808,6000,6,Mid-life,
2025-01-31,Plant B,M06,Cutting,Night,Lina,202,1.6,6,No,266,0.8,0.0297029702970297,4200,7,Mid-life,
2025-01-31,Plant B,M07,Assembly,Night,James,169,2.3,7,No,247,0.7125,0.04142011834319527,4200,12,Old,
2025-02-03,Plant A,M03,Assembly,Morning,Hugo,255,1.4,5,No,321,0.825,0.0196078431372549,6000,11,Old,
2025-02-03,Plant A,M04,Packaging,Morning,Liam,347,0.4,4,No,371,0.95,0.011527377521613832,6000,5,Mid-life,
2025-02-03,Plant A,M05,Packaging,Morning,Sofia,346,0.8,4,No,397,0.9,0.011560693641618497,6000,6,Mid-life,
2025-02-03,Plant B,M06,Cutting,Morning,Emma,281,0.7,4,No,312,0.9125,0.014234875444839857,4200,7,Mid-life,
2025-02-03,Plant B,M07,Assembly,Afternoon,Ella,190,2.0,5,No,268,0.75,0.02631578947368421,4200,12,Old,
2025-02-03,Plant B,M08,Assembly,Afternoon,Mason,229,1.1,5,No,274,0.8625,0.021834061135371178,4200,4,New,
2025-02-03,Plant B,M09,Packaging,Afternoon,Nathan,254,1.3,5,No,317,0.8375,0.01968503937007874,4200,8,Mid-life,
2025-02-03,Plant B,M10,Packaging,Night,James,237,1.5,7,No,301,0.8125,0.029535864978902954,4200,6,Mid-life,
2025-02-03,Plant C,M11,Cutting,Night,Mila,178,1.2,5,No,222,0.85,0.028089887640449437,3000,2,New,
2025-02-03,Plant C,M12,Cutting,Night,Sami,168,1.5,5,No,218,0.8125,0.02976190476190476,3000,9,Old,
2025-02-04,Plant B,M07,Assembly,Morning,Ava,231,1.5,5,No,287,0.8125,0.021645021645021644,4200,12,Old,
2025-02-04,Plant B,M08,Assembly,Morning,Lucas,266,0.8,4,No,301,0.9,0.015037593984962405,4200,4,New,
2025-02-04,Plant B,M09,Packaging,Morning,Emma,286,1.2,4,No,343,0.85,0.013986013986013986,4200,8,Mid-life,
2025-02-04,Plant B,M10,Packaging,Morning,Ava,330,0.5,5,No,361,0.9375,0.015151515151515152,4200,6,Mid-life,
2025-02-04,Plant C,M11,Cutting,Afternoon,Aria,218,1.1,5,No,257,0.8625,0.022935779816513763,3000,2,New,
2025-02-04,Plant C,M12,Cutting,Afternoon,Mila,204,1.3,4,No,247,0.8375,0.0196078431372549,3000,9,Old,
2025-02-04,Plant C,M13,Assembly,Afternoon,Owen,193,1.1,4,No,230,0.8625,0.02072538860103627,3000,5,Mid-life,
2025-02-04,Plant C,M14,Assembly,Night,Mila,149,1.9,5,No,205,0.7625,0.03355704697986577,3000,3,New,
2025-02-04,Plant C,M15,Packaging,Night,Sami,206,1.5,6,No,266,0.8125,0.02912621359223301,3000,10,Old,
2025-02-05,Plant C,M11,Cutting,Morning,Zoe,240,1.1,4,No,281,0.8625,0.016666666666666666,3000,2,New,
2025-02-05,Plant C,M12,Cutting,Morning,Nina,230,0.8,4,No,256,0.9,0.017391304347826087,3000,9,Old,
2025-02-05,Plant C,M13,Assembly,Morning,Leo,218,1.0,4,No,251,0.875,0.01834862385321101,3000,5,Mid-life,
2025-02-05,Plant C,M14,Assembly,Morning,Zoe,215,0.8,2,No,241,0.9,0.009302325581395349,3000,3,New,
2025-02-05,Plant C,M15,Packaging,Afternoon,Mila,260,0.5,6,No,292,0.9375,0.023076923076923078,3000,10,Old,
2025-02-05,Plant A,M01,Cutting,Afternoon,Mia,298,0.8,6,No,344,0.9,0.020134228187919462,6000,3,New,
2025-02-05,Plant A,M02,Cutting,Afternoon,Ethan,257,1.5,5,No,326,0.8125,0.019455252918287938,6000,4,New,
2025-02-05,Plant A,M03,Assembly,Night,Lucas,200,2.1,7,No,288,0.7375,0.035,6000,11,Old,
2025-02-05,Plant A,M04,Packaging,Night,Noah,271,1.1,7,No,330,0.8625,0.025830258302583026,6000,5,Mid-life,
2025-02-06,Plant C,M15,Packaging,Morning,Nina,275,0.8,4,No,311,0.9,0.014545454545454545,3000,10,Old,
2025-02-06,Plant A,M01,Cutting,Morning,Liam,323,0.7,3,No,364,0.9125,0.009287925696594427,6000,3,New,
2025-02-06,Plant A,M02,Cutting,Morning,Sofia,319,0.5,4,No,352,0.9375,0.012539184952978056,6000,4,New,
2025-02-06,Plant A,M03,Assembly,Morning,Hugo,280,1.0,6,No,324,0.875,0.02142857142857143,6000,11,Old,
2025-02-06,Plant A,M04,Packaging,Afternoon,Mia,286,1.2,5,No,353,0.85,0.017482517482517484,6000,5,Mid-life,
2025-02-06,Plant A,M05,Packaging,Afternoon,Ethan,321,1.0,6,No,374,0.875,0.018691588785046728,6000,6,Mid-life,
2025-02-06,Plant B,M06,Cutting,Afternoon,Nathan,242,1.4,5,No,303,0.825,0.02066115702479339,4200,7,Mid-life,
2025-02-06,Plant B,M07,Assembly,Night,James,167,2.4,7,No,250,0.7,0.041916167664670656,4200,12,Old,
2025-02-06,Plant B,M08,Assembly,Night,Harper,204,1.3,6,No,256,0.8375,0.029411764705882353,4200,4,New,
2025-02-06,Plant B,M09,Packaging,Night,Lina,231,1.5,7,No,295,0.8125,0.030303030303030304,4200,8,Mid-life,
2025-02-07,Plant A,M04,Packaging,Morning,Liam,333,0.7,5,No,376,0.9125,0.015015015015015015,6000,5,Mid-life,
2025-02-07,Plant A,M05,Packaging,Morning,Sofia,371,0.3,4,No,396,0.9625,0.01078167115902965,6000,6,Mid-life,
2025-02-07,Plant B,M06,Cutting,Morning,Emma,280,0.7,4,No,313,0.9125,0.014285714285714285,4200,7,Mid-life,
2025-02-07,Plant B,M07,Assembly,Morning,Ava,222,1.7,6,No,285,0.7875,0.02702702702702703,4200,12,Old,
2025-02-07,Plant B,M08,Assembly,Afternoon,Mason,215,1.1,4,No,264,0.8625,0.018604651162790697,4200,4,New,
2025-02-07,Plant B,M09,Packaging,Afternoon,Nathan,255,1.4,5,No,314,0.825,0.0196078431372549,4200,8,Mid-life,
2025-02-07,Plant B,M10,Packaging,Afternoon,Ella,267,1.2,5,No,326,0.85,0.018726591760299626,4200,6,Mid-life,
2025-02-07,Plant C,M11,Cutting,Night,Mila,187,1.4,6,No,235,0.825,0.03208556149732621,3000,2,New,
2025-02-07,Plant C,M12,Cutting,Night,Sami,162,1.7,5,No,214,0.7875,0.030864197530864196,3000,9,Old,
2025-02-10,Plant B,M08,Assembly,Morning,Lucas,259,0.6,4,No,286,0.925,0.015444015444015444,4200,4,New,
2025-02-10,Plant B,M09,Packaging,Morning,Emma,287,0.8,4,No,329,0.9,0.013937282229965157,4200,8,Mid-life,
2025-02-10,Plant B,M10,Packaging,Morning,Ava,286,1.2,5,No,348,0.85,0.017482517482517484,4200,6,Mid-life,
2025-02-10,Plant C,M11,Cutting,Morning,Zoe,232,0.9,4,No,265,0.8875,0.017241379310344827,3000,2,New,
2025-02-10,Plant C,M12,Cutting,Afternoon,Mila,182,1.5,4,No,232,0.8125,0.02197802197802198,3000,9,Old,
2025-02-10,Plant C,M13,Assembly,Afternoon,Owen,180,1.2,4,No,221,0.85,0.022222222222222223,3000,5,Mid-life,
2025-02-10,Plant C,M14,Assembly,Afternoon,Aria,181,1.2,4,No,220,0.85,0.022099447513812154,3000,3,New,
2025-02-10,Plant C,M15,Packaging,Night,Sami,205,1.2,6,No,256,0.85,0.02926829268292683,3000,10,Old,
2025-02-10,Plant A,M01,Cutting,Night,Noah,223,1.9,7,No,309,0.7625,0.03139013452914798,6000,3,New,
2025-02-11,Plant C,M12,Cutting,Morning,Nina,227,0.8,3,No,255,0.9,0.013215859030837005,3000,9,Old,
2025-02-11,Plant C,M13,Assembly,Morning,Leo,213,0.8,3,No,244,0.9,0.014084507042253521,3000,5,Mid-life,
2025-02-11,Plant C,M14,Assembly,Morning,Zoe,209,0.8,3,No,237,0.9,0.014354066985645933,3000,3,New,
2025-02-11,Plant C,M15,Packaging,Morning,Nina,266,0.9,4,No,307,0.8875,0.015037593984962405,3000,10,Old,
2025-02-11,Plant A,M01,Cutting,Afternoon,Mia,288,1.1,6,No,340,0.8625,0.020833333333333332,6000,3,New,
2025-02-11,Plant A,M02,Cutting,Afternoon,Ethan,273,1.1,5,No,324,0.8625,0.018315018315018316,6000,4,New,
2025-02-11,Plant A,M03,Assembly,Afternoon,Camille,212,1.9,5,No,292,0.7625,0.02358490566037736,6000,11,Old,
2025-02-11,Plant A,M04,Packaging,Night,Noah,258,1.5,7,No,326,0.8125,0.027131782945736434,6000,5,Mid-life,
2025-02-11,Plant A,M05,Packaging,Night,Chloe,271,1.3,7,No,338,0.8375,0.025830258302583026,6000,6,Mid-life,
2025-02-11,Plant B,M06,Cutting,Night,Lina,220,1.3,6,No,274,0.8375,0.02727272727272727,4200,7,Mid-life,
2025-02-12,Plant A,M01,Cutting,Morning,Liam,327,0.6,4,No,362,0.925,0.012232415902140673,6000,3,New,
2025-02-12,Plant A,M02,Cutting,Morning,Sofia,321,0.6,4,No,345,0.925,0.012461059190031152,6000,4,New,
2025-02-12,Plant A,M03,Assembly,Morning,Hugo,276,0.9,5,No,319,0.8875,0.018115942028985508,6000,11,Old,
2025-02-12,Plant A,M04,Packaging,Morning,Liam,325,0.9,5,No,373,0.8875,0.015384615384615385,6000,5,Mid-life,
2025-02-12,Plant A,M05,Packaging,Afternoon,Ethan,312,1.1,6,No,373,0.8625,0.019230769230769232,6000,6,Mid-life,
2025-02-12,Plant B,M06,Cutting,Afternoon,Nathan,259,0.7,5,No,300,0.9125,0.019305019305019305,4200,7,Mid-life,
2025-02-12,Plant B,M07,Assembly,Afternoon,Ella,187,2.2,6,No,265,0.725,0.03208556149732621,4200,12,Old,
2025-02-12,Plant B,M08,Assembly,Night,Harper,194,1.7,6,No,258,0.7875,0.030927835051546393,4200,4,New,
2025-02-12,Plant B,M09,Packaging,Night,Lina,237,1.3,7,No,294,0.8375,0.029535864978902954,4200,8,Mid-life,
2025-02-13,Plant A,M05,Packaging,Morning,Sofia,335,0.9,3,No,395,0.8875,0.008955223880597015,6000,6,Mid-life,
2025-02-13,Plant B,M06,Cutting,Morning,Emma,278,0.6,3,No,306,0.925,0.01079136690647482,4200,7,Mid-life,
2025-02-13,Plant B,M07,Assembly,Morning,Ava,228,1.5,6,No,277,0.8125,0.02631578947368421,4200,12,Old,
2025-02-13,Plant B,M08,Assembly,Morning,Lucas,257,0.7,3,No,290,0.9125,0.011673151750972763,4200,4,New,
2025-02-13,Plant B,M09,Packaging,Afternoon,Nathan,265,1.0,5,No,312,0.875,0.018867924528301886,4200,8,Mid-life,
2025-02-13,Plant B,M10,Packaging,Afternoon,Ella,268,1.2,6,No,323,0.85,0.022388059701492536,4200,6,Mid-life,
2025-02-13,Plant C,M11,Cutting,Afternoon,Aria,193,1.4,4,No,243,0.825,0.02072538860103627,3000,2,New,
2025-02-13,Plant C,M12,Cutting,Night,Sami,175,1.2,5,No,216,0.85,0.02857142857142857,3000,9,Old,
2025-02-13,Plant C,M13,Assembly,Night,Jack,166,1.5,5,No,210,0.8125,0.030120481927710843,3000,5,Mid-life,
2025-02-14,Plant B,M09,Packaging,Morning,Emma,295,0.9,5,No,330,0.8875,0.01694915254237288,4200,8,Mid-life,
2025-02-14,Plant B,M10,Packaging,Morning,Ava,316,0.6,4,No,341,0.925,0.012658227848101266,4200,6,Mid-life,
2025-02-14,Plant C,M11,Cutting,Morning,Zoe,233,0.7,3,No,258,0.9125,0.012875536480686695,3000,2,New,
2025-02-14,Plant C,M12,Cutting,Morning,Nina,219,0.7,3,No,246,0.9125,0.0136986301369863,3000,9,Old,
2025-02-14,Plant C,M13,Assembly,Afternoon,Owen,190,1.3,4,No,231,0.8375,0.021052631578947368,3000,5,Mid-life,
2025-02-14,Plant C,M14,Assembly,Afternoon,Aria,172,1.1,3,No,212,0.8625,0.01744186046511628,3000,3,New,
2025-02-14,Plant C,M15,Packaging,Afternoon,Mila,231,0.8,5,No,269,0.9,0.021645021645021644,3000,10,Old,
2025-02-14,Plant A,M01,Cutting,Night,Noah,231,1.6,7,No,301,0.8,0.030303030303030304,6000,3,New,
2025-02-14,Plant A,M02,Cutting,Night,Chloe,227,1.4,6,No,285,0.825,0.02643171806167401,6000,4,New,
2025-02-17,Plant C,M13,Assembly,Morning,Leo,203,1.0,3,No,237,0.875,0.014778325123152709,3000,5,Mid-life,
2025-02-17,Plant C,M14,Assembly,Morning,Zoe,194,0.9,3,No,221,0.8875,0.015463917525773196,3000,3,New,
2025-02-17,Plant C,M15,Packaging,Morning,Nina,258,0.9,4,No,293,0.8875,0.015503875968992248,3000,10,Old,
2025-02-17,Plant A,M01,Cutting,Morning,Liam,335,0.4,4,No,351,0.95,0.011940298507462687,6000,3,New,
2025-02-17,Plant A,M02,Cutting,Afternoon,Ethan,263,1.0,4,No,312,0.875,0.015209125475285171,6000,4,New,
2025-02-17,Plant A,M03,Assembly,Afternoon,Camille,155,3.2,6,No,285,0.6,0.03870967741935484,6000,11,Old,
2025-02-17,Plant A,M04,Packaging,Afternoon,Mia,287,0.9,5,No,336,0.8875,0.017421602787456445,6000,5,Mid-life,
2025-02-17,Plant A,M05,Packaging,Night,Chloe,247,1.7,7,No,330,0.7875,0.02834008097165992,6000,6,Mid-life,
2025-02-17,Plant B,M06,Cutting,Night,Lina,198,1.6,6,No,260,0.8,0.030303030303030304,4200,7,Mid-life,
2025-02-17,Plant B,M07,Assembly,Night,James,164,2.2,7,No,235,0.725,0.042682926829268296,4200,12,Old,
2025-02-18,Plant A,M02,Cutting,Morning,Sofia,302,0.9,3,No,339,0.8875,0.009933774834437087,6000,4,New,
2025-02-18,Plant A,M03,Assembly,Morning,Hugo,178,3.0,6,No,314,0.625,0.033707865168539325,6000,11,Old,
2025-02-18,Plant A,M04,Packaging,Morning,Liam,333,0.7,5,No,372,0.9125,0.015015015015015015,6000,5,Mid-life,
2025-02-18,Plant A,M05,Packaging,Morning,Sofia,370,0.2,4,No,382,0.975,0.010810810810810811,6000,6,Mid-life,
2025-02-18,Plant B,M06,Cutting,Afternoon,Nathan,247,0.9,6,No,287,0.8875,0.024291497975708502,4200,7,Mid-life,
2025-02-18,Plant B,M07,Assembly,Afternoon,Ella,186,2.1,6,No,262,0.7375,0.03225806451612903,4200,12,Old,
2025-02-18,Plant B,M08,Assembly,Afternoon,Mason,216,1.2,4,No,259,0.85,0.018518518518518517,4200,4,New,
2025-02-18,Plant B,M09,Packaging,Night,Lina,227,1.2,6,No,283,0.85,0.02643171806167401,4200,8,Mid-life,
2025-02-18,Plant B,M10,Packaging,Night,James,224,1.6,6,No,290,0.8,0.026785714285714284,4200,6,Mid-life,
2025-02-19,Plant B,M06,Cutting,Morning,Emma,281,0.5,3,No,300,0.9375,0.010676156583629894,4200,7,Mid-life,
2025-02-19,Plant B,M07,Assembly,Morning,Ava,229,1.4,5,No,279,0.825,0.021834061135371178,4200,12,Old,
2025-02-19,Plant B,M08,Assembly,Morning,Lucas,260,0.9,4,No,291,0.8875,0.015384615384615385,4200,4,New,
2025-02-19,Plant B,M09,Packaging,Morning,Emma,314,0.5,4,No,335,0.9375,0.012738853503184714,4200,8,Mid-life,
2025-02-19,Plant B,M10,Packaging,Afternoon,Ella,264,1.1,5,No,322,0.8625,0.01893939393939394,4200,6,Mid-life,
2025-02-19,Plant C,M11,Cutting,Afternoon,Aria,200,1.3,4,No,251,0.8375,0.02,3000,2,New,
2025-02-19,Plant C,M12,Cutting,Afternoon,Mila,203,0.8,5,No,236,0.9,0.024630541871921183,3000,9,Old,
2025-02-19,Plant C,M13,Assembly,Night,Jack,163,1.6,5,No,208,0.8,0.03067484662576687,3000,5,Mid-life,
2025-02-19,Plant C,M14,Assembly,Night,Mila,141,2.1,4,No,201,0.7375,0.028368794326241134,3000,3,New,
2025-02-20,Plant B,M10,Packaging,Morning,Ava,305,0.8,4,No,346,0.9,0.013114754098360656,4200,6,Mid-life,
2025-02-20,Plant C,M11,Cutting,Morning,Zoe,235,0.9,4,No,271,0.8875,0.01702127659574468,3000,2,New,
2025-02-20,Plant C,M12,Cutting,Morning,Nina,224,0.7,3,No,247,0.9125,0.013392857142857142,3000,9,Old,
2025-02-20,Plant C,M13,Assembly,Morning,Leo,201,1.2,3,No,239,0.85,0.014925373134328358,3000,5,Mid-life,
2025-02-20,Plant C,M14,Assembly,Afternoon,Aria,173,1.2,4,No,210,0.85,0.023121387283236993,3000,3,New,
2025-02-20,Plant C,M15,Packaging,Afternoon,Mila,243,0.9,5,No,279,0.8875,0.0205761316872428,3000,10,Old,
2025-02-20,Plant A,M01,Cutting,Afternoon,Mia,289,0.8,6,No,326,0.9,0.020761245674740483,6000,3,New,
2025-02-20,Plant A,M02,Cutting,Night,Chloe,246,1.0,7,No,291,0.875,0.028455284552845527,6000,4,New,
2025-02-20,Plant A,M03,Assembly,Night,Lucas,102,4.5,5,Yes,260,0.4375,0.049019607843137254,6000,11,Old,
2025-02-20,Plant A,M04,Packaging,Night,Noah,244,1.6,6,No,314,0.8,0.02459016393442623,6000,5,Mid-life,
2025-02-21,Plant C,M14,Assembly,Morning,Zoe,194,0.8,3,No,224,0.9,0.015463917525773196,3000,3,New,
2025-02-21,Plant C,M15,Packaging,Morning,Nina,272,0.6,4,No,297,0.925,0.014705882352941176,3000,10,Old,
2025-02-21,Plant A,M01,Cutting,Morning,Liam,297,0.9,4,No,342,0.8875,0.013468013468013467,6000,3,New,
2025-02-21,Plant A,M02,Cutting,Morning,Sofia,280,1.0,3,No,323,0.875,0.010714285714285714,6000,4,New,
2025-02-21,Plant A,M03,Assembly,Afternoon,Camille,169,2.9,6,No,287,0.6375,0.03550295857988166,6000,11,Old,
2025-02-21,Plant A,M04,Packaging,Afternoon,Mia,281,1.0,5,No,333,0.875,0.017793594306049824,6000,5,Mid-life,
2025-02-21,Plant A,M05,Packaging,Afternoon,Ethan,294,1.2,6,No,357,0.85,0.02040816326530612,6000,6,Mid-life,
2025-02-21,Plant B,M06,Cutting,Night,Lina,184,1.9,6,No,258,0.7625,0.03260869565217391,4200,7,Mid-life,
2025-02-21,Plant B,M07,Assembly,Night,James,171,2.2,7,No,240,0.725,0.04093567251461988,4200,12,Old,
2025-02-24,Plant A,M03,Assembly,Morning,Hugo,268,1.0,4,No,306,0.875,0.014925373134328358,6000,11,Old,
2025-02-24,Plant A,M04,Packaging,Morning,Liam,312,0.9,3,No,356,0.8875,0.009615384615384616,6000,5,Mid-life,
2025-02-24,Plant A,M05,Packaging,Morning,Sofia,340,0.8,4,No,381,0.9,0.011764705882352941,6000,6,Mid-life,
2025-02-24,Plant B,M06,Cutting,Morning,Emma,271,0.5,3,No,297,0.9375,0.01107011070110701,4200,7,Mid-life,
2025-02-24,Plant B,M07,Assembly,Afternoon,Ella,182,2.0,5,No,251,0.75,0.027472527472527472,4200,12,Old,
2025-02-24,Plant B,M08,Assembly,Afternoon,Mason,202,1.4,4,No,254,0.825,0.019801980198019802,4200,4,New,
2025-02-24,Plant B,M09,Packaging,Afternoon,Nathan,234,1.4,5,No,293,0.825,0.021367521367521368,4200,8,Mid-life,
2025-02-24,Plant B,M10,Packaging,Night,James,220,1.8,6,No,298,0.775,0.02727272727272727,4200,6,Mid-life,
2025-02-24,Plant C,M11,Cutting,Night,Mila,166,1.6,5,No,218,0.8,0.030120481927710843,3000,2,New,
2025-02-25,Plant B,M07,Assembly,Morning,Ava,227,1.6,6,No,280,0.8,0.02643171806167401,4200,12,Old,
2025-02-25,Plant B,M08,Assembly,Morning,Lucas,257,0.9,3,No,291,0.8875,0.011673151750972763,4200,4,New,
2025-02-25,Plant B,M09,Packaging,Morning,Emma,291,0.8,4,No,324,0.9,0.013745704467353952,4200,8,Mid-life,
2025-02-25,Plant B,M10,Packaging,Morning,Ava,305,0.5,3,No,336,0.9375,0.009836065573770493,4200,6,Mid-life,
2025-02-25,Plant C,M11,Cutting,Afternoon,Aria,194,1.4,4,No,242,0.825,0.020618556701030927,3000,2,New,
2025-02-25,Plant C,M12,Cutting,Afternoon,Mila,192,1.2,4,No,227,0.85,0.020833333333333332,3000,9,Old,
2025-02-25,Plant C,M13,Assembly,Afternoon,Owen,170,1.6,4,No,218,0.8,0.023529411764705882,3000,5,Mid-life,
2025-02-25,Plant C,M14,Assembly,Night,Mila,150,1.6,4,No,195,0.8,0.02666666666666667,3000,3,New,
2025-02-25,Plant C,M15,Packaging,Night,Sami,206,1.3,6,No,256,0.8375,0.02912621359223301,3000,10,Old,
2025-02-25,Plant A,M01,Cutting,Night,Noah,234,1.3,6,No,295,0.8375,0.02564102564102564,6000,3,New,
2025-02-26,Plant C,M11,Cutting,Morning,Zoe,239,0.6,3,No,261,0.925,0.012552301255230125,3000,2,New,
2025-02-26,Plant C,M12,Cutting,Morning,Nina,226,0.6,3,No,250,0.925,0.01327433628318584,3000,9,Old,
2025-02-26,Plant C,M13,Assembly,Morning,Leo,212,0.9,3,No,243,0.8875,0.014150943396226415,3000,5,Mid-life,
2025-02-26,Plant C,M14,Assembly,Morning,Zoe,197,0.9,3,No,220,0.8875,0.015228426395939087,3000,3,New,
2025-02-26,Plant C,M15,Packaging,Afternoon,Mila,226,1.3,4,No,275,0.8375,0.017699115044247787,3000,10,Old,
2025-02-26,Plant A,M01,Cutting,Afternoon,Mia,264,1.1,5,No,318,0.8625,0.01893939393939394,6000,3,New,
2025-02-26,Plant A,M02,Cutting,Afternoon,Ethan,274,0.6,4,No,310,0.925,0.014598540145985401,6000,4,New,
2025-02-26,Plant A,M03,Assembly,Night,Lucas,190,2.0,7,No,266,0.75,0.03684210526315789,6000,11,Old,
2025-02-26,Plant A,M04,Packaging,Night,Noah,248,1.3,7,No,318,0.8375,0.028225806451612902,6000,5,Mid-life,
2025-02-27,Plant C,M15,Packaging,Morning,Nina,261,0.9,3,No,295,0.8875,0.011494252873563218,3000,10,Old,
2025-02-27,Plant A,M01,Cutting,Morning,Liam,333,0.4,3,No,353,0.95,0.009009009009009009,6000,3,New,
2025-02-27,Plant A,M02,Cutting,Morning,Sofia,285,0.9,4,No,327,0.8875,0.014035087719298246,6000,4,New,
2025-02-27,Plant A,M03,Assembly,Morning,Hugo,258,1.3,5,No,308,0.8375,0.01937984496124031,6000,11,Old,
2025-02-27,Plant A,M04,Packaging,Afternoon,Mia,283,0.9,5,No,327,0.8875,0.0176678445229682,6000,5,Mid-life,
2025-02-27,Plant A,M05,Packaging,Afternoon,Ethan,300,0.9,5,No,351,0.8875,0.016666666666666666,6000,6,Mid-life,
2025-02-27,Plant B,M06,Cutting,Afternoon,Nathan,231,1.0,5,No,275,0.875,0.021645021645021644,4200,7,Mid-life,
2025-02-27,Plant B,M07,Assembly,Night,James,161,2.3,6,No,238,0.7125,0.037267080745341616,4200,12,Old,
2025-02-27,Plant B,M08,Assembly,Night,Harper,190,1.3,5,No,240,0.8375,0.02631578947368421,4200,4,New,
2025-02-28,Plant A,M04,Packaging,Morning,Liam,318,0.7,3,No,351,0.9125,0.009433962264150943,6000,5,Mid-life,
2025-02-28,Plant A,M05,Packaging,Morning,Sofia,348,0.6,4,No,380,0.925,0.011494252873563218,6000,6,Mid-life,
2025-02-28,Plant B,M06,Cutting,Morning,Emma,271,0.5,4,No,293,0.9375,0.014760147601476014,4200,7,Mid-life,
2025-02-28,Plant B,M07,Assembly,Morning,Ava,206,1.7,5,No,262,0.7875,0.024271844660194174,4200,12,Old,
2025-02-28,Plant B,M08,Assembly,Afternoon,Mason,222,1.0,4,No,262,0.875,0.018018018018018018,4200,4,New,
2025-02-28,Plant B,M09,Packaging,Afternoon,Nathan,234,1.3,5,No,291,0.8375,0.021367521367521368,4200,8,Mid-life,
2025-02-28,Plant B,M10,Packaging,Afternoon,Ella,265,0.9,5,No,308,0.8875,0.018867924528301886,4200,6,Mid-life,
2025-02-28,Plant C,M11,Cutting,Night,Mila,170,1.6,5,No,222,0.8,0.029411764705882353,3000,2,New,
2025-02-28,Plant C,M12,Cutting,Night,Sami,171,1.3,5,No,214,0.8375,0.029239766081871343,3000,9,Old,
2025-03-03,Plant B,M08,Assembly,Morning,Lucas,267,0.5,4,No,290,0.9375,0.0149812734082397,4200,4,New,
2025-03-03,Plant B,M09,Packaging,Morning,Emma,293,0.8,4,No,331,0.9,0.013651877133105802,4200,8,Mid-life,
2025-03-03,Plant B,M10,Packaging,Morning,Ava,309,0.7,4,No,344,0.9125,0.012944983818770227,4200,6,Mid-life,
2025-03-03,Plant C,M11,Cutting,Morning,Zoe,234,0.9,3,No,258,0.8875,0.01282051282051282,3000,2,New,
2025-03-03,Plant C,M12,Cutting,Afternoon,Mila,197,1.0,4,No,231,0.875,0.02030456852791878,3000,9,Old,
2025-03-03,Plant C,M13,Assembly,Afternoon,Owen,176,1.5,4,No,223,0.8125,0.022727272727272728,3000,5,Mid-life,
2025-03-03,Plant C,M14,Assembly,Afternoon,Aria,157,1.6,4,No,202,0.8,0.025477707006369428,3000,3,New,
2025-03-03,Plant C,M15,Packaging,Night,Sami,197,1.4,6,No,249,0.825,0.030456852791878174,3000,10,Old,
2025-03-03,Plant A,M01,Cutting,Night,Noah,228,1.5,7,No,300,0.8125,0.03070175438596491,6000,3,New,
2025-03-03,Plant A,M02,Cutting,Night,Chloe,225,1.3,6,No,287,0.8375,0.02666666666666667,6000,4,New,
2025-03-04,Plant C,M12,Cutting,Morning,Nina,208,0.9,3,No,242,0.8875,0.014423076923076924,3000,9,Old,
2025-03-04,Plant C,M13,Assembly,Morning,Leo,204,1.1,3,No,241,0.8625,0.014705882352941176,3000,5,Mid-life,
2025-03-04,Plant C,M14,Assembly,Morning,Zoe,197,1.1,3,No,230,0.8625,0.015228426395939087,3000,3,New,
2025-03-04,Plant C,M15,Packaging,Morning,Nina,278,0.5,3,No,300,0.9375,0.01079136690647482,3000,10,Old,
2025-03-04,Plant A,M01,Cutting,Afternoon,Mia,291,1.0,5,No,333,0.875,0.01718213058419244,6000,3,New,
2025-03-04,Plant A,M02,Cutting,Afternoon,Ethan,257,1.4,5,No,316,0.825,0.019455252918287938,6000,4,New,
2025-03-04,Plant A,M03,Assembly,Afternoon,Camille,225,1.7,6,No,294,0.7875,0.02666666666666667,6000,11,Old,
2025-03-04,Plant A,M04,Packaging,Night,Noah,266,1.0,7,No,318,0.875,0.02631578947368421,6000,5,Mid-life,
2025-03-04,Plant A,M05,Packaging,Night,Chloe,286,1.0,8,No,338,0.875,0.027972027972027972,6000,6,Mid-life,
2025-03-05,Plant A,M01,Cutting,Morning,Liam,318,0.6,3,No,356,0.925,0.009433962264150943,6000,3,New,
2025-03-05,Plant A,M02,Cutting,Morning,Sofia,297,0.9,4,No,342,0.8875,0.013468013468013467,6000,4,New,
2025-03-05,Plant A,M03,Assembly,Morning,Hugo,257,1.4,5,No,317,0.825,0.019455252918287938,6000,11,Old,
2025-03-05,Plant A,M04,Packaging,Morning,Liam,347,0.3,4,No,372,0.9625,0.011527377521613832,6000,5,Mid-life,
2025-03-05,Plant A,M05,Packaging,Afternoon,Ethan,304,1.1,7,No,366,0.8625,0.023026315789473683,6000,6,Mid-life,
2025-03-05,Plant B,M06,Cutting,Afternoon,Nathan,232,1.2,5,No,285,0.85,0.021551724137931036,4200,7,Mid-life,
2025-03-05,Plant B,M07,Assembly,Afternoon,Ella,206,1.6,7,No,265,0.8,0.03398058252427184,4200,12,Old,
2025-03-05,Plant B,M08,Assembly,Night,Harper,197,1.5,6,No,251,0.8125,0.030456852791878174,4200,4,New,
2025-03-05,Plant B,M09,Packaging,Night,Lina,243,1.0,7,No,289,0.875,0.02880658436213992,4200,8,Mid-life,
2025-03-06,Plant A,M05,Packaging,Morning,Sofia,349,0.7,4,No,391,0.9125,0.011461318051575931,6000,6,Mid-life,
2025-03-06,Plant B,M06,Cutting,Morning,Emma,293,0.5,3,No,313,0.9375,0.010238907849829351,4200,7,Mid-life,
2025-03-06,Plant B,M07,Assembly,Morning,Ava,209,2.0,5,No,279,0.75,0.023923444976076555,4200,12,Old,
2025-03-06,Plant B,M08,Assembly,Morning,Lucas,259,0.7,4,No,288,0.9125,0.015444015444015444,4200,4,New,
2025-03-06,Plant B,M09,Packaging,Afternoon,Nathan,260,1.1,5,No,312,0.8625,0.019230769230769232,4200,8,Mid-life,
2025-03-06,Plant B,M10,Packaging,Afternoon,Ella,259,1.3,5,No,324,0.8375,0.019305019305019305,4200,6,Mid-life,
2025-03-06,Plant C,M11,Cutting,Afternoon,Aria,201,1.2,5,No,245,0.85,0.024875621890547265,3000,2,New,
2025-03-06,Plant C,M12,Cutting,Night,Sami,179,1.2,5,No,219,0.85,0.027932960893854747,3000,9,Old,
2025-03-06,Plant C,M13,Assembly,Night,Jack,156,1.6,5,No,206,0.8,0.03205128205128205,3000,5,Mid-life,
2025-03-06,Plant C,M14,Assembly,Night,Mila,153,1.4,4,No,196,0.825,0.026143790849673203,3000,3,New,
2025-03-07,Plant B,M09,Packaging,Morning,Emma,301,0.9,5,No,337,0.8875,0.016611295681063124,4200,8,Mid-life,
2025-03-07,Plant B,M10,Packaging,Morning,Ava,300,0.8,4,No,343,0.9,0.013333333333333334,4200,6,Mid-life,
2025-03-07,Plant C,M11,Cutting,Morning,Zoe,236,0.6,3,No,262,0.925,0.012711864406779662,3000,2,New,
2025-03-07,Plant C,M12,Cutting,Morning,Nina,209,1.0,4,No,245,0.875,0.019138755980861243,3000,9,Old,
2025-03-07,Plant C,M13,Assembly,Afternoon,Owen,177,1.3,4,No,221,0.8375,0.022598870056497175,3000,5,Mid-life,
2025-03-07,Plant C,M14,Assembly,Afternoon,Aria,174,1.3,4,No,218,0.8375,0.022988505747126436,3000,3,New,
2025-03-07,Plant C,M15,Packaging,Afternoon,Mila,217,1.5,5,No,273,0.8125,0.02304147465437788,3000,10,Old,
2025-03-07,Plant A,M01,Cutting,Night,Noah,243,1.1,7,No,293,0.8625,0.02880658436213992,6000,3,New,
2025-03-07,Plant A,M02,Cutting,Night,Chloe,247,1.0,7,No,295,0.875,0.02834008097165992,6000,4,New,
2025-03-10,Plant C,M13,Assembly,Morning,Leo,203,0.9,3,No,231,0.8875,0.014778325123152709,3000,5,Mid-life,
2025-03-10,Plant C,M14,Assembly,Morning,Zoe,195,0.8,3,No,221,0.9,0.015384615384615385,3000,3,New,
2025-03-10,Plant C,M15,Packaging,Morning,Nina,264,0.7,4,No,294,0.9125,0.015151515151515152,3000,10,Old,
2025-03-10,Plant A,M01,Cutting,Morning,Liam,322,0.5,3,No,348,0.9375,0.009316770186335404,6000,3,New,
2025-03-10,Plant A,M02,Cutting,Afternoon,Ethan,266,1.0,5,No,313,0.875,0.018796992481203006,6000,4,New,
2025-03-10,Plant A,M03,Assembly,Afternoon,Camille,229,1.3,6,No,281,0.8375,0.026200873362445413,6000,11,Old,
2025-03-10,Plant A,M04,Packaging,Afternoon,Mia,290,1.0,6,No,339,0.875,0.020689655172413793,6000,5,Mid-life,
2025-03-10,Plant A,M05,Packaging,Night,Chloe,262,1.3,7,No,336,0.8375,0.026717557251908396,6000,6,Mid-life,
2025-03-10,Plant B,M06,Cutting,Night,Lina,206,1.5,6,No,268,0.8125,0.02912621359223301,4200,7,Mid-life,
2025-03-11,Plant A,M02,Cutting,Morning,Sofia,299,0.9,3,No,346,0.8875,0.010033444816053512,6000,4,New,
2025-03-11,Plant A,M03,Assembly,Morning,Hugo,260,1.3,5,No,320,0.8375,0.019230769230769232,6000,11,Old,
2025-03-11,Plant A,M04,Packaging,Morning,Liam,337,0.7,4,No,374,0.9125,0.011869436201780416,6000,5,Mid-life,
2025-03-11,Plant A,M05,Packaging,Morning,Sofia,369,0.5,4,No,403,0.9375,0.01084010840108401,6000,6,Mid-life,
2025-03-11,Plant B,M06,Cutting,Afternoon,Nathan,253,0.8,4,No,294,0.9,0.015810276679841896,4200,7,Mid-life,
2025-03-11,Plant B,M07,Assembly,Afternoon,Ella,197,1.8,6,No,263,0.775,0.030456852791878174,4200,12,Old,
2025-03-11,Plant B,M08,Assembly,Afternoon,Mason,222,1.2,5,No,270,0.85,0.02252252252252252,4200,4,New,
2025-03-11,Plant B,M09,Packaging,Night,Lina,233,1.3,7,No,292,0.8375,0.030042918454935622,4200,8,Mid-life,
2025-03-11,Plant B,M10,Packaging,Night,James,249,1.2,7,No,304,0.85,0.028112449799196786,4200,6,Mid-life,
2025-03-11,Plant C,M11,Cutting,Night,Mila,178,1.7,5,No,236,0.7875,0.028089887640449437,3000,2,New,
2025-03-12,Plant B,M06,Cutting,Morning,Emma,275,0.9,4,No,316,0.8875,0.014545454545454545,4200,7,Mid-life,
2025-03-12,Plant B,M07,Assembly,Morning,Ava,230,1.5,5,No,290,0.8125,0.021739130434782608,4200,12,Old,
2025-03-12,Plant B,M08,Assembly,Morning,Lucas,276,0.4,5,No,292,0.95,0.018115942028985508,4200,4,New,
2025-03-12,Plant B,M09,Packaging,Morning,Emma,328,0.4,5,No,347,0.95,0.01524390243902439,4200,8,Mid-life,
2025-03-12,Plant B,M10,Packaging,Afternoon,Ella,265,1.2,6,No,330,0.85,0.022641509433962263,4200,6,Mid-life,
2025-03-12,Plant C,M11,Cutting,Afternoon,Aria,201,1.2,4,No,248,0.85,0.01990049751243781,3000,2,New,
2025-03-12,Plant C,M12,Cutting,Afternoon,Mila,203,1.0,4,No,242,0.875,0.019704433497536946,3000,9,Old,
2025-03-12,Plant C,M13,Assembly,Night,Jack,163,1.4,5,No,211,0.825,0.03067484662576687,3000,5,Mid-life,
2025-03-12,Plant C,M14,Assembly,Night,Mila,160,1.3,5,No,201,0.8375,0.03125,3000,3,New,
2025-03-13,Plant B,M10,Packaging,Morning,Ava,322,0.7,4,No,356,0.9125,0.012422360248447204,4200,6,Mid-life,
2025-03-13,Plant C,M11,Cutting,Morning,Zoe,237,0.8,4,No,269,0.9,0.016877637130801686,3000,2,New,
2025-03-13,Plant C,M12,Cutting,Morning,Nina,221,0.9,2,No,251,0.8875,0.00904977375565611,3000,9,Old,
2025-03-13,Plant C,M13,Assembly,Morning,Leo,234,0.3,4,No,249,0.9625,0.017094017094017096,3000,5,Mid-life,
2025-03-13,Plant C,M14,Assembly,Afternoon,Aria,182,1.0,4,No,217,0.875,0.02197802197802198,3000,3,New,
2025-03-13,Plant C,M15,Packaging,Afternoon,Mila,217,1.5,4,No,275,0.8125,0.018433179723502304,3000,10,Old,
2025-03-13,Plant A,M01,Cutting,Afternoon,Mia,292,0.8,6,No,331,0.9,0.02054794520547945,6000,3,New,
2025-03-13,Plant A,M02,Cutting,Night,Chloe,232,1.2,7,No,289,0.85,0.03017241379310345,6000,4,New,
2025-03-13,Plant A,M03,Assembly,Night,Lucas,180,2.4,6,No,269,0.7,0.03333333333333333,6000,11,Old,
2025-03-14,Plant C,M14,Assembly,Morning,Zoe,204,0.7,3,No,230,0.9125,0.014705882352941176,3000,3,New,
2025-03-14,Plant C,M15,Packaging,Morning,Nina,277,0.4,3,No,297,0.95,0.010830324909747292,3000,10,Old,
2025-03-14,Plant A,M01,Cutting,Morning,Liam,327,0.4,5,No,353,0.95,0.01529051987767584,6000,3,New,
2025-03-14,Plant A,M02,Cutting,Morning,Sofia,301,0.7,3,No,342,0.9125,0.009966777408637873,6000,4,New,
2025-03-14,Plant A,M03,Assembly,Afternoon,Camille,235,1.5,6,No,295,0.8125,0.02553191489361702,6000,11,Old,
2025-03-14,Plant A,M04,Packaging,Afternoon,Mia,297,0.9,5,No,344,0.8875,0.016835016835016835,6000,5,Mid-life,
2025-03-14,Plant A,M05,Packaging,Afternoon,Ethan,309,1.0,6,No,367,0.875,0.019417475728155338,6000,6,Mid-life,
2025-03-14,Plant B,M06,Cutting,Night,Lina,211,1.4,6,No,269,0.825,0.02843601895734597,4200,7,Mid-life,
2025-03-14,Plant B,M07,Assembly,Night,James,165,2.3,7,No,242,0.7125,0.04242424242424243,4200,12,Old,
2025-03-14,Plant B,M08,Assembly,Night,Harper,183,1.6,5,No,246,0.8,0.0273224043715847,4200,4,New,
2025-03-17,Plant A,M03,Assembly,Morning,Hugo,261,1.4,5,No,321,0.825,0.019157088122605363,6000,11,Old,
2025-03-17,Plant A,M04,Packaging,Morning,Liam,333,0.6,4,No,369,0.925,0.012012012012012012,6000,5,Mid-life,
2025-03-17,Plant A,M05,Packaging,Morning,Sofia,360,0.5,4,No,394,0.9375,0.011111111111111112,6000,6,Mid-life,
2025-03-17,Plant B,M06,Cutting,Morning,Emma,276,0.8,4,No,311,0.9,0.014492753623188406,4200,7,Mid-life,
2025-03-17,Plant B,M07,Assembly,Afternoon,Ella,187,2.1,6,No,261,0.7375,0.03208556149732621,4200,12,Old,
2025-03-17,Plant B,M08,Assembly,Afternoon,Mason,206,1.6,4,No,267,0.8,0.019417475728155338,4200,4,New,
2025-03-17,Plant B,M09,Packaging,Afternoon,Nathan,253,1.2,6,No,312,0.85,0.023715415019762844,4200,8,Mid-life,
2025-03-17,Plant B,M10,Packaging,Night,James,247,1.2,7,No,300,0.85,0.02834008097165992,4200,6,Mid-life,
2025-03-17,Plant C,M11,Cutting,Night,Mila,164,1.9,5,No,223,0.7625,0.03048780487804878,3000,2,New,
2025-03-18,Plant B,M07,Assembly,Morning,Ava,227,1.7,5,No,293,0.7875,0.022026431718061675,4200,12,Old,
2025-03-18,Plant B,M08,Assembly,Morning,Lucas,261,0.9,3,No,299,0.8875,0.011494252873563218,4200,4,New,
2025-03-18,Plant B,M09,Packaging,Morning,Emma,303,0.7,4,No,343,0.9125,0.013201320132013201,4200,8,Mid-life,
2025-03-18,Plant B,M10,Packaging,Morning,Ava,346,0.2,5,No,359,0.975,0.014450867052023121,4200,6,Mid-life,
2025-03-18,Plant C,M11,Cutting,Afternoon,Aria,218,1.1,4,No,258,0.8625,0.01834862385321101,3000,2,New,
2025-03-18,Plant C,M12,Cutting,Afternoon,Mila,193,1.3,4,No,239,0.8375,0.02072538860103627,3000,9,Old,
2025-03-18,Plant C,M13,Assembly,Afternoon,Owen,185,1.3,4,No,225,0.8375,0.021621621621621623,3000,5,Mid-life,
2025-03-18,Plant C,M14,Assembly,Night,Mila,163,1.4,5,No,211,0.825,0.03067484662576687,3000,3,New,
2025-03-18,Plant C,M15,Packaging,Night,Sami,203,1.6,6,No,266,0.8,0.029556650246305417,3000,10,Old,
2025-03-19,Plant C,M11,Cutting,Morning,Zoe,257,0.6,5,No,278,0.925,0.019455252918287938,3000,2,New,
2025-03-19,Plant C,M12,Cutting,Morning,Nina,227,0.9,3,No,261,0.8875,0.013215859030837005,3000,9,Old,
2025-03-19,Plant C,M13,Assembly,Morning,Leo,221,0.6,4,No,247,0.925,0.01809954751131222,3000,5,Mid-life,
2025-03-19,Plant C,M14,Assembly,Morning,Zoe,210,0.9,3,No,241,0.8875,0.014285714285714285,3000,3,New,
2025-03-19,Plant C,M15,Packaging,Afternoon,Mila,243,1.2,5,No,293,0.85,0.0205761316872428,3000,10,Old,
2025-03-19,Plant A,M01,Cutting,Afternoon,Mia,294,0.7,5,No,340,0.9125,0.017006802721088437,6000,3,New,
2025-03-19,Plant A,M02,Cutting,Afternoon,Ethan,285,0.8,5,No,327,0.9,0.017543859649122806,6000,4,New,
2025-03-19,Plant A,M03,Assembly,Night,Lucas,202,1.8,7,No,272,0.775,0.034653465346534656,6000,11,Old,
2025-03-19,Plant A,M04,Packaging,Night,Noah,259,1.4,7,No,324,0.825,0.02702702702702703,6000,5,Mid-life,
2025-03-20,Plant C,M15,Packaging,Morning,Nina,276,0.7,4,No,309,0.9125,0.014492753623188406,3000,10,Old,
2025-03-20,Plant A,M01,Cutting,Morning,Liam,329,0.7,4,No,365,0.9125,0.0121580547112462,6000,3,New,
2025-03-20,Plant A,M02,Cutting,Morning,Sofia,314,0.8,3,No,350,0.9,0.009554140127388535,6000,4,New,
2025-03-20,Plant A,M03,Assembly,Morning,Hugo,251,1.6,4,No,317,0.8,0.01593625498007968,6000,11,Old,
2025-03-20,Plant A,M04,Packaging,Afternoon,Mia,288,1.2,5,No,350,0.85,0.017361111111111112,6000,5,Mid-life,
2025-03-20,Plant A,M05,Packaging,Afternoon,Ethan,330,0.8,6,No,382,0.9,0.01818181818181818,6000,6,Mid-life,
2025-03-20,Plant B,M06,Cutting,Afternoon,Nathan,248,1.2,5,No,298,0.85,0.020161290322580645,4200,7,Mid-life,
2025-03-20,Plant B,M07,Assembly,Night,James,170,2.3,7,No,250,0.7125,0.041176470588235294,4200,12,Old,
2025-03-20,Plant B,M08,Assembly,Night,Harper,198,1.6,6,No,258,0.8,0.030303030303030304,4200,4,New,
2025-03-20,Plant B,M09,Packaging,Night,Lina,227,1.5,7,No,293,0.8125,0.030837004405286344,4200,8,Mid-life,
2025-03-21,Plant A,M04,Packaging,Morning,Liam,358,0.5,5,No,386,0.9375,0.013966480446927373,6000,5,Mid-life,
2025-03-21,Plant A,M05,Packaging,Morning,Sofia,341,1.1,4,No,403,0.8625,0.011730205278592375,6000,6,Mid-life,
2025-03-21,Plant B,M06,Cutting,Morning,Emma,287,0.6,4,No,314,0.925,0.013937282229965157,4200,7,Mid-life,
2025-03-21,Plant B,M07,Assembly,Morning,Ava,216,1.9,5,No,288,0.7625,0.023148148148148147,4200,12,Old,
2025-03-21,Plant B,M08,Assembly,Afternoon,Mason,231,1.3,5,No,287,0.8375,0.021645021645021644,4200,4,New,
2025-03-21,Plant B,M09,Packaging,Afternoon,Nathan,254,1.3,5,No,314,0.8375,0.01968503937007874,4200,8,Mid-life,
2025-03-21,Plant B,M10,Packaging,Afternoon,Ella,267,1.3,5,No,332,0.8375,0.018726591760299626,4200,6,Mid-life,
2025-03-21,Plant C,M11,Cutting,Night,Mila,180,1.6,5,No,235,0.8,0.027777777777777776,3000,2,New,
2025-03-21,Plant C,M12,Cutting,Night,Sami,175,1.4,5,No,223,0.825,0.02857142857142857,3000,9,Old,
2025-03-24,Plant B,M08,Assembly,Morning,Lucas,264,0.9,4,No,300,0.8875,0.015151515151515152,4200,4,New,
2025-03-24,Plant B,M09,Packaging,Morning,Emma,325,0.4,4,No,351,0.95,0.012307692307692308,4200,8,Mid-life,
2025-03-24,Plant B,M10,Packaging,Morning,Ava,323,0.5,4,No,351,0.9375,0.01238390092879257,4200,6,Mid-life,
2025-03-24,Plant C,M11,Cutting,Morning,Zoe,242,0.8,4,No,271,0.9,0.01652892561983471,3000,2,New,
2025-03-24,Plant C,M12,Cutting,Afternoon,Mila,205,1.1,4,No,239,0.8625,0.01951219512195122,3000,9,Old,
2025-03-24,Plant C,M13,Assembly,Afternoon,Owen,180,1.1,4,No,220,0.8625,0.022222222222222223,3000,5,Mid-life,
2025-03-24,Plant C,M14,Assembly,Afternoon,Aria,184,1.2,4,No,218,0.85,0.021739130434782608,3000,3,New,
2025-03-24,Plant C,M15,Packaging,Night,Sami,209,1.3,6,No,265,0.8375,0.028708133971291867,3000,10,Old,
2025-03-24,Plant A,M01,Cutting,Night,Noah,262,0.9,7,No,310,0.8875,0.026717557251908396,6000,3,New,
2025-03-25,Plant C,M12,Cutting,Morning,Nina,235,0.6,3,No,260,0.925,0.01276595744680851,3000,9,Old,
2025-03-25,Plant C,M13,Assembly,Morning,Leo,219,1.0,3,No,251,0.875,0.0136986301369863,3000,5,Mid-life,
2025-03-25,Plant C,M14,Assembly,Morning,Zoe,210,0.9,3,No,239,0.8875,0.014285714285714285,3000,3,New,
2025-03-25,Plant C,M15,Packaging,Morning,Nina,276,1.0,5,No,315,0.875,0.018115942028985508,3000,10,Old,
2025-03-25,Plant A,M01,Cutting,Afternoon,Mia,288,1.0,5,No,339,0.875,0.017361111111111112,6000,3,New,
2025-03-25,Plant A,M02,Cutting,Afternoon,Ethan,289,0.7,5,No,326,0.9125,0.01730103806228374,6000,4,New,
2025-03-25,Plant A,M03,Assembly,Afternoon,Camille,233,1.6,6,No,305,0.8,0.02575107296137339,6000,11,Old,
2025-03-25,Plant A,M04,Packaging,Night,Noah,264,1.5,7,No,331,0.8125,0.026515151515151516,6000,5,Mid-life,
2025-03-25,Plant A,M05,Packaging,Night,Chloe,287,1.1,8,No,354,0.8625,0.027874564459930314,6000,6,Mid-life,
2025-03-25,Plant B,M06,Cutting,Night,Lina,222,1.2,6,No,274,0.85,0.02702702702702703,4200,7,Mid-life,
2025-03-26,Plant A,M01,Cutting,Morning,Liam,342,0.6,4,No,370,0.925,0.011695906432748537,6000,3,New,
2025-03-26,Plant A,M02,Cutting,Morning,Sofia,314,0.8,3,No,352,0.9,0.009554140127388535,6000,4,New,
2025-03-26,Plant A,M03,Assembly,Morning,Hugo,273,1.2,6,No,326,0.85,0.02197802197802198,6000,11,Old,
2025-03-26,Plant A,M04,Packaging,Morning,Liam,354,0.6,3,No,385,0.925,0.00847457627118644,6000,5,Mid-life,
2025-03-26,Plant A,M05,Packaging,Afternoon,Ethan,342,0.8,6,No,390,0.9,0.017543859649122806,6000,6,Mid-life,
2025-03-26,Plant B,M06,Cutting,Afternoon,Nathan,246,1.2,5,No,308,0.85,0.02032520325203252,4200,7,Mid-life,
2025-03-26,Plant B,M07,Assembly,Afternoon,Ella,202,2.0,7,No,276,0.75,0.034653465346534656,4200,12,Old,
2025-03-26,Plant B,M08,Assembly,Night,Harper,205,1.4,6,No,266,0.825,0.02926829268292683,4200,4,New,
2025-03-26,Plant B,M09,Packaging,Night,Lina,250,1.2,7,No,305,0.85,0.028,4200,8,Mid-life,
2025-03-27,Plant A,M05,Packaging,Morning,Sofia,400,0.0,6,No,413,1.0,0.015,6000,6,Mid-life,
2025-03-27,Plant B,M06,Cutting,Morning,Emma,310,0.3,4,No,322,0.9625,0.012903225806451613,4200,7,Mid-life,
2025-03-27,Plant B,M07,Assembly,Morning,Ava,232,1.7,6,No,298,0.7875,0.02586206896551724,4200,12,Old,
2025-03-27,Plant B,M08,Assembly,Morning,Lucas,260,1.2,3,No,307,0.85,0.011538461538461539,4200,4,New,
2025-03-27,Plant B,M09,Packaging,Afternoon,Nathan,266,1.4,5,No,328,0.825,0.018796992481203006,4200,8,Mid-life,
2025-03-27,Plant B,M10,Packaging,Afternoon,Ella,289,1.3,6,No,345,0.8375,0.020761245674740483,4200,6,Mid-life,
2025-03-27,Plant C,M11,Cutting,Afternoon,Aria,214,1.1,4,No,257,0.8625,0.018691588785046728,3000,2,New,
2025-03-27,Plant C,M12,Cutting,Night,Sami,170,1.4,5,No,215,0.825,0.029411764705882353,3000,9,Old,
2025-03-27,Plant C,M13,Assembly,Night,Jack,175,1.6,5,No,225,0.8,0.02857142857142857,3000,5,Mid-life,
2025-03-28,Plant B,M09,Packaging,Morning,Emma,316,0.8,4,No,351,0.9,0.012658227848101266,4200,8,Mid-life,
2025-03-28,Plant B,M10,Packaging,Morning,Ava,322,0.8,5,No,365,0.9,0.015527950310559006,4200,6,Mid-life,
2025-03-28,Plant C,M11,Cutting,Morning,Zoe,257,0.7,4,No,285,0.9125,0.01556420233463035,3000,2,New,
2025-03-28,Plant C,M12,Cutting,Morning,Nina,229,0.8,4,No,266,0.9,0.017467248908296942,3000,9,Old,
2025-03-28,Plant C,M13,Assembly,Afternoon,Owen,174,1.6,4,No,224,0.8,0.022988505747126436,3000,5,Mid-life,
2025-03-28,Plant C,M14,Assembly,Afternoon,Aria,190,0.9,4,No,220,0.8875,0.021052631578947368,3000,3,New,
2025-03-28,Plant C,M15,Packaging,Afternoon,Mila,246,1.2,6,No,288,0.85,0.024390243902439025,3000,10,Old,
2025-03-28,Plant A,M01,Cutting,Night,Noah,254,1.5,7,No,321,0.8125,0.027559055118110236,6000,3,New,
2025-03-28,Plant A,M02,Cutting,Night,Chloe,239,1.3,6,No,296,0.8375,0.02510460251046025,6000,4,New,
2025-03-28,Plant A,M03,Assembly,Night,Lucas,208,1.9,8,No,281,0.7625,0.038461538461538464,6000,11,Old,
2025-03-31,Plant C,M13,Assembly,Morning,Leo,217,1.0,3,No,252,0.875,0.013824884792626729,3000,5,Mid-life,
2025-03-31,Plant C,M14,Assembly,Morning,Zoe,219,0.4,3,No,234,0.95,0.0136986301369863,3000,3,New,
2025-03-31,Plant C,M15,Packaging,Morning,Nina,273,1.1,4,No,315,0.8625,0.014652014652014652,3000,10,Old,
2025-03-31,Plant A,M01,Cutting,Morning,Liam,338,0.7,5,No,365,0.9125,0.014792899408284023,6000,3,New,
2025-03-31,Plant A,M02,Cutting,Afternoon,Ethan,282,0.9,5,No,331,0.8875,0.01773049645390071,6000,4,New,
2025-03-31,Plant A,M03,Assembly,Afternoon,Camille,227,1.7,7,No,298,0.7875,0.030837004405286344,6000,11,Old,
2025-03-31,Plant A,M04,Packaging,Afternoon,Mia,319,0.6,5,No,353,0.925,0.01567398119122257,6000,5,Mid-life,
2025-03-31,Plant A,M05,Packaging,Night,Chloe,279,1.3,8,No,350,0.8375,0.02867383512544803,6000,6,Mid-life,
2025-03-31,Plant B,M06,Cutting,Night,Lina,217,1.3,6,No,269,0.8375,0.027649769585253458,4200,7,Mid-life,
2025-04-01,Plant A,M02,Cutting,Morning,Sofia,292,0.8,3,No,325,0.9,0.010273972602739725,6000,4,New,
2025-04-01,Plant A,M03,Assembly,Morning,Hugo,234,1.5,5,No,299,0.8125,0.021367521367521368,6000,11,Old,
2025-04-01,Plant A,M04,Packaging,Morning,Liam,296,1.0,5,No,356,0.875,0.016891891891891893,6000,5,Mid-life,
2025-04-01,Plant A,M05,Packaging,Morning,Sofia,298,1.4,5,No,381,0.825,0.016778523489932886,6000,6,Mid-life,
2025-04-01,Plant B,M06,Cutting,Afternoon,Nathan,237,1.0,4,No,282,0.875,0.016877637130801686,4200,7,Mid-life,
2025-04-01,Plant B,M07,Assembly,Afternoon,Ella,180,2.0,5,No,255,0.75,0.027777777777777776,4200,12,Old,
2025-04-01,Plant B,M08,Assembly,Afternoon,Mason,201,1.5,4,No,260,0.8125,0.01990049751243781,4200,4,New,
2025-04-01,Plant B,M09,Packaging,Night,Lina,212,1.7,6,No,285,0.7875,0.02830188679245283,4200,8,Mid-life,
2025-04-01,Plant B,M10,Packaging,Night,James,241,1.0,7,No,295,0.875,0.029045643153526972,4200,6,Mid-life,
2025-04-02,Plant B,M06,Cutting,Morning,Emma,285,0.6,4,No,312,0.925,0.014035087719298246,4200,7,Mid-life,
2025-04-02,Plant B,M07,Assembly,Morning,Ava,228,1.5,6,No,285,0.8125,0.02631578947368421,4200,12,Old,
2025-04-02,Plant B,M08,Assembly,Morning,Lucas,239,1.0,3,No,281,0.875,0.012552301255230125,4200,4,New,
2025-04-02,Plant B,M09,Packaging,Morning,Emma,296,0.6,4,No,329,0.925,0.013513513513513514,4200,8,Mid-life,
2025-04-02,Plant B,M10,Packaging,Afternoon,Ella,272,1.1,6,No,325,0.8625,0.022058823529411766,4200,6,Mid-life,
2025-04-02,Plant C,M11,Cutting,Afternoon,Aria,197,1.3,5,No,240,0.8375,0.025380710659898477,3000,2,New,
2025-04-02,Plant C,M12,Cutting,Afternoon,Mila,193,1.1,4,No,229,0.8625,0.02072538860103627,3000,9,Old,
2025-04-02,Plant C,M13,Assembly,Night,Jack,159,1.5,5,No,203,0.8125,0.031446540880503145,3000,5,Mid-life,
2025-04-02,Plant C,M14,Assembly,Night,Mila,151,1.6,4,No,195,0.8,0.026490066225165563,3000,3,New,
2025-04-03,Plant B,M10,Packaging,Morning,Ava,309,0.4,4,No,335,0.95,0.012944983818770227,4200,6,Mid-life,
2025-04-03,Plant C,M11,Cutting,Morning,Zoe,235,0.6,3,No,260,0.925,0.01276595744680851,3000,2,New,
2025-04-03,Plant C,M12,Cutting,Morning,Nina,209,1.1,3,No,244,0.8625,0.014354066985645933,3000,9,Old,
2025-04-03,Plant C,M13,Assembly,Morning,Leo,208,0.8,3,No,234,0.9,0.014423076923076924,3000,5,Mid-life,
2025-04-03,Plant C,M14,Assembly,Afternoon,Aria,164,1.3,4,No,207,0.8375,0.024390243902439025,3000,3,New,
2025-04-03,Plant C,M15,Packaging,Afternoon,Mila,234,1.2,5,No,277,0.85,0.021367521367521368,3000,10,Old,
2025-04-03,Plant A,M01,Cutting,Afternoon,Mia,275,1.0,5,No,324,0.875,0.01818181818181818,6000,3,New,
2025-04-03,Plant A,M02,Cutting,Night,Chloe,227,1.5,6,No,287,0.8125,0.02643171806167401,6000,4,New,
2025-04-03,Plant A,M03,Assembly,Night,Lucas,198,1.9,7,No,269,0.7625,0.03535353535353535,6000,11,Old,
2025-04-03,Plant A,M04,Packaging,Night,Noah,204,2.4,6,No,315,0.7,0.029411764705882353,6000,5,Mid-life,
2025-04-04,Plant C,M14,Assembly,Morning,Zoe,191,1.1,3,No,223,0.8625,0.015706806282722512,3000,3,New,
2025-04-04,Plant C,M15,Packaging,Morning,Nina,263,0.9,4,No,296,0.8875,0.015209125475285171,3000,10,Old,
2025-04-04,Plant A,M01,Cutting,Morning,Liam,318,0.7,4,No,350,0.9125,0.012578616352201259,6000,3,New,
2025-04-04,Plant A,M02,Cutting,Morning,Sofia,283,1.0,4,No,328,0.875,0.014134275618374558,6000,4,New,
2025-04-04,Plant A,M03,Assembly,Afternoon,Camille,221,1.6,6,No,285,0.8,0.027149321266968326,6000,11,Old,
2025-04-04,Plant A,M04,Packaging,Afternoon,Mia,264,1.3,7,No,336,0.8375,0.026515151515151516,6000,5,Mid-life,
2025-04-04,Plant A,M05,Packaging,Afternoon,Ethan,286,1.3,7,No,355,0.8375,0.024475524475524476,6000,6,Mid-life,
2025-04-04,Plant B,M06,Cutting,Night,Lina,210,1.3,6,No,259,0.8375,0.02857142857142857,4200,7,Mid-life,
2025-04-04,Plant B,M07,Assembly,Night,James,160,2.4,6,No,239,0.7,0.0375,4200,12,Old,
2025-04-07,Plant A,M03,Assembly,Morning,Hugo,240,1.5,4,No,303,0.8125,0.016666666666666666,6000,11,Old,
2025-04-07,Plant A,M04,Packaging,Morning,Liam,284,1.4,5,No,358,0.825,0.017605633802816902,6000,5,Mid-life,
2025-04-07,Plant A,M05,Packaging,Morning,Sofia,298,1.4,5,No,378,0.825,0.016778523489932886,6000,6,Mid-life,
2025-04-07,Plant B,M06,Cutting,Morning,Emma,248,1.1,4,No,298,0.8625,0.016129032258064516,4200,7,Mid-life,
2025-04-07,Plant B,M07,Assembly,Afternoon,Ella,101,4.1,5,No,245,0.4875,0.04950495049504951,4200,12,Old,
2025-04-07,Plant B,M08,Assembly,Afternoon,Mason,228,0.8,5,No,259,0.9,0.021929824561403508,4200,4,New,
2025-04-07,Plant B,M09,Packaging,Afternoon,Nathan,252,1.2,6,No,306,0.85,0.023809523809523808,4200,8,Mid-life,
2025-04-07,Plant B,M10,Packaging,Night,James,220,1.7,7,No,296,0.7875,0.031818181818181815,4200,6,Mid-life,
2025-04-07,Plant C,M11,Cutting,Night,Mila,184,1.1,6,No,222,0.8625,0.03260869565217391,3000,2,New,
2025-04-08,Plant B,M07,Assembly,Morning,Ava,123,4.0,5,No,279,0.5,0.04065040650406504,4200,12,Old,
2025-04-08,Plant B,M08,Assembly,Morning,Lucas,262,0.6,4,No,283,0.925,0.015267175572519083,4200,4,New,
2025-04-08,Plant B,M09,Packaging,Morning,Emma,285,0.9,4,No,326,0.8875,0.014035087719298246,4200,8,Mid-life,
2025-04-08,Plant B,M10,Packaging,Morning,Ava,303,0.9,5,No,346,0.8875,0.0165016501650165,4200,6,Mid-life,
2025-04-08,Plant C,M11,Cutting,Afternoon,Aria,197,1.3,5,No,245,0.8375,0.025380710659898477,3000,2,New,
2025-04-08,Plant C,M12,Cutting,Afternoon,Mila,185,1.3,4,No,232,0.8375,0.021621621621621623,3000,9,Old,
2025-04-08,Plant C,M13,Assembly,Afternoon,Owen,179,1.3,4,No,226,0.8375,0.0223463687150838,3000,5,Mid-life,
2025-04-08,Plant C,M14,Assembly,Night,Mila,143,1.8,4,No,194,0.775,0.027972027972027972,3000,3,New,
2025-04-08,Plant C,M15,Packaging,Night,Sami,202,1.4,6,No,259,0.825,0.0297029702970297,3000,10,Old,
2025-04-08,Plant A,M01,Cutting,Night,Noah,244,1.1,7,No,303,0.8625,0.028688524590163935,6000,3,New,
2025-04-09,Plant C,M11,Cutting,Morning,Zoe,230,0.7,3,No,262,0.9125,0.013043478260869565,3000,2,New,
2025-04-09,Plant C,M12,Cutting,Morning,Nina,213,1.0,4,No,250,0.875,0.018779342723004695,3000,9,Old,
2025-04-09,Plant C,M13,Assembly,Morning,Leo,217,0.7,3,No,237,0.9125,0.013824884792626729,3000,5,Mid-life,
2025-04-09,Plant C,M14,Assembly,Morning,Zoe,205,0.8,4,No,228,0.9,0.01951219512195122,3000,3,New,
2025-04-09,Plant C,M15,Packaging,Afternoon,Mila,227,1.2,5,No,275,0.85,0.022026431718061675,3000,10,Old,
2025-04-09,Plant A,M01,Cutting,Afternoon,Mia,282,1.0,6,No,328,0.875,0.02127659574468085,6000,3,New,
2025-04-09,Plant A,M02,Cutting,Afternoon,Ethan,268,1.0,5,No,313,0.875,0.018656716417910446,6000,4,New,
2025-04-09,Plant A,M03,Assembly,Night,Lucas,192,2.0,6,No,272,0.75,0.03125,6000,11,Old,
2025-04-09,Plant A,M04,Packaging,Night,Noah,232,1.9,7,No,322,0.7625,0.03017241379310345,6000,5,Mid-life,
2025-04-10,Plant C,M15,Packaging,Morning,Nina,242,1.3,3,No,297,0.8375,0.012396694214876033,3000,10,Old,
2025-04-10,Plant A,M01,Cutting,Morning,Liam,328,0.5,4,No,355,0.9375,0.012195121951219513,6000,3,New,
2025-04-10,Plant A,M02,Cutting,Morning,Sofia,314,0.4,4,No,336,0.95,0.012738853503184714,6000,4,New,
2025-04-10,Plant A,M03,Assembly,Morning,Hugo,256,1.2,4,No,307,0.85,0.015625,6000,11,Old,
2025-04-10,Plant A,M04,Packaging,Afternoon,Mia,248,1.7,6,No,337,0.7875,0.024193548387096774,6000,5,Mid-life,
2025-04-10,Plant A,M05,Packaging,Afternoon,Ethan,278,1.5,7,No,361,0.8125,0.025179856115107913,6000,6,Mid-life,
2025-04-10,Plant B,M06,Cutting,Afternoon,Nathan,233,1.2,5,No,283,0.85,0.02145922746781116,4200,7,Mid-life,
2025-04-10,Plant B,M07,Assembly,Night,James,79,5.1,3,Yes,244,0.3625,0.0379746835443038,4200,12,Old,
2025-04-10,Plant B,M08,Assembly,Night,Harper,196,1.3,6,No,250,0.8375,0.030612244897959183,4200,4,New,
2025-04-11,Plant A,M04,Packaging,Morning,Liam,328,0.6,3,No,354,0.925,0.009146341463414634,6000,5,Mid-life,
2025-04-11,Plant A,M05,Packaging,Morning,Sofia,355,0.4,4,No,380,0.95,0.011267605633802818,6000,6,Mid-life,
2025-04-11,Plant B,M06,Cutting,Morning,Emma,272,0.9,4,No,309,0.8875,0.014705882352941176,4200,7,Mid-life,
2025-04-11,Plant B,M07,Assembly,Morning,Ava,139,3.6,5,Yes,276,0.55,0.03597122302158273,4200,12,Old,
2025-04-11,Plant B,M08,Assembly,Afternoon,Mason,223,1.1,4,No,265,0.8625,0.017937219730941704,4200,4,New,
2025-04-11,Plant B,M09,Packaging,Afternoon,Nathan,255,1.1,5,No,305,0.8625,0.0196078431372549,4200,8,Mid-life,
2025-04-11,Plant B,M10,Packaging,Afternoon,Ella,272,0.9,5,No,317,0.8875,0.01838235294117647,4200,6,Mid-life,
2025-04-11,Plant C,M11,Cutting,Night,Mila,176,1.5,5,No,224,0.8125,0.028409090909090908,3000,2,New,
2025-04-11,Plant C,M12,Cutting,Night,Sami,153,1.8,5,No,212,0.775,0.032679738562091505,3000,9,Old,
2025-04-11,Plant C,M13,Assembly,Night,Jack,153,1.5,5,No,200,0.8125,0.032679738562091505,3000,5,Mid-life,
2025-04-14,Plant B,M08,Assembly,Morning,Lucas,262,0.5,3,No,288,0.9375,0.011450381679389313,4200,4,New,
2025-04-14,Plant B,M09,Packaging,Morning,Emma,297,0.7,4,No,331,0.9125,0.013468013468013467,4200,8,Mid-life,
2025-04-14,Plant B,M10,Packaging,Morning,Ava,309,0.7,5,No,334,0.9125,0.016181229773462782,4200,6,Mid-life,
2025-04-14,Plant C,M11,Cutting,Morning,Zoe,203,1.3,3,No,254,0.8375,0.014778325123152709,3000,2,New,
2025-04-14,Plant C,M12,Cutting,Afternoon,Mila,172,1.8,4,No,230,0.775,0.023255813953488372,3000,9,Old,
2025-04-14,Plant C,M13,Assembly,Afternoon,Owen,160,1.8,4,No,216,0.775,0.025,3000,5,Mid-life,
2025-04-14,Plant C,M14,Assembly,Afternoon,Aria,153,1.7,4,No,202,0.7875,0.026143790849673203,3000,3,New,
2025-04-14,Plant C,M15,Packaging,Night,Sami,178,2.0,6,No,252,0.75,0.033707865168539325,3000,10,Old,
2025-04-14,Plant A,M01,Cutting,Night,Noah,242,1.0,7,No,292,0.875,0.028925619834710745,6000,3,New,
2025-04-15,Plant C,M12,Cutting,Morning,Nina,200,1.1,4,No,246,0.8625,0.02,3000,9,Old,
2025-04-15,Plant C,M13,Assembly,Morning,Leo,194,1.4,4,No,241,0.825,0.020618556701030927,3000,5,Mid-life,
2025-04-15,Plant C,M14,Assembly,Morning,Zoe,185,1.2,4,No,227,0.85,0.021621621621621623,3000,3,New,
2025-04-15,Plant C,M15,Packaging,Morning,Nina,250,1.1,4,No,299,0.8625,0.016,3000,10,Old,
2025-04-15,Plant A,M01,Cutting,Afternoon,Mia,287,0.9,6,No,331,0.8875,0.020905923344947737,6000,3,New,
2025-04-15,Plant A,M02,Cutting,Afternoon,Ethan,266,1.0,5,No,313,0.875,0.018796992481203006,6000,4,New,
2025-04-15,Plant A,M03,Assembly,Afternoon,Camille,181,2.9,5,Yes,287,0.6375,0.027624309392265192,6000,11,Old,
2025-04-15,Plant A,M04,Packaging,Night,Noah,240,1.6,7,No,311,0.8,0.029166666666666667,6000,5,Mid-life,
2025-04-15,Plant A,M05,Packaging,Night,Chloe,256,1.5,7,No,333,0.8125,0.02734375,6000,6,Mid-life,
2025-04-16,Plant A,M01,Cutting,Morning,Liam,313,0.8,3,No,357,0.9,0.009584664536741214,6000,3,New,
2025-04-16,Plant A,M02,Cutting,Morning,Sofia,285,1.0,4,No,339,0.875,0.014035087719298246,6000,4,New,
2025-04-16,Plant A,M03,Assembly,Morning,Hugo,273,0.9,4,No,308,0.8875,0.014652014652014652,6000,11,Old,
2025-04-16,Plant A,M04,Packaging,Morning,Liam,327,0.7,3,No,366,0.9125,0.009174311926605505,6000,5,Mid-life,
2025-04-16,Plant A,M05,Packaging,Afternoon,Ethan,307,1.2,5,No,368,0.85,0.016286644951140065,6000,6,Mid-life,
2025-04-16,Plant B,M06,Cutting,Afternoon,Nathan,232,1.3,5,No,289,0.8375,0.021551724137931036,4200,7,Mid-life,
2025-04-16,Plant B,M07,Assembly,Afternoon,Ella,81,5.1,4,Yes,259,0.3625,0.04938271604938271,4200,12,Old,
2025-04-16,Plant B,M08,Assembly,Night,Harper,187,1.7,5,No,245,0.7875,0.026737967914438502,4200,4,New,
2025-04-16,Plant B,M09,Packaging,Night,Lina,229,1.4,7,No,289,0.825,0.03056768558951965,4200,8,Mid-life,
2025-04-17,Plant A,M05,Packaging,Morning,Sofia,353,0.7,5,No,393,0.9125,0.014164305949008499,6000,6,Mid-life,
2025-04-17,Plant B,M06,Cutting,Morning,Emma,267,0.9,3,No,308,0.8875,0.011235955056179775,4200,7,Mid-life,
2025-04-17,Plant B,M07,Assembly,Morning,Ava,147,3.3,5,No,274,0.5875,0.034013605442176874,4200,12,Old,
2025-04-17,Plant B,M08,Assembly,Morning,Lucas,249,1.1,3,No,292,0.8625,0.012048192771084338,4200,4,New,
2025-04-17,Plant B,M09,Packaging,Afternoon,Nathan,262,1.1,5,No,313,0.8625,0.019083969465648856,4200,8,Mid-life,
2025-04-17,Plant B,M10,Packaging,Afternoon,Ella,275,0.9,5,No,317,0.8875,0.01818181818181818,4200,6,Mid-life,
2025-04-17,Plant C,M11,Cutting,Afternoon,Aria,197,1.4,5,No,256,0.825,0.025380710659898477,3000,2,New,
2025-04-17,Plant C,M12,Cutting,Night,Sami,157,1.9,5,No,219,0.7625,0.03184713375796178,3000,9,Old,
2025-04-17,Plant C,M13,Assembly,Night,Jack,145,1.7,5,No,202,0.7875,0.034482758620689655,3000,5,Mid-life,
2025-04-17,Plant C,M14,Assembly,Night,Mila,137,1.7,4,No,187,0.7875,0.029197080291970802,3000,3,New,
2025-04-18,Plant B,M09,Packaging,Morning,Emma,294,0.8,4,No,328,0.9,0.013605442176870748,4200,8,Mid-life,
2025-04-18,Plant B,M10,Packaging,Morning,Ava,311,0.7,5,No,345,0.9125,0.01607717041800643,4200,6,Mid-life,
2025-04-18,Plant C,M11,Cutting,Morning,Zoe,216,1.1,4,No,260,0.8625,0.018518518518518517,3000,2,New,
2025-04-18,Plant C,M12,Cutting,Morning,Nina,200,1.2,3,No,246,0.85,0.015,3000,9,Old,
2025-04-18,Plant C,M13,Assembly,Afternoon,Owen,155,1.9,4,No,214,0.7625,0.025806451612903226,3000,5,Mid-life,
2025-04-18,Plant C,M14,Assembly,Afternoon,Aria,161,1.5,4,No,213,0.8125,0.024844720496894408,3000,3,New,
2025-04-18,Plant C,M15,Packaging,Afternoon,Mila,209,1.5,6,No,270,0.8125,0.028708133971291867,3000,10,Old,
2025-04-18,Plant A,M01,Cutting,Night,Noah,246,1.1,6,No,297,0.8625,0.024390243902439025,6000,3,New,
2025-04-18,Plant A,M02,Cutting,Night,Chloe,227,1.3,6,No,292,0.8375,0.02643171806167401,6000,4,New,
2025-04-21,Plant C,M13,Assembly,Morning,Leo,189,1.6,3,No,240,0.8,0.015873015873015872,3000,5,Mid-life,
2025-04-21,Plant C,M14,Assembly,Morning,Zoe,189,1.1,3,No,227,0.8625,0.015873015873015872,3000,3,New,
2025-04-21,Plant C,M15,Packaging,Morning,Nina,242,1.1,5,No,287,0.8625,0.02066115702479339,3000,10,Old,
2025-04-21,Plant A,M01,Cutting,Morning,Liam,324,0.3,4,No,343,0.9625,0.012345679012345678,6000,3,New,
2025-04-21,Plant A,M02,Cutting,Afternoon,Ethan,253,1.3,4,No,308,0.8375,0.015810276679841896,6000,4,New,
2025-04-21,Plant A,M03,Assembly,Afternoon,Camille,221,1.4,6,No,271,0.825,0.027149321266968326,6000,11,Old,
2025-04-21,Plant A,M04,Packaging,Afternoon,Mia,267,1.4,5,No,328,0.825,0.018726591760299626,6000,5,Mid-life,
2025-04-21,Plant A,M05,Packaging,Night,Chloe,261,1.3,8,No,325,0.8375,0.03065134099616858,6000,6,Mid-life,
2025-04-21,Plant B,M06,Cutting,Night,Lina,201,1.6,6,No,259,0.8,0.029850746268656716,4200,7,Mid-life,
2025-04-22,Plant A,M02,Cutting,Morning,Sofia,297,0.6,3,No,336,0.925,0.010101010101010102,6000,4,New,
2025-04-22,Plant A,M03,Assembly,Morning,Hugo,248,1.4,5,No,305,0.825,0.020161290322580645,6000,11,Old,
2025-04-22,Plant A,M04,Packaging,Morning,Liam,346,0.4,4,No,370,0.95,0.011560693641618497,6000,5,Mid-life,
2025-04-22,Plant A,M05,Packaging,Morning,Sofia,338,0.7,5,No,384,0.9125,0.014792899408284023,6000,6,Mid-life,
2025-04-22,Plant B,M06,Cutting,Afternoon,Nathan,221,1.5,5,No,280,0.8125,0.02262443438914027,4200,7,Mid-life,
2025-04-22,Plant B,M07,Assembly,Afternoon,Ella,185,2.0,6,No,256,0.75,0.032432432432432434,4200,12,Old,
2025-04-22,Plant B,M08,Assembly,Afternoon,Mason,225,1.0,4,No,266,0.875,0.017777777777777778,4200,4,New,
2025-04-22,Plant B,M09,Packaging,Night,Lina,235,1.4,7,No,292,0.825,0.029787234042553193,4200,8,Mid-life,
2025-04-22,Plant B,M10,Packaging,Night,James,239,1.2,7,No,296,0.85,0.029288702928870293,4200,6,Mid-life,
2025-04-22,Plant C,M11,Cutting,Night,Mila,168,1.9,6,No,231,0.7625,0.03571428571428571,3000,2,New,
2025-04-23,Plant B,M06,Cutting,Morning,Emma,290,0.7,4,No,313,0.9125,0.013793103448275862,4200,7,Mid-life,
2025-04-23,Plant B,M07,Assembly,Morning,Ava,230,1.4,6,No,275,0.825,0.02608695652173913,4200,12,Old,
2025-04-23,Plant B,M08,Assembly,Morning,Lucas,249,1.0,4,No,286,0.875,0.01606425702811245,4200,4,New,
2025-04-23,Plant B,M09,Packaging,Morning,Emma,290,0.7,3,No,325,0.9125,0.010344827586206896,4200,8,Mid-life,
2025-04-23,Plant B,M10,Packaging,Afternoon,Ella,275,1.1,7,No,326,0.8625,0.025454545454545455,4200,6,Mid-life,
2025-04-23,Plant C,M11,Cutting,Afternoon,Aria,188,1.5,5,No,243,0.8125,0.026595744680851064,3000,2,New,
2025-04-23,Plant C,M12,Cutting,Afternoon,Mila,179,1.5,5,No,229,0.8125,0.027932960893854747,3000,9,Old,
2025-04-23,Plant C,M13,Assembly,Night,Jack,148,1.7,5,No,197,0.7875,0.033783783783783786,3000,5,Mid-life,
2025-04-23,Plant C,M14,Assembly,Night,Mila,138,1.9,5,No,194,0.7625,0.036231884057971016,3000,3,New,
2025-04-24,Plant B,M10,Packaging,Morning,Ava,307,0.6,4,No,336,0.925,0.013029315960912053,4200,6,Mid-life,
2025-04-24,Plant C,M11,Cutting,Morning,Zoe,222,1.0,4,No,262,0.875,0.018018018018018018,3000,2,New,
2025-04-24,Plant C,M12,Cutting,Morning,Nina,202,1.2,3,No,247,0.85,0.01485148514851485,3000,9,Old,
2025-04-24,Plant C,M13,Assembly,Morning,Leo,185,1.5,3,No,236,0.8125,0.016216216216216217,3000,5,Mid-life,
2025-04-24,Plant C,M14,Assembly,Afternoon,Aria,155,1.7,4,No,208,0.7875,0.025806451612903226,3000,3,New,
2025-04-24,Plant C,M15,Packaging,Afternoon,Mila,206,1.8,6,No,275,0.775,0.02912621359223301,3000,10,Old,
2025-04-24,Plant A,M01,Cutting,Afternoon,Mia,278,0.8,5,No,319,0.9,0.017985611510791366,6000,3,New,
2025-04-24,Plant A,M02,Cutting,Night,Chloe,227,1.2,6,No,281,0.85,0.02643171806167401,6000,4,New,
2025-04-24,Plant A,M03,Assembly,Night,Lucas,180,2.3,7,No,264,0.7125,0.03888888888888889,6000,11,Old,
2025-04-25,Plant C,M14,Assembly,Morning,Zoe,199,0.8,3,No,224,0.9,0.01507537688442211,3000,3,New,
2025-04-25,Plant C,M15,Packaging,Morning,Nina,242,1.2,4,No,292,0.85,0.01652892561983471,3000,10,Old,
2025-04-25,Plant A,M01,Cutting,Morning,Liam,328,0.3,5,No,343,0.9625,0.01524390243902439,6000,3,New,
2025-04-25,Plant A,M02,Cutting,Morning,Sofia,290,0.6,3,No,325,0.925,0.010344827586206896,6000,4,New,
2025-04-25,Plant A,M03,Assembly,Afternoon,Camille,220,1.6,6,No,287,0.8,0.02727272727272727,6000,11,Old,
2025-04-25,Plant A,M04,Packaging,Afternoon,Mia,282,1.0,5,No,329,0.875,0.01773049645390071,6000,5,Mid-life,
2025-04-25,Plant A,M05,Packaging,Afternoon,Ethan,296,1.1,6,No,350,0.8625,0.02027027027027027,6000,6,Mid-life,
2025-04-25,Plant B,M06,Cutting,Night,Lina,193,1.6,6,No,255,0.8,0.031088082901554404,4200,7,Mid-life,
2025-04-25,Plant B,M07,Assembly,Night,James,146,2.6,6,No,228,0.675,0.0410958904109589,4200,12,Old,
2025-04-25,Plant B,M08,Assembly,Night,Harper,194,1.3,6,No,244,0.8375,0.030927835051546393,4200,4,New,
2025-04-28,Plant A,M03,Assembly,Morning,Hugo,252,1.3,5,No,305,0.8375,0.01984126984126984,6000,11,Old,
2025-04-28,Plant A,M04,Packaging,Morning,Liam,327,0.4,4,No,353,0.95,0.012232415902140673,6000,5,Mid-life,
2025-04-28,Plant A,M05,Packaging,Morning,Sofia,331,1.0,4,No,380,0.875,0.012084592145015106,6000,6,Mid-life,
2025-04-28,Plant B,M06,Cutting,Morning,Emma,272,0.6,3,No,299,0.925,0.011029411764705883,4200,7,Mid-life,
2025-04-28,Plant B,M07,Assembly,Afternoon,Ella,175,2.1,6,No,244,0.7375,0.03428571428571429,4200,12,Old,
2025-04-28,Plant B,M08,Assembly,Afternoon,Mason,216,1.2,4,No,260,0.85,0.018518518518518517,4200,4,New,
2025-04-28,Plant B,M09,Packaging,Afternoon,Nathan,255,1.0,5,No,299,0.875,0.0196078431372549,4200,8,Mid-life,
2025-04-28,Plant B,M10,Packaging,Night,James,219,1.5,6,No,284,0.8125,0.0273972602739726,4200,6,Mid-life,
2025-04-28,Plant C,M11,Cutting,Night,Mila,161,1.8,5,No,214,0.775,0.031055900621118012,3000,2,New,
2025-04-29,Plant B,M07,Assembly,Morning,Ava,228,1.6,5,No,280,0.8,0.021929824561403508,4200,12,Old,
2025-04-29,Plant B,M08,Assembly,Morning,Lucas,256,0.7,4,No,283,0.9125,0.015625,4200,4,New,
2025-04-29,Plant B,M09,Packaging,Morning,Emma,277,1.1,4,No,325,0.8625,0.01444043321299639,4200,8,Mid-life,
2025-04-29,Plant B,M10,Packaging,Morning,Ava,297,0.8,4,No,336,0.9,0.013468013468013467,4200,6,Mid-life,
2025-04-29,Plant C,M11,Cutting,Afternoon,Aria,180,1.7,4,No,237,0.7875,0.022222222222222223,3000,2,New,
2025-04-29,Plant C,M12,Cutting,Afternoon,Mila,186,1.2,4,No,224,0.85,0.021505376344086023,3000,9,Old,
2025-04-29,Plant C,M13,Assembly,Afternoon,Owen,185,1.1,4,No,220,0.8625,0.021621621621621623,3000,5,Mid-life,
2025-04-29,Plant C,M14,Assembly,Night,Mila,148,1.4,5,No,191,0.825,0.033783783783783786,3000,3,New,
2025-04-29,Plant C,M15,Packaging,Night,Sami,190,1.7,6,No,253,0.7875,0.031578947368421054,3000,10,Old,
2025-04-30,Plant C,M11,Cutting,Morning,Zoe,219,1.0,3,No,253,0.875,0.0136986301369863,3000,2,New,
2025-04-30,Plant C,M12,Cutting,Morning,Nina,221,0.6,3,No,247,0.925,0.013574660633484163,3000,9,Old,
2025-04-30,Plant C,M13,Assembly,Morning,Leo,202,1.0,3,No,238,0.875,0.01485148514851485,3000,5,Mid-life,
2025-04-30,Plant C,M14,Assembly,Morning,Zoe,194,0.8,2,No,223,0.9,0.010309278350515464,3000,3,New,
2025-04-30,Plant C,M15,Packaging,Afternoon,Mila,219,1.2,5,No,270,0.85,0.0228310502283105,3000,10,Old,
2025-04-30,Plant A,M01,Cutting,Afternoon,Mia,285,0.8,6,No,327,0.9,0.021052631578947368,6000,3,New,
2025-04-30,Plant A,M02,Cutting,Afternoon,Ethan,268,0.9,5,No,307,0.8875,0.018656716417910446,6000,4,New,
2025-04-30,Plant A,M03,Assembly,Night,Lucas,189,2.1,7,No,269,0.7375,0.037037037037037035,6000,11,Old,
2025-04-30,Plant A,M04,Packaging,Night,Noah,237,1.6,6,No,312,0.8,0.02531645569620253,6000,5,Mid-life,
2025-05-01,Plant C,M15,Packaging,Morning,Nina,262,1.0,4,No,308,0.875,0.015267175572519083,3000,10,Old,
2025-05-01,Plant A,M01,Cutting,Morning,Liam,348,0.4,5,No,366,0.95,0.014367816091954023,6000,3,New,
2025-05-01,Plant A,M02,Cutting,Morning,Sofia,309,0.9,3,No,353,0.8875,0.009708737864077669,6000,4,New,
2025-05-01,Plant A,M03,Assembly,Morning,Hugo,255,1.4,5,No,316,0.825,0.0196078431372549,6000,11,Old,
2025-05-01,Plant A,M04,Packaging,Afternoon,Mia,285,1.2,5,No,352,0.85,0.017543859649122806,6000,5,Mid-life,
2025-05-01,Plant A,M05,Packaging,Afternoon,Ethan,337,0.8,6,No,382,0.9,0.017804154302670624,6000,6,Mid-life,
2025-05-01,Plant B,M06,Cutting,Afternoon,Nathan,244,1.3,5,No,298,0.8375,0.020491803278688523,4200,7,Mid-life,
2025-05-01,Plant B,M07,Assembly,Night,James,155,2.6,6,No,243,0.675,0.03870967741935484,4200,12,Old,
2025-05-01,Plant B,M08,Assembly,Night,Harper,198,1.6,6,No,258,0.8,0.030303030303030304,4200,4,New,
2025-05-01,Plant B,M09,Packaging,Night,Lina,222,1.6,7,No,290,0.8,0.03153153153153153,4200,8,Mid-life,
2025-05-02,Plant A,M04,Packaging,Morning,Liam,354,0.4,4,No,374,0.95,0.011299435028248588,6000,5,Mid-life,
2025-05-02,Plant A,M05,Packaging,Morning,Sofia,378,0.5,4,No,401,0.9375,0.010582010582010581,6000,6,Mid-life,
2025-05-02,Plant B,M06,Cutting,Morning,Emma,278,0.7,4,No,313,0.9125,0.014388489208633094,4200,7,Mid-life,
2025-05-02,Plant B,M07,Assembly,Morning,Ava,234,1.5,5,No,291,0.8125,0.021367521367521368,4200,12,Old,
2025-05-02,Plant B,M08,Assembly,Afternoon,Mason,227,1.1,5,No,274,0.8625,0.022026431718061675,4200,4,New,
2025-05-02,Plant B,M09,Packaging,Afternoon,Nathan,261,1.1,5,No,314,0.8625,0.019157088122605363,4200,8,Mid-life,
2025-05-02,Plant B,M10,Packaging,Afternoon,Ella,257,1.3,5,No,325,0.8375,0.019455252918287938,4200,6,Mid-life,
2025-05-02,Plant C,M11,Cutting,Night,Mila,172,1.8,5,No,230,0.775,0.029069767441860465,3000,2,New,
2025-05-02,Plant C,M12,Cutting,Night,Sami,179,1.4,5,No,224,0.825,0.027932960893854747,3000,9,Old,
2025-05-05,Plant B,M08,Assembly,Morning,Lucas,262,0.7,4,No,295,0.9125,0.015267175572519083,4200,4,New,
2025-05-05,Plant B,M09,Packaging,Morning,Emma,304,0.7,4,No,336,0.9125,0.013157894736842105,4200,8,Mid-life,
2025-05-05,Plant B,M10,Packaging,Morning,Ava,313,0.8,4,No,353,0.9,0.012779552715654952,4200,6,Mid-life,
2025-05-05,Plant C,M11,Cutting,Morning,Zoe,239,0.9,4,No,267,0.8875,0.016736401673640166,3000,2,New,
2025-05-05,Plant C,M12,Cutting,Afternoon,Mila,180,1.8,4,No,238,0.775,0.022222222222222223,3000,9,Old,
2025-05-05,Plant C,M13,Assembly,Afternoon,Owen,190,1.1,4,No,228,0.8625,0.021052631578947368,3000,5,Mid-life,
2025-05-05,Plant C,M14,Assembly,Afternoon,Aria,180,1.2,4,No,218,0.85,0.022222222222222223,3000,3,New,
2025-05-05,Plant C,M15,Packaging,Night,Sami,202,1.5,6,No,262,0.8125,0.0297029702970297,3000,10,Old,
2025-05-05,Plant A,M01,Cutting,Night,Noah,256,1.0,7,No,308,0.875,0.02734375,6000,3,New,
2025-05-06,Plant C,M12,Cutting,Morning,Nina,224,1.0,4,No,259,0.875,0.017857142857142856,3000,9,Old,
2025-05-06,Plant C,M13,Assembly,Morning,Leo,220,0.7,3,No,246,0.9125,0.013636363636363636,3000,5,Mid-life,
2025-05-06,Plant C,M14,Assembly,Morning,Zoe,217,0.5,3,No,236,0.9375,0.013824884792626729,3000,3,New,
2025-05-06,Plant C,M15,Packaging,Morning,Nina,272,0.8,4,No,305,0.9,0.014705882352941176,3000,10,Old,
2025-05-06,Plant A,M01,Cutting,Afternoon,Mia,283,1.0,6,No,330,0.875,0.02120141342756184,6000,3,New,
2025-05-06,Plant A,M02,Cutting,Afternoon,Ethan,287,0.7,5,No,325,0.9125,0.017421602787456445,6000,4,New,
2025-05-06,Plant A,M03,Assembly,Afternoon,Camille,223,1.8,6,No,300,0.775,0.026905829596412557,6000,11,Old,
2025-05-06,Plant A,M04,Packaging,Night,Noah,250,1.5,7,No,325,0.8125,0.028,6000,5,Mid-life,
2025-05-06,Plant A,M05,Packaging,Night,Chloe,270,1.2,7,No,335,0.85,0.025925925925925925,6000,6,Mid-life,
2025-05-06,Plant B,M06,Cutting,Night,Lina,209,1.4,6,No,273,0.825,0.028708133971291867,4200,7,Mid-life,
2025-05-07,Plant A,M01,Cutting,Morning,Liam,319,0.7,4,No,361,0.9125,0.012539184952978056,6000,3,New,
2025-05-07,Plant A,M02,Cutting,Morning,Sofia,313,0.7,4,No,348,0.9125,0.012779552715654952,6000,4,New,
2025-05-07,Plant A,M03,Assembly,Morning,Hugo,272,1.0,5,No,318,0.875,0.01838235294117647,6000,11,Old,
2025-05-07,Plant A,M04,Packaging,Morning,Liam,333,0.8,4,No,377,0.9,0.012012012012012012,6000,5,Mid-life,
2025-05-07,Plant A,M05,Packaging,Afternoon,Ethan,315,1.1,7,No,375,0.8625,0.022222222222222223,6000,6,Mid-life,
2025-05-07,Plant B,M06,Cutting,Afternoon,Nathan,247,1.1,5,No,294,0.8625,0.020242914979757085,4200,7,Mid-life,
2025-05-07,Plant B,M07,Assembly,Afternoon,Ella,202,1.7,6,No,266,0.7875,0.0297029702970297,4200,12,Old,
2025-05-07,Plant B,M08,Assembly,Night,Harper,197,1.3,6,No,250,0.8375,0.030456852791878174,4200,4,New,
2025-05-07,Plant B,M09,Packaging,Night,Lina,238,1.3,6,No,298,0.8375,0.025210084033613446,4200,8,Mid-life,
2025-05-08,Plant A,M05,Packaging,Morning,Sofia,361,0.7,4,No,398,0.9125,0.0110803324099723,6000,6,Mid-life,
2025-05-08,Plant B,M06,Cutting,Morning,Emma,294,0.4,4,No,319,0.95,0.013605442176870748,4200,7,Mid-life,
2025-05-08,Plant B,M07,Assembly,Morning,Ava,226,1.7,5,No,292,0.7875,0.022123893805309734,4200,12,Old,
2025-05-08,Plant B,M08,Assembly,Morning,Lucas,253,0.8,3,No,287,0.9,0.011857707509881422,4200,4,New,
2025-05-08,Plant B,M09,Packaging,Afternoon,Nathan,264,1.2,5,No,316,0.85,0.01893939393939394,4200,8,Mid-life,
2025-05-08,Plant B,M10,Packaging,Afternoon,Ella,276,1.2,6,No,335,0.85,0.021739130434782608,4200,6,Mid-life,
2025-05-08,Plant C,M11,Cutting,Afternoon,Aria,187,1.8,4,No,247,0.775,0.0213903743315508,3000,2,New,
2025-05-08,Plant C,M12,Cutting,Night,Sami,163,1.9,5,No,221,0.7625,0.03067484662576687,3000,9,Old,
2025-05-08,Plant C,M13,Assembly,Night,Jack,168,1.5,5,No,216,0.8125,0.02976190476190476,3000,5,Mid-life,
2025-05-09,Plant B,M09,Packaging,Morning,Emma,308,0.6,4,No,338,0.925,0.012987012987012988,4200,8,Mid-life,
2025-05-09,Plant B,M10,Packaging,Morning,Ava,304,1.1,4,No,358,0.8625,0.013157894736842105,4200,6,Mid-life,
2025-05-09,Plant C,M11,Cutting,Morning,Zoe,227,1.0,3,No,265,0.875,0.013215859030837005,3000,2,New,
2025-05-09,Plant C,M12,Cutting,Morning,Nina,230,0.7,3,No,256,0.9125,0.013043478260869565,3000,9,Old,
2025-05-09,Plant C,M13,Assembly,Afternoon,Owen,179,1.6,4,No,228,0.8,0.0223463687150838,3000,5,Mid-life,
2025-05-09,Plant C,M14,Assembly,Afternoon,Aria,171,1.3,4,No,213,0.8375,0.023391812865497075,3000,3,New,
2025-05-09,Plant C,M15,Packaging,Afternoon,Mila,226,1.3,4,No,283,0.8375,0.017699115044247787,3000,10,Old,
2025-05-09,Plant A,M01,Cutting,Night,Noah,242,1.4,7,No,300,0.825,0.028925619834710745,6000,3,New,
2025-05-09,Plant A,M02,Cutting,Night,Chloe,221,1.6,6,No,286,0.8,0.027149321266968326,6000,4,New,
2025-05-09,Plant A,M03,Assembly,Night,Lucas,189,2.2,6,No,271,0.725,0.031746031746031744,6000,11,Old,
2025-05-12,Plant C,M13,Assembly,Morning,Leo,226,0.4,4,No,242,0.95,0.017699115044247787,3000,5,Mid-life,
2025-05-12,Plant C,M14,Assembly,Morning,Zoe,206,0.8,3,No,230,0.9,0.014563106796116505,3000,3,New,
2025-05-12,Plant C,M15,Packaging,Morning,Nina,265,1.0,4,No,303,0.875,0.01509433962264151,3000,10,Old,
2025-05-12,Plant A,M01,Cutting,Morning,Liam,321,0.6,3,No,353,0.925,0.009345794392523364,6000,3,New,
2025-05-12,Plant A,M02,Cutting,Afternoon,Ethan,264,1.0,5,No,310,0.875,0.01893939393939394,6000,4,New,
2025-05-12,Plant A,M03,Assembly,Afternoon,Camille,217,1.9,6,No,290,0.7625,0.027649769585253458,6000,11,Old,
2025-05-12,Plant A,M04,Packaging,Afternoon,Mia,296,1.0,6,No,343,0.875,0.02027027027027027,6000,5,Mid-life,
2025-05-12,Plant A,M05,Packaging,Night,Chloe,266,1.4,7,No,331,0.825,0.02631578947368421,6000,6,Mid-life,
2025-05-12,Plant B,M06,Cutting,Night,Lina,204,1.5,6,No,266,0.8125,0.029411764705882353,4200,7,Mid-life,
2025-05-13,Plant A,M02,Cutting,Morning,Sofia,316,0.5,4,No,338,0.9375,0.012658227848101266,6000,4,New,
2025-05-13,Plant A,M03,Assembly,Morning,Hugo,257,1.4,5,No,317,0.825,0.019455252918287938,6000,11,Old,
2025-05-13,Plant A,M04,Packaging,Morning,Liam,347,0.5,4,No,376,0.9375,0.011527377521613832,6000,5,Mid-life,
2025-05-13,Plant A,M05,Packaging,Morning,Sofia,369,0.5,5,No,392,0.9375,0.013550135501355014,6000,6,Mid-life,
2025-05-13,Plant B,M06,Cutting,Afternoon,Nathan,249,0.8,6,No,286,0.9,0.024096385542168676,4200,7,Mid-life,
2025-05-13,Plant B,M07,Assembly,Afternoon,Ella,183,2.3,6,No,263,0.7125,0.03278688524590164,4200,12,Old,
2025-05-13,Plant B,M08,Assembly,Afternoon,Mason,214,1.4,5,No,268,0.825,0.02336448598130841,4200,4,New,
2025-05-13,Plant B,M09,Packaging,Night,Lina,224,1.5,6,No,288,0.8125,0.026785714285714284,4200,8,Mid-life,
2025-05-13,Plant B,M10,Packaging,Night,James,238,1.4,7,No,305,0.825,0.029411764705882353,4200,6,Mid-life,
2025-05-14,Plant B,M06,Cutting,Morning,Emma,294,0.6,4,No,321,0.925,0.013605442176870748,4200,7,Mid-life,
2025-05-14,Plant B,M07,Assembly,Morning,Ava,210,1.8,5,No,281,0.775,0.023809523809523808,4200,12,Old,
2025-05-14,Plant B,M08,Assembly,Morning,Lucas,266,0.7,4,No,295,0.9125,0.015037593984962405,4200,4,New,
2025-05-14,Plant B,M09,Packaging,Morning,Emma,296,0.9,4,No,338,0.8875,0.013513513513513514,4200,8,Mid-life,
2025-05-14,Plant B,M10,Packaging,Afternoon,Ella,270,1.4,6,No,331,0.825,0.022222222222222223,4200,6,Mid-life,
2025-05-14,Plant C,M11,Cutting,Afternoon,Aria,203,1.3,5,No,247,0.8375,0.024630541871921183,3000,2,New,
2025-05-14,Plant C,M12,Cutting,Afternoon,Mila,196,1.3,4,No,241,0.8375,0.02040816326530612,3000,9,Old,
2025-05-14,Plant C,M13,Assembly,Night,Jack,156,1.6,5,No,204,0.8,0.03205128205128205,3000,5,Mid-life,
2025-05-14,Plant C,M14,Assembly,Night,Mila,153,1.7,5,No,198,0.7875,0.032679738562091505,3000,3,New,
2025-05-14,Plant C,M15,Packaging,Night,Sami,206,1.6,6,No,263,0.8,0.02912621359223301,3000,10,Old,
2025-05-15,Plant B,M10,Packaging,Morning,Ava,320,0.6,4,No,354,0.925,0.0125,4200,6,Mid-life,
2025-05-15,Plant C,M11,Cutting,Morning,Zoe,231,1.2,3,No,274,0.85,0.012987012987012988,3000,2,New,
2025-05-15,Plant C,M12,Cutting,Morning,Nina,235,0.7,3,No,263,0.9125,0.01276595744680851,3000,9,Old,
2025-05-15,Plant C,M13,Assembly,Morning,Leo,218,1.1,3,No,249,0.8625,0.013761467889908258,3000,5,Mid-life,
2025-05-15,Plant C,M14,Assembly,Afternoon,Aria,183,1.3,4,No,223,0.8375,0.02185792349726776,3000,3,New,
2025-05-15,Plant C,M15,Packaging,Afternoon,Mila,230,1.4,5,No,288,0.825,0.021739130434782608,3000,10,Old,
2025-05-15,Plant A,M01,Cutting,Afternoon,Mia,282,0.9,4,No,330,0.8875,0.014184397163120567,6000,3,New,
2025-05-15,Plant A,M02,Cutting,Night,Chloe,226,1.6,6,No,298,0.8,0.02654867256637168,6000,4,New,
2025-05-15,Plant A,M03,Assembly,Night,Lucas,190,2.1,6,No,272,0.7375,0.031578947368421054,6000,11,Old,
2025-05-16,Plant C,M14,Assembly,Morning,Zoe,213,0.8,3,No,235,0.9,0.014084507042253521,3000,3,New,
2025-05-16,Plant C,M15,Packaging,Morning,Nina,253,1.1,4,No,296,0.8625,0.015810276679841896,3000,10,Old,
2025-05-16,Plant A,M01,Cutting,Morning,Liam,331,0.5,4,No,359,0.9375,0.012084592145015106,6000,3,New,
2025-05-16,Plant A,M02,Cutting,Morning,Sofia,309,0.6,4,No,334,0.925,0.012944983818770227,6000,4,New,
2025-05-16,Plant A,M03,Assembly,Afternoon,Camille,234,1.4,6,No,287,0.825,0.02564102564102564,6000,11,Old,
2025-05-16,Plant A,M04,Packaging,Afternoon,Mia,283,1.0,6,No,340,0.875,0.02120141342756184,6000,5,Mid-life,
2025-05-16,Plant A,M05,Packaging,Afternoon,Ethan,296,1.3,6,No,364,0.8375,0.02027027027027027,6000,6,Mid-life,
2025-05-16,Plant B,M06,Cutting,Night,Lina,206,1.6,6,No,267,0.8,0.02912621359223301,4200,7,Mid-life,
2025-05-16,Plant B,M07,Assembly,Night,James,169,2.3,7,No,242,0.7125,0.04142011834319527,4200,12,Old,
2025-05-19,Plant A,M03,Assembly,Morning,Hugo,258,1.3,5,No,311,0.8375,0.01937984496124031,6000,11,Old,
2025-05-19,Plant A,M04,Packaging,Morning,Liam,327,0.6,4,No,366,0.925,0.012232415902140673,6000,5,Mid-life,
2025-05-19,Plant A,M05,Packaging,Morning,Sofia,366,0.3,5,No,385,0.9625,0.01366120218579235,6000,6,Mid-life,
2025-05-19,Plant B,M06,Cutting,Morning,Emma,267,0.8,3,No,309,0.9,0.011235955056179775,4200,7,Mid-life,
2025-05-19,Plant B,M07,Assembly,Afternoon,Ella,125,3.9,5,Yes,266,0.5125,0.04,4200,12,Old,
2025-05-19,Plant B,M08,Assembly,Afternoon,Mason,221,1.2,4,No,269,0.85,0.01809954751131222,4200,4,New,
2025-05-19,Plant B,M09,Packaging,Afternoon,Nathan,267,0.9,6,No,309,0.8875,0.02247191011235955,4200,8,Mid-life,
2025-05-19,Plant B,M10,Packaging,Night,James,231,1.6,6,No,303,0.8,0.025974025974025976,4200,6,Mid-life,
2025-05-19,Plant C,M11,Cutting,Night,Mila,162,1.8,5,No,221,0.775,0.030864197530864196,3000,2,New,
2025-05-20,Plant B,M07,Assembly,Morning,Ava,175,2.6,6,No,282,0.675,0.03428571428571429,4200,12,Old,
2025-05-20,Plant B,M08,Assembly,Morning,Lucas,261,0.6,4,No,289,0.925,0.01532567049808429,4200,4,New,
2025-05-20,Plant B,M09,Packaging,Morning,Emma,305,0.7,4,No,337,0.9125,0.013114754098360656,4200,8,Mid-life,
2025-05-20,Plant B,M10,Packaging,Morning,Ava,315,0.8,4,No,352,0.9,0.012698412698412698,4200,6,Mid-life,
2025-05-20,Plant C,M11,Cutting,Afternoon,Aria,210,1.0,5,No,250,0.875,0.023809523809523808,3000,2,New,
2025-05-20,Plant C,M12,Cutting,Afternoon,Mila,193,1.3,4,No,237,0.8375,0.02072538860103627,3000,9,Old,
2025-05-20,Plant C,M13,Assembly,Afternoon,Owen,185,1.4,4,No,229,0.825,0.021621621621621623,3000,5,Mid-life,
2025-05-20,Plant C,M14,Assembly,Night,Mila,159,1.6,5,No,206,0.8,0.031446540880503145,3000,3,New,
2025-05-20,Plant C,M15,Packaging,Night,Sami,208,1.4,7,No,262,0.825,0.03365384615384615,3000,10,Old,
2025-05-20,Plant A,M01,Cutting,Night,Noah,243,1.3,6,No,306,0.8375,0.024691358024691357,6000,3,New,
2025-05-21,Plant C,M11,Cutting,Morning,Zoe,248,0.7,3,No,277,0.9125,0.012096774193548387,3000,2,New,
2025-05-21,Plant C,M12,Cutting,Morning,Nina,235,0.5,5,No,253,0.9375,0.02127659574468085,3000,9,Old,
2025-05-21,Plant C,M13,Assembly,Morning,Leo,228,0.5,3,No,244,0.9375,0.013157894736842105,3000,5,Mid-life,
2025-05-21,Plant C,M14,Assembly,Morning,Zoe,212,0.8,3,No,241,0.9,0.014150943396226415,3000,3,New,
2025-05-21,Plant C,M15,Packaging,Afternoon,Mila,236,1.2,5,No,288,0.85,0.0211864406779661,3000,10,Old,
2025-05-21,Plant A,M01,Cutting,Afternoon,Mia,271,1.1,5,No,331,0.8625,0.01845018450184502,6000,3,New,
2025-05-21,Plant A,M02,Cutting,Afternoon,Ethan,274,1.1,5,No,325,0.8625,0.01824817518248175,6000,4,New,
2025-05-21,Plant A,M03,Assembly,Night,Lucas,196,2.2,7,No,281,0.725,0.03571428571428571,6000,11,Old,
2025-05-21,Plant A,M04,Packaging,Night,Noah,257,1.3,7,No,327,0.8375,0.027237354085603113,6000,5,Mid-life,
2025-05-22,Plant C,M15,Packaging,Morning,Nina,261,1.0,4,No,306,0.875,0.01532567049808429,3000,10,Old,
2025-05-22,Plant A,M01,Cutting,Morning,Liam,320,0.6,4,No,360,0.925,0.0125,6000,3,New,
2025-05-22,Plant A,M02,Cutting,Morning,Sofia,320,0.4,5,No,336,0.95,0.015625,6000,4,New,
2025-05-22,Plant A,M03,Assembly,Morning,Hugo,258,1.3,6,No,313,0.8375,0.023255813953488372,6000,11,Old,
2025-05-22,Plant A,M04,Packaging,Afternoon,Mia,298,1.0,5,No,345,0.875,0.016778523489932886,6000,5,Mid-life,
2025-05-22,Plant A,M05,Packaging,Afternoon,Ethan,325,0.8,5,No,373,0.9,0.015384615384615385,6000,6,Mid-life,
2025-05-22,Plant B,M06,Cutting,Afternoon,Nathan,233,1.3,5,No,287,0.8375,0.02145922746781116,4200,7,Mid-life,
2025-05-22,Plant B,M07,Assembly,Night,James,165,2.3,7,No,241,0.7125,0.04242424242424243,4200,12,Old,
2025-05-22,Plant B,M08,Assembly,Night,Harper,194,1.3,6,No,242,0.8375,0.030927835051546393,4200,4,New,
2025-05-23,Plant A,M04,Packaging,Morning,Liam,332,0.7,4,No,371,0.9125,0.012048192771084338,6000,5,Mid-life,
2025-05-23,Plant A,M05,Packaging,Morning,Sofia,340,0.9,4,No,393,0.8875,0.011764705882352941,6000,6,Mid-life,
2025-05-23,Plant B,M06,Cutting,Morning,Emma,267,1.0,4,No,311,0.875,0.0149812734082397,4200,7,Mid-life,
2025-05-23,Plant B,M07,Assembly,Morning,Ava,225,1.6,5,No,286,0.8,0.022222222222222223,4200,12,Old,
2025-05-23,Plant B,M08,Assembly,Afternoon,Mason,216,1.4,5,No,269,0.825,0.023148148148148147,4200,4,New,
2025-05-23,Plant B,M09,Packaging,Afternoon,Nathan,267,1.0,5,No,307,0.875,0.018726591760299626,4200,8,Mid-life,
2025-05-23,Plant B,M10,Packaging,Afternoon,Ella,259,1.4,6,No,322,0.825,0.023166023166023165,4200,6,Mid-life,
2025-05-23,Plant C,M11,Cutting,Night,Mila,179,1.4,5,No,228,0.825,0.027932960893854747,3000,2,New,
2025-05-23,Plant C,M12,Cutting,Night,Sami,169,1.6,5,No,216,0.8,0.029585798816568046,3000,9,Old,
2025-05-23,Plant C,M13,Assembly,Night,Jack,159,1.5,5,No,198,0.8125,0.031446540880503145,3000,5,Mid-life,
2025-05-26,Plant B,M08,Assembly,Morning,Lucas,247,0.9,3,No,285,0.8875,0.012145748987854251,4200,4,New,
2025-05-26,Plant B,M09,Packaging,Morning,Emma,287,0.8,4,No,331,0.9,0.013937282229965157,4200,8,Mid-life,
2025-05-26,Plant B,M10,Packaging,Morning,Ava,313,0.7,4,No,347,0.9125,0.012779552715654952,4200,6,Mid-life,
2025-05-26,Plant C,M11,Cutting,Morning,Zoe,248,0.6,3,No,267,0.925,0.012096774193548387,3000,2,New,
2025-05-26,Plant C,M12,Cutting,Afternoon,Mila,188,1.3,4,No,227,0.8375,0.02127659574468085,3000,9,Old,
2025-05-26,Plant C,M13,Assembly,Afternoon,Owen,180,1.3,4,No,225,0.8375,0.022222222222222223,3000,5,Mid-life,
2025-05-26,Plant C,M14,Assembly,Afternoon,Aria,178,1.0,3,No,209,0.875,0.016853932584269662,3000,3,New,
2025-05-26,Plant C,M15,Packaging,Night,Sami,207,1.3,6,No,258,0.8375,0.028985507246376812,3000,10,Old,
2025-05-26,Plant A,M01,Cutting,Night,Noah,246,1.4,6,No,308,0.825,0.024390243902439025,6000,3,New,
2025-05-27,Plant C,M12,Cutting,Morning,Nina,231,0.6,3,No,255,0.925,0.012987012987012988,3000,9,Old,
2025-05-27,Plant C,M13,Assembly,Morning,Leo,217,0.6,2,No,242,0.925,0.009216589861751152,3000,5,Mid-life,
2025-05-27,Plant C,M14,Assembly,Morning,Zoe,195,1.0,3,No,231,0.875,0.015384615384615385,3000,3,New,
2025-05-27,Plant C,M15,Packaging,Morning,Nina,282,0.7,5,No,312,0.9125,0.01773049645390071,3000,10,Old,
2025-05-27,Plant A,M01,Cutting,Afternoon,Mia,297,0.7,5,No,337,0.9125,0.016835016835016835,6000,3,New,
2025-05-27,Plant A,M02,Cutting,Afternoon,Ethan,288,0.7,5,No,330,0.9125,0.017361111111111112,6000,4,New,
2025-05-27,Plant A,M03,Assembly,Afternoon,Camille,218,2.0,6,No,291,0.75,0.027522935779816515,6000,11,Old,
2025-05-27,Plant A,M04,Packaging,Night,Noah,268,0.9,7,No,317,0.8875,0.026119402985074626,6000,5,Mid-life,
2025-05-27,Plant A,M05,Packaging,Night,Chloe,270,1.4,7,No,341,0.825,0.025925925925925925,6000,6,Mid-life,
2025-05-28,Plant A,M01,Cutting,Morning,Liam,342,0.4,4,No,363,0.95,0.011695906432748537,6000,3,New,
2025-05-28,Plant A,M02,Cutting,Morning,Sofia,307,0.8,3,No,352,0.9,0.009771986970684038,6000,4,New,
2025-05-28,Plant A,M03,Assembly,Morning,Hugo,275,1.1,5,No,321,0.8625,0.01818181818181818,6000,11,Old,
2025-05-28,Plant A,M04,Packaging,Morning,Liam,346,0.7,5,No,384,0.9125,0.014450867052023121,6000,5,Mid-life,
2025-05-28,Plant A,M05,Packaging,Afternoon,Ethan,322,1.1,6,No,378,0.8625,0.018633540372670808,6000,6,Mid-life,
2025-05-28,Plant B,M06,Cutting,Afternoon,Nathan,253,1.0,6,No,295,0.875,0.023715415019762844,4200,7,Mid-life,
2025-05-28,Plant B,M07,Assembly,Afternoon,Ella,181,2.3,6,No,268,0.7125,0.03314917127071823,4200,12,Old,
2025-05-28,Plant B,M08,Assembly,Night,Harper,211,1.3,6,No,256,0.8375,0.02843601895734597,4200,4,New,
2025-05-28,Plant B,M09,Packaging,Night,Lina,222,1.5,6,No,294,0.8125,0.02702702702702703,4200,8,Mid-life,
2025-05-28,Plant B,M10,Packaging,Night,James,248,1.3,8,No,313,0.8375,0.03225806451612903,4200,6,Mid-life,
2025-05-29,Plant A,M05,Packaging,Morning,Sofia,359,0.8,4,No,407,0.9,0.011142061281337047,6000,6,Mid-life,
2025-05-29,Plant B,M06,Cutting,Morning,Emma,285,0.5,4,No,313,0.9375,0.014035087719298246,4200,7,Mid-life,
2025-05-29,Plant B,M07,Assembly,Morning,Ava,233,1.3,6,No,282,0.8375,0.02575107296137339,4200,12,Old,
2025-05-29,Plant B,M08,Assembly,Morning,Lucas,277,0.6,4,No,303,0.925,0.01444043321299639,4200,4,New,
2025-05-29,Plant B,M09,Packaging,Afternoon,Nathan,259,1.3,5,No,316,0.8375,0.019305019305019305,4200,8,Mid-life,
2025-05-29,Plant B,M10,Packaging,Afternoon,Ella,271,1.1,5,No,330,0.8625,0.01845018450184502,4200,6,Mid-life,
2025-05-29,Plant C,M11,Cutting,Afternoon,Aria,213,1.0,5,No,250,0.875,0.023474178403755867,3000,2,New,
2025-05-29,Plant C,M12,Cutting,Night,Sami,163,1.6,5,No,216,0.8,0.03067484662576687,3000,9,Old,
2025-05-29,Plant C,M13,Assembly,Night,Jack,156,1.7,5,No,209,0.7875,0.03205128205128205,3000,5,Mid-life,
2025-05-30,Plant B,M09,Packaging,Morning,Emma,303,0.6,4,No,338,0.925,0.013201320132013201,4200,8,Mid-life,
2025-05-30,Plant B,M10,Packaging,Morning,Ava,325,0.8,5,No,357,0.9,0.015384615384615385,4200,6,Mid-life,
2025-05-30,Plant C,M11,Cutting,Morning,Zoe,242,0.7,3,No,268,0.9125,0.012396694214876033,3000,2,New,
2025-05-30,Plant C,M12,Cutting,Morning,Nina,227,0.9,4,No,259,0.8875,0.01762114537444934,3000,9,Old,
2025-05-30,Plant C,M13,Assembly,Afternoon,Owen,190,1.3,5,No,234,0.8375,0.02631578947368421,3000,5,Mid-life,
2025-05-30,Plant C,M14,Assembly,Afternoon,Aria,183,1.2,4,No,222,0.85,0.02185792349726776,3000,3,New,
2025-05-30,Plant C,M15,Packaging,Afternoon,Mila,236,1.0,5,No,284,0.875,0.0211864406779661,3000,10,Old,
2025-05-30,Plant A,M01,Cutting,Night,Noah,250,1.2,7,No,305,0.85,0.028,6000,3,New,
2025-05-30,Plant A,M02,Cutting,Night,Chloe,242,1.1,7,No,296,0.8625,0.028925619834710745,6000,4,New,
2025-06-02,Plant C,M13,Assembly,Morning,Leo,229,0.7,4,No,254,0.9125,0.017467248908296942,3000,5,Mid-life,
2025-06-02,Plant C,M14,Assembly,Morning,Zoe,216,0.7,3,No,241,0.9125,0.013888888888888888,3000,3,New,
2025-06-02,Plant C,M15,Packaging,Morning,Nina,273,0.8,4,No,313,0.9,0.014652014652014652,3000,10,Old,
2025-06-02,Plant A,M01,Cutting,Morning,Liam,334,0.6,4,No,369,0.925,0.011976047904191617,6000,3,New,
2025-06-02,Plant A,M02,Cutting,Afternoon,Ethan,272,1.2,5,No,330,0.85,0.01838235294117647,6000,4,New,
2025-06-02,Plant A,M03,Assembly,Afternoon,Camille,230,1.8,6,No,304,0.775,0.02608695652173913,6000,11,Old,
2025-06-02,Plant A,M04,Packaging,Afternoon,Mia,297,1.2,6,No,361,0.85,0.020202020202020204,6000,5,Mid-life,
2025-06-02,Plant A,M05,Packaging,Night,Chloe,288,1.2,8,No,358,0.85,0.027777777777777776,6000,6,Mid-life,
2025-06-02,Plant B,M06,Cutting,Night,Lina,224,1.3,6,No,280,0.8375,0.026785714285714284,4200,7,Mid-life,
2025-06-03,Plant A,M02,Cutting,Morning,Sofia,322,0.6,4,No,354,0.925,0.012422360248447204,6000,4,New,
2025-06-03,Plant A,M03,Assembly,Morning,Hugo,288,1.1,4,No,342,0.8625,0.013888888888888888,6000,11,Old,
2025-06-03,Plant A,M04,Packaging,Morning,Liam,355,0.6,5,No,392,0.925,0.014084507042253521,6000,5,Mid-life,
2025-06-03,Plant A,M05,Packaging,Morning,Sofia,379,0.7,5,No,424,0.9125,0.013192612137203167,6000,6,Mid-life,
2025-06-03,Plant B,M06,Cutting,Afternoon,Nathan,256,1.0,5,No,308,0.875,0.01953125,4200,7,Mid-life,
2025-06-03,Plant B,M07,Assembly,Afternoon,Ella,188,2.5,6,No,282,0.6875,0.031914893617021274,4200,12,Old,
2025-06-03,Plant B,M08,Assembly,Afternoon,Mason,226,1.3,5,No,284,0.8375,0.022123893805309734,4200,4,New,
2025-06-03,Plant B,M09,Packaging,Night,Lina,241,1.5,7,No,311,0.8125,0.029045643153526972,4200,8,Mid-life,
2025-06-03,Plant B,M10,Packaging,Night,James,264,1.3,7,No,322,0.8375,0.026515151515151516,4200,6,Mid-life,
2025-06-03,Plant C,M11,Cutting,Night,Mila,210,1.0,7,No,247,0.875,0.03333333333333333,3000,2,New,
2025-06-04,Plant B,M06,Cutting,Morning,Emma,300,0.8,4,No,336,0.9,0.013333333333333334,4200,7,Mid-life,
2025-06-04,Plant B,M07,Assembly,Morning,Ava,243,1.5,6,No,306,0.8125,0.024691358024691357,4200,12,Old,
2025-06-04,Plant B,M08,Assembly,Morning,Lucas,287,0.6,4,No,318,0.925,0.013937282229965157,4200,4,New,
2025-06-04,Plant B,M09,Packaging,Morning,Emma,334,0.6,5,No,365,0.925,0.014970059880239521,4200,8,Mid-life,
2025-06-04,Plant B,M10,Packaging,Afternoon,Ella,280,1.4,6,No,351,0.825,0.02142857142857143,4200,6,Mid-life,
2025-06-04,Plant C,M11,Cutting,Afternoon,Aria,209,1.4,5,No,264,0.825,0.023923444976076555,3000,2,New,
2025-06-04,Plant C,M12,Cutting,Afternoon,Mila,212,1.0,5,No,252,0.875,0.02358490566037736,3000,9,Old,
2025-06-04,Plant C,M13,Assembly,Night,Jack,178,1.4,5,No,225,0.825,0.028089887640449437,3000,5,Mid-life,
2025-06-04,Plant C,M14,Assembly,Night,Mila,174,1.6,6,No,229,0.8,0.034482758620689655,3000,3,New,
2025-06-05,Plant B,M10,Packaging,Morning,Ava,334,0.8,5,No,368,0.9,0.014970059880239521,4200,6,Mid-life,
2025-06-05,Plant C,M11,Cutting,Morning,Zoe,255,0.7,4,No,279,0.9125,0.01568627450980392,3000,2,New,
2025-06-05,Plant C,M12,Cutting,Morning,Nina,237,0.7,4,No,266,0.9125,0.016877637130801686,3000,9,Old,
2025-06-05,Plant C,M13,Assembly,Morning,Leo,226,1.1,3,No,265,0.8625,0.01327433628318584,3000,5,Mid-life,
2025-06-05,Plant C,M14,Assembly,Afternoon,Aria,178,1.4,4,No,226,0.825,0.02247191011235955,3000,3,New,
2025-06-05,Plant C,M15,Packaging,Afternoon,Mila,252,1.0,5,No,301,0.875,0.01984126984126984,3000,10,Old,
2025-06-05,Plant A,M01,Cutting,Afternoon,Mia,296,1.2,5,No,356,0.85,0.016891891891891893,6000,3,New,
2025-06-05,Plant A,M02,Cutting,Night,Chloe,255,1.1,7,No,311,0.8625,0.027450980392156862,6000,4,New,
2025-06-05,Plant A,M03,Assembly,Night,Lucas,222,1.6,8,No,293,0.8,0.036036036036036036,6000,11,Old,
2025-06-06,Plant C,M14,Assembly,Morning,Zoe,232,0.6,3,No,247,0.925,0.01293103448275862,3000,3,New,
2025-06-06,Plant C,M15,Packaging,Morning,Nina,280,0.9,4,No,322,0.8875,0.014285714285714285,3000,10,Old,
2025-06-06,Plant A,M01,Cutting,Morning,Liam,347,0.8,4,No,387,0.9,0.011527377521613832,6000,3,New,
2025-06-06,Plant A,M02,Cutting,Morning,Sofia,310,0.9,4,No,358,0.8875,0.012903225806451613,6000,4,New,
2025-06-06,Plant A,M03,Assembly,Afternoon,Camille,250,1.3,6,No,306,0.8375,0.024,6000,11,Old,
2025-06-06,Plant A,M04,Packaging,Afternoon,Mia,303,1.2,6,No,358,0.85,0.019801980198019802,6000,5,Mid-life,
2025-06-06,Plant A,M05,Packaging,Afternoon,Ethan,330,1.1,7,No,390,0.8625,0.021212121212121213,6000,6,Mid-life,
2025-06-06,Plant B,M06,Cutting,Night,Lina,224,1.4,7,No,283,0.825,0.03125,4200,7,Mid-life,
2025-06-06,Plant B,M07,Assembly,Night,James,178,2.3,7,No,257,0.7125,0.03932584269662921,4200,12,Old,
2025-06-06,Plant B,M08,Assembly,Night,Harper,197,1.8,6,No,268,0.775,0.030456852791878174,4200,4,New,
2025-06-09,Plant A,M03,Assembly,Morning,Hugo,245,2.0,5,No,336,0.75,0.02040816326530612,6000,11,Old,
2025-06-09,Plant A,M04,Packaging,Morning,Liam,362,0.7,4,No,393,0.9125,0.011049723756906077,6000,5,Mid-life,
2025-06-09,Plant A,M05,Packaging,Morning,Sofia,371,0.9,4,No,421,0.8875,0.01078167115902965,6000,6,Mid-life,
2025-06-09,Plant B,M06,Cutting,Morning,Emma,290,1.0,4,No,334,0.875,0.013793103448275862,4200,7,Mid-life,
2025-06-09,Plant B,M07,Assembly,Afternoon,Ella,203,2.0,6,No,277,0.75,0.029556650246305417,4200,12,Old,
2025-06-09,Plant B,M08,Assembly,Afternoon,Mason,238,1.0,5,No,283,0.875,0.02100840336134454,4200,4,New,
2025-06-09,Plant B,M09,Packaging,Afternoon,Nathan,274,1.2,5,No,330,0.85,0.01824817518248175,4200,8,Mid-life,
2025-06-09,Plant B,M10,Packaging,Night,James,254,1.4,8,No,324,0.825,0.031496062992125984,4200,6,Mid-life,
2025-06-09,Plant C,M11,Cutting,Night,Mila,190,1.3,5,No,235,0.8375,0.02631578947368421,3000,2,New,
2025-06-10,Plant B,M07,Assembly,Morning,Ava,231,1.9,6,No,309,0.7625,0.025974025974025976,4200,12,Old,
2025-06-10,Plant B,M08,Assembly,Morning,Lucas,290,0.7,4,No,319,0.9125,0.013793103448275862,4200,4,New,
2025-06-10,Plant B,M09,Packaging,Morning,Emma,330,0.6,5,No,361,0.925,0.015151515151515152,4200,8,Mid-life,
2025-06-10,Plant B,M10,Packaging,Morning,Ava,344,0.5,5,No,378,0.9375,0.014534883720930232,4200,6,Mid-life,
2025-06-10,Plant C,M11,Cutting,Afternoon,Aria,222,1.3,5,No,275,0.8375,0.02252252252252252,3000,2,New,
2025-06-10,Plant C,M12,Cutting,Afternoon,Mila,208,1.1,5,No,252,0.8625,0.02403846153846154,3000,9,Old,
2025-06-10,Plant C,M13,Assembly,Afternoon,Owen,185,1.4,4,No,233,0.825,0.021621621621621623,3000,5,Mid-life,
2025-06-10,Plant C,M14,Assembly,Night,Mila,174,1.4,5,No,223,0.825,0.028735632183908046,3000,3,New,
2025-06-10,Plant C,M15,Packaging,Night,Sami,218,1.4,6,No,282,0.825,0.027522935779816515,3000,10,Old,
2025-06-11,Plant C,M11,Cutting,Morning,Zoe,265,0.8,4,No,297,0.9,0.01509433962264151,3000,2,New,
2025-06-11,Plant C,M12,Cutting,Morning,Nina,231,1.1,3,No,273,0.8625,0.012987012987012988,3000,9,Old,
2025-06-11,Plant C,M13,Assembly,Morning,Leo,240,0.7,4,No,269,0.9125,0.016666666666666666,3000,5,Mid-life,
2025-06-11,Plant C,M14,Assembly,Morning,Zoe,228,0.9,4,No,254,0.8875,0.017543859649122806,3000,3,New,
2025-06-11,Plant C,M15,Packaging,Afternoon,Mila,241,1.3,5,No,297,0.8375,0.02074688796680498,3000,10,Old,
2025-06-11,Plant A,M01,Cutting,Afternoon,Mia,308,1.0,6,No,363,0.875,0.01948051948051948,6000,3,New,
2025-06-11,Plant A,M02,Cutting,Afternoon,Ethan,312,0.8,5,No,345,0.9,0.016025641025641024,6000,4,New,
2025-06-11,Plant A,M03,Assembly,Night,Lucas,224,1.7,7,No,298,0.7875,0.03125,6000,11,Old,
2025-06-11,Plant A,M04,Packaging,Night,Noah,267,1.6,8,No,347,0.8,0.0299625468164794,6000,5,Mid-life,
2025-06-11,Plant A,M05,Packaging,Night,Chloe,270,1.7,8,No,365,0.7875,0.02962962962962963,6000,6,Mid-life,
2025-06-12,Plant C,M15,Packaging,Morning,Nina,287,0.9,4,No,332,0.8875,0.013937282229965157,3000,10,Old,
2025-06-12,Plant A,M01,Cutting,Morning,Liam,350,0.6,3,No,385,0.925,0.008571428571428572,6000,3,New,
2025-06-12,Plant A,M02,Cutting,Morning,Sofia,340,0.6,4,No,375,0.925,0.011764705882352941,6000,4,New,
2025-06-12,Plant A,M03,Assembly,Morning,Hugo,281,1.2,6,No,345,0.85,0.021352313167259787,6000,11,Old,
2025-06-12,Plant A,M04,Packaging,Afternoon,Mia,315,1.0,6,No,376,0.875,0.01904761904761905,6000,5,Mid-life,
2025-06-12,Plant A,M05,Packaging,Afternoon,Ethan,340,0.8,7,No,393,0.9,0.020588235294117647,6000,6,Mid-life,
2025-06-12,Plant B,M06,Cutting,Afternoon,Nathan,272,1.0,6,No,313,0.875,0.022058823529411766,4200,7,Mid-life,
2025-06-12,Plant B,M07,Assembly,Night,James,178,2.3,7,No,264,0.7125,0.03932584269662921,4200,12,Old,
2025-06-12,Plant B,M08,Assembly,Night,Harper,210,1.6,6,No,276,0.8,0.02857142857142857,4200,4,New,
2025-06-13,Plant A,M04,Packaging,Morning,Liam,378,0.3,4,No,402,0.9625,0.010582010582010581,6000,5,Mid-life,
2025-06-13,Plant A,M05,Packaging,Morning,Sofia,374,0.8,4,No,433,0.9,0.0106951871657754,6000,6,Mid-life,
2025-06-13,Plant B,M06,Cutting,Morning,Emma,300,0.6,5,No,335,0.925,0.016666666666666666,4200,7,Mid-life,
2025-06-13,Plant B,M07,Assembly,Morning,Ava,235,1.7,6,No,305,0.7875,0.02553191489361702,4200,12,Old,
2025-06-13,Plant B,M08,Assembly,Afternoon,Mason,245,1.1,4,No,291,0.8625,0.0163265306122449,4200,4,New,
2025-06-13,Plant B,M09,Packaging,Afternoon,Nathan,287,1.2,5,No,343,0.85,0.017421602787456445,4200,8,Mid-life,
2025-06-13,Plant B,M10,Packaging,Afternoon,Ella,301,0.9,6,No,348,0.8875,0.019933554817275746,4200,6,Mid-life,
2025-06-13,Plant C,M11,Cutting,Night,Mila,194,1.3,6,No,246,0.8375,0.030927835051546393,3000,2,New,
2025-06-13,Plant C,M12,Cutting,Night,Sami,186,1.4,6,No,232,0.825,0.03225806451612903,3000,9,Old,
2025-06-16,Plant B,M08,Assembly,Morning,Lucas,286,0.7,4,No,317,0.9125,0.013986013986013986,4200,4,New,
2025-06-16,Plant B,M09,Packaging,Morning,Emma,304,1.0,5,No,353,0.875,0.01644736842105263,4200,8,Mid-life,
2025-06-16,Plant B,M10,Packaging,Morning,Ava,331,0.7,5,No,372,0.9125,0.015105740181268883,4200,6,Mid-life,
2025-06-16,Plant C,M11,Cutting,Morning,Zoe,255,0.9,4,No,287,0.8875,0.01568627450980392,3000,2,New,
2025-06-16,Plant C,M12,Cutting,Afternoon,Mila,217,0.9,4,No,254,0.8875,0.018433179723502304,3000,9,Old,
2025-06-16,Plant C,M13,Assembly,Afternoon,Owen,195,1.3,4,No,244,0.8375,0.020512820512820513,3000,5,Mid-life,
2025-06-16,Plant C,M14,Assembly,Afternoon,Aria,182,1.2,4,No,225,0.85,0.02197802197802198,3000,3,New,
2025-06-16,Plant C,M15,Packaging,Night,Sami,205,1.9,6,No,279,0.7625,0.02926829268292683,3000,10,Old,
2025-06-16,Plant A,M01,Cutting,Night,Noah,273,1.0,7,No,331,0.875,0.02564102564102564,6000,3,New,
2025-06-17,Plant C,M12,Cutting,Morning,Nina,234,0.8,4,No,267,0.9,0.017094017094017096,3000,9,Old,
2025-06-17,Plant C,M13,Assembly,Morning,Leo,228,0.9,4,No,261,0.8875,0.017543859649122806,3000,5,Mid-life,
2025-06-17,Plant C,M14,Assembly,Morning,Zoe,228,0.7,3,No,254,0.9125,0.013157894736842105,3000,3,New,
2025-06-17,Plant C,M15,Packaging,Morning,Nina,298,0.9,4,No,331,0.8875,0.013422818791946308,3000,10,Old,
2025-06-17,Plant A,M01,Cutting,Afternoon,Mia,312,0.9,6,No,361,0.8875,0.019230769230769232,6000,3,New,
2025-06-17,Plant A,M02,Cutting,Afternoon,Ethan,284,1.2,6,No,347,0.85,0.02112676056338028,6000,4,New,
2025-06-17,Plant A,M03,Assembly,Afternoon,Camille,247,1.7,7,No,324,0.7875,0.02834008097165992,6000,11,Old,
2025-06-17,Plant A,M04,Packaging,Night,Noah,269,1.4,8,No,345,0.825,0.02973977695167286,6000,5,Mid-life,
2025-06-17,Plant A,M05,Packaging,Night,Chloe,306,1.2,8,No,375,0.85,0.026143790849673203,6000,6,Mid-life,
2025-06-17,Plant B,M06,Cutting,Night,Lina,223,1.6,7,No,291,0.8,0.03139013452914798,4200,7,Mid-life,
2025-06-18,Plant A,M01,Cutting,Morning,Liam,355,0.7,4,No,394,0.9125,0.011267605633802818,6000,3,New,
2025-06-18,Plant A,M02,Cutting,Morning,Sofia,319,1.0,4,No,375,0.875,0.012539184952978056,6000,4,New,
2025-06-18,Plant A,M03,Assembly,Morning,Hugo,268,1.7,5,No,349,0.7875,0.018656716417910446,6000,11,Old,
2025-06-18,Plant A,M04,Packaging,Morning,Liam,359,0.7,4,No,406,0.9125,0.011142061281337047,6000,5,Mid-life,
2025-06-18,Plant A,M05,Packaging,Afternoon,Ethan,331,1.1,5,No,398,0.8625,0.015105740181268883,6000,6,Mid-life,
2025-06-18,Plant B,M06,Cutting,Afternoon,Nathan,283,0.9,5,No,325,0.8875,0.0176678445229682,4200,7,Mid-life,
2025-06-18,Plant B,M07,Assembly,Afternoon,Ella,206,2.2,6,No,296,0.725,0.02912621359223301,4200,12,Old,
2025-06-18,Plant B,M08,Assembly,Night,Harper,220,1.4,7,No,280,0.825,0.031818181818181815,4200,4,New,
2025-06-18,Plant B,M09,Packaging,Night,Lina,249,1.5,8,No,317,0.8125,0.0321285140562249,4200,8,Mid-life,
2025-06-19,Plant A,M05,Packaging,Morning,Sofia,386,0.6,4,No,433,0.925,0.010362694300518135,6000,6,Mid-life,
2025-06-19,Plant B,M06,Cutting,Morning,Emma,309,0.7,5,No,343,0.9125,0.016181229773462782,4200,7,Mid-life,
2025-06-19,Plant B,M07,Assembly,Morning,Ava,240,1.6,6,No,304,0.8,0.025,4200,12,Old,
2025-06-19,Plant B,M08,Assembly,Morning,Lucas,282,1.0,5,No,326,0.875,0.01773049645390071,4200,4,New,
2025-06-19,Plant B,M09,Packaging,Afternoon,Nathan,283,1.1,5,No,337,0.8625,0.0176678445229682,4200,8,Mid-life,
2025-06-19,Plant B,M10,Packaging,Afternoon,Ella,312,0.9,7,No,359,0.8875,0.022435897435897436,4200,6,Mid-life,
2025-06-19,Plant C,M11,Cutting,Afternoon,Aria,235,0.8,5,No,273,0.9,0.02127659574468085,3000,2,New,
2025-06-19,Plant C,M12,Cutting,Night,Sami,202,1.0,6,No,238,0.875,0.0297029702970297,3000,9,Old,
2025-06-19,Plant C,M13,Assembly,Night,Jack,165,1.8,5,No,225,0.775,0.030303030303030304,3000,5,Mid-life,
2025-06-20,Plant B,M09,Packaging,Morning,Emma,318,1.1,5,No,367,0.8625,0.015723270440251572,4200,8,Mid-life,
2025-06-20,Plant B,M10,Packaging,Morning,Ava,331,0.9,5,No,384,0.8875,0.015105740181268883,4200,6,Mid-life,
2025-06-20,Plant C,M11,Cutting,Morning,Zoe,250,0.9,4,No,287,0.8875,0.016,3000,2,New,
2025-06-20,Plant C,M12,Cutting,Morning,Nina,265,0.2,4,No,275,0.975,0.01509433962264151,3000,9,Old,
2025-06-20,Plant C,M13,Assembly,Afternoon,Owen,208,1.2,5,No,247,0.85,0.02403846153846154,3000,5,Mid-life,
2025-06-20,Plant C,M14,Assembly,Afternoon,Aria,188,1.5,4,No,237,0.8125,0.02127659574468085,3000,3,New,
2025-06-20,Plant C,M15,Packaging,Afternoon,Mila,249,1.1,5,No,295,0.8625,0.020080321285140562,3000,10,Old,
2025-06-20,Plant A,M01,Cutting,Night,Noah,273,1.3,7,No,336,0.8375,0.02564102564102564,6000,3,New,
2025-06-20,Plant A,M02,Cutting,Night,Chloe,258,1.4,6,No,321,0.825,0.023255813953488372,6000,4,New,
2025-06-20,Plant A,M03,Assembly,Night,Lucas,208,2.2,7,No,294,0.725,0.03365384615384615,6000,11,Old,
2025-06-23,Plant C,M13,Assembly,Morning,Leo,226,1.0,3,No,260,0.875,0.01327433628318584,3000,5,Mid-life,
2025-06-23,Plant C,M14,Assembly,Morning,Zoe,219,1.1,4,No,252,0.8625,0.0182648401826484,3000,3,New,
2025-06-23,Plant C,M15,Packaging,Morning,Nina,290,0.8,4,No,325,0.9,0.013793103448275862,3000,10,Old,
2025-06-23,Plant A,M01,Cutting,Morning,Liam,365,0.4,4,No,384,0.95,0.010958904109589041,6000,3,New,
2025-06-23,Plant A,M02,Cutting,Afternoon,Ethan,296,1.0,5,No,340,0.875,0.016891891891891893,6000,4,New,
2025-06-23,Plant A,M03,Assembly,Afternoon,Camille,249,1.6,6,No,314,0.8,0.024096385542168676,6000,11,Old,
2025-06-23,Plant A,M04,Packaging,Afternoon,Mia,288,1.6,5,No,368,0.8,0.017361111111111112,6000,5,Mid-life,
2025-06-23,Plant A,M05,Packaging,Night,Chloe,291,1.4,9,No,366,0.825,0.030927835051546393,6000,6,Mid-life,
2025-06-23,Plant B,M06,Cutting,Night,Lina,234,1.3,6,No,290,0.8375,0.02564102564102564,4200,7,Mid-life,
2025-06-24,Plant A,M02,Cutting,Morning,Sofia,345,0.3,4,No,371,0.9625,0.011594202898550725,6000,4,New,
2025-06-24,Plant A,M03,Assembly,Morning,Hugo,275,1.4,4,No,343,0.825,0.014545454545454545,6000,11,Old,
2025-06-24,Plant A,M04,Packaging,Morning,Liam,365,0.6,5,No,404,0.925,0.0136986301369863,6000,5,Mid-life,
2025-06-24,Plant A,M05,Packaging,Morning,Sofia,384,0.8,5,No,433,0.9,0.013020833333333334,6000,6,Mid-life,
2025-06-24,Plant B,M06,Cutting,Afternoon,Nathan,261,1.1,5,No,315,0.8625,0.019157088122605363,4200,7,Mid-life,
2025-06-24,Plant B,M07,Assembly,Afternoon,Ella,218,1.8,7,No,287,0.775,0.03211009174311927,4200,12,Old,
2025-06-24,Plant B,M08,Assembly,Afternoon,Mason,245,1.2,5,No,297,0.85,0.02040816326530612,4200,4,New,
2025-06-24,Plant B,M09,Packaging,Night,Lina,251,1.3,7,No,318,0.8375,0.027888446215139442,4200,8,Mid-life,
2025-06-24,Plant B,M10,Packaging,Night,James,251,1.6,8,No,331,0.8,0.03187250996015936,4200,6,Mid-life,
2025-06-25,Plant B,M06,Cutting,Morning,Emma,305,1.0,5,No,350,0.875,0.01639344262295082,4200,7,Mid-life,
2025-06-25,Plant B,M07,Assembly,Morning,Ava,262,1.1,6,No,310,0.8625,0.022900763358778626,4200,12,Old,
2025-06-25,Plant B,M08,Assembly,Morning,Lucas,293,0.8,4,No,325,0.9,0.013651877133105802,4200,4,New,
2025-06-25,Plant B,M09,Packaging,Morning,Emma,339,0.6,6,No,377,0.925,0.017699115044247787,4200,8,Mid-life,
2025-06-25,Plant B,M10,Packaging,Afternoon,Ella,306,1.0,6,No,363,0.875,0.0196078431372549,4200,6,Mid-life,
2025-06-25,Plant C,M11,Cutting,Afternoon,Aria,231,0.9,5,No,273,0.8875,0.021645021645021644,3000,2,New,
2025-06-25,Plant C,M12,Cutting,Afternoon,Mila,207,1.4,5,No,258,0.825,0.024154589371980676,3000,9,Old,
2025-06-25,Plant C,M13,Assembly,Night,Jack,178,1.5,6,No,229,0.8125,0.033707865168539325,3000,5,Mid-life,
2025-06-25,Plant C,M14,Assembly,Night,Mila,164,1.8,5,No,222,0.775,0.03048780487804878,3000,3,New,
2025-06-25,Plant C,M15,Packaging,Night,Sami,233,1.2,7,No,286,0.85,0.030042918454935622,3000,10,Old,
2025-06-26,Plant B,M10,Packaging,Morning,Ava,343,0.8,4,No,389,0.9,0.011661807580174927,4200,6,Mid-life,
2025-06-26,Plant C,M11,Cutting,Morning,Zoe,257,0.9,4,No,296,0.8875,0.01556420233463035,3000,2,New,
2025-06-26,Plant C,M12,Cutting,Morning,Nina,251,0.7,4,No,274,0.9125,0.01593625498007968,3000,9,Old,
2025-06-26,Plant C,M13,Assembly,Morning,Leo,232,0.9,3,No,265,0.8875,0.01293103448275862,3000,5,Mid-life,
2025-06-26,Plant C,M14,Assembly,Afternoon,Aria,192,1.2,4,No,234,0.85,0.020833333333333332,3000,3,New,
2025-06-26,Plant C,M15,Packaging,Afternoon,Mila,255,1.2,6,No,313,0.85,0.023529411764705882,3000,10,Old,
2025-06-26,Plant A,M01,Cutting,Afternoon,Mia,307,1.0,7,No,363,0.875,0.02280130293159609,6000,3,New,
2025-06-26,Plant A,M02,Cutting,Night,Chloe,255,1.2,6,No,314,0.85,0.023529411764705882,6000,4,New,
2025-06-26,Plant A,M03,Assembly,Night,Lucas,210,2.2,7,No,303,0.725,0.03333333333333333,6000,11,Old,
2025-06-27,Plant C,M14,Assembly,Morning,Zoe,224,0.8,3,No,253,0.9,0.013392857142857142,3000,3,New,
2025-06-27,Plant C,M15,Packaging,Morning,Nina,279,1.0,4,No,329,0.875,0.014336917562724014,3000,10,Old,
2025-06-27,Plant A,M01,Cutting,Morning,Liam,339,0.8,4,No,381,0.9,0.011799410029498525,6000,3,New,
2025-06-27,Plant A,M02,Cutting,Morning,Sofia,313,1.0,4,No,366,0.875,0.012779552715654952,6000,4,New,
2025-06-27,Plant A,M03,Assembly,Afternoon,Camille,254,1.5,7,No,324,0.8125,0.027559055118110236,6000,11,Old,
2025-06-27,Plant A,M04,Packaging,Afternoon,Mia,330,1.1,7,No,387,0.8625,0.021212121212121213,6000,5,Mid-life,
2025-06-27,Plant A,M05,Packaging,Afternoon,Ethan,351,0.9,6,No,402,0.8875,0.017094017094017096,6000,6,Mid-life,
2025-06-27,Plant B,M06,Cutting,Night,Lina,224,1.5,6,No,298,0.8125,0.026785714285714284,4200,7,Mid-life,
2025-06-27,Plant B,M07,Assembly,Night,James,183,2.3,7,No,266,0.7125,0.03825136612021858,4200,12,Old,
2025-06-30,Plant A,M03,Assembly,Morning,Hugo,276,1.3,5,No,335,0.8375,0.018115942028985508,6000,11,Old,
2025-06-30,Plant A,M04,Packaging,Morning,Liam,374,0.5,5,No,404,0.9375,0.013368983957219251,6000,5,Mid-life,
2025-06-30,Plant A,M05,Packaging,Morning,Sofia,393,0.4,6,No,420,0.95,0.015267175572519083,6000,6,Mid-life,
2025-06-30,Plant B,M06,Cutting,Morning,Emma,304,0.4,5,No,338,0.95,0.01644736842105263,4200,7,Mid-life,
2025-06-30,Plant B,M07,Assembly,Afternoon,Ella,193,2.3,6,No,282,0.7125,0.031088082901554404,4200,12,Old,
2025-06-30,Plant B,M08,Assembly,Afternoon,Mason,246,1.1,5,No,295,0.8625,0.02032520325203252,4200,4,New,
2025-06-30,Plant B,M09,Packaging,Afternoon,Nathan,287,1.1,6,No,339,0.8625,0.020905923344947737,4200,8,Mid-life,
2025-06-30,Plant B,M10,Packaging,Night,James,235,1.8,7,No,320,0.775,0.029787234042553193,4200,6,Mid-life,
2025-06-30,Plant C,M11,Cutting,Night,Mila,191,1.5,6,No,247,0.8125,0.031413612565445025,3000,2,New,
